student_id,class_id,attendance_date,status,remarks
c6cdae79-baa1-425e-8345-976e45c84315,210ee57a-12af-415e-8543-73862201a136,2025-09-01,出席,
879205e4-a499-445f-86ab-ff56f3569438,934f3f3a-5ba0-47a0-879a-3158e92416b8,2025-09-01,出席,
ce8c4982-bf08-4213-86f7-99292a8f70ff,934f3f3a-5ba0-47a0-879a-3158e92416b8,2025-09-01,出席,
f4317920-332c-445a-930d-7a5c230051e8,d4ef9fff-d444-4edb-b25a-a77d540824cd,2025-09-02,出席,
3bf0758e-7f75-403c-82eb-a995ef71f447,d4ef9fff-d444-4edb-b25a-a77d540824cd,2025-09-02,出席,
fa7e5572-9889-486d-9ea6-29d17ce33e4f,cf2ed201-b3bf-45cc-ac38-011bd14d1c57,2025-09-05,出席,
b09a62d4-58b0-4ba8-a413-6263a03eec8c,cf2ed201-b3bf-45cc-ac38-011bd14d1c57,2025-09-05,出席,
8b67097c-4edf-4e5a-b370-a2972e4322ef,cf2ed201-b3bf-45cc-ac38-011bd14d1c57,2025-09-05,出席,
fc090614-5e34-4daf-b367-62b79b3ecb57,cf2ed201-b3bf-45cc-ac38-011bd14d1c57,2025-09-05,出席,
ba7d09f2-5167-4418-b5ad-a83d20c67c63,529c3dc8-81dd-44e2-a849-061c93f73d0b,2025-09-07,出席,"[2526出席CSV] 教學紀錄: B/P four arithmetic operations, hw( all even numbers questions)"
02bb5dac-c1fd-43a6-aa6b-0544929c0672,529c3dc8-81dd-44e2-a849-061c93f73d0b,2025-09-07,出席,"[2526出席CSV] 教學紀錄: B/P four arithmetic operations, hw( all even numbers questions)"
813935d3-09f3-4f8c-b633-6a3be4692649,4f7902da-2259-40bf-af6a-87f3aaa40d68,2025-09-07,出席,
96cd39e1-d5c1-4994-b5a9-58e9cddfe5bf,20f8b798-8513-4df7-85f4-bcc36d3e3169,2025-09-07,出席,
373884c8-2e56-4019-a8e7-a9d292fa870b,20f8b798-8513-4df7-85f4-bcc36d3e3169,2025-09-07,出席,
3e92f8a4-49ab-42e9-9687-e6735b26411e,20f8b798-8513-4df7-85f4-bcc36d3e3169,2025-09-07,出席,
029ff376-ea0b-466e-8d78-6b71a4ca6e0e,20f8b798-8513-4df7-85f4-bcc36d3e3169,2025-09-07,出席,
813935d3-09f3-4f8c-b633-6a3be4692649,8e8dfabf-f571-4230-987a-53e717e9614a,2025-09-07,出席,
3bf0758e-7f75-403c-82eb-a995ef71f447,72f4a923-5ac0-4183-bb70-bc64349ff3af,2025-09-07,出席,
17575f59-9a5a-4d56-8e46-b75c6c2ae37c,43c054d8-e240-48f5-b386-c597ae30ca7d,2025-09-07,出席,
b1d2933b-0459-4f85-9e0c-dd9eb0bc403a,43c054d8-e240-48f5-b386-c597ae30ca7d,2025-09-07,出席,
2f2cbe75-b1a6-4235-b2f5-05fc3a752aa6,1aad19f0-38ce-4787-9fbf-fa92d4774e0f,2025-09-07,出席,
a644ff5a-3115-47f4-ade3-7a2fca30897e,1aad19f0-38ce-4787-9fbf-fa92d4774e0f,2025-09-07,出席,
20361dec-731e-4c2f-bf0b-0b8f474361ff,730ca500-137f-4c89-86d1-c835bd0c0273,2025-09-07,出席,
5174ab4c-3cf9-4640-97c8-78dd6f83c44e,730ca500-137f-4c89-86d1-c835bd0c0273,2025-09-07,出席,
108c284f-4f70-4689-a6c3-4af894eb74b4,ca098a4d-5d95-4846-9598-d76f112dd6ea,2025-09-07,出席,[2526出席CSV] 教學紀錄: 山居秋暝背默 完成濠梁之辯
c5ca6855-9331-4e61-af32-2d5dd9cd75cc,ca098a4d-5d95-4846-9598-d76f112dd6ea,2025-09-07,出席,[2526出席CSV] 教學紀錄: 山居秋暝背默 完成濠梁之辯
e937c6a5-9116-44f3-a203-318c48fa6aec,f3f6f42a-90e4-4bf2-b92b-3f12416db9f3,2025-09-07,出席,
a6d7e398-6053-4f3e-87e2-b28508728b8c,aaa3f0f8-bb13-4442-8e4f-27a4327f9f75,2025-09-05,出席,[2526出席CSV] 請堂或補堂紀錄（老師填寫）: 張傲姿請假，以影片補堂，已sd予學生
e850f4ce-0e20-4280-9d14-b5f85b39dcdc,aaa3f0f8-bb13-4442-8e4f-27a4327f9f75,2025-09-05,出席,[2526出席CSV] 請堂或補堂紀錄（老師填寫）: 張傲姿請假，以影片補堂，已sd予學生
6dcc2ca7-06be-4d97-a875-31b8aa348b46,aaa3f0f8-bb13-4442-8e4f-27a4327f9f75,2025-09-05,出席,[2526出席CSV] 請堂或補堂紀錄（老師填寫）: 張傲姿請假，以影片補堂，已sd予學生
40bfa36c-585d-47cd-ba07-effbda547a51,aaa3f0f8-bb13-4442-8e4f-27a4327f9f75,2025-09-05,出席,[2526出席CSV] 請堂或補堂紀錄（老師填寫）: 張傲姿請假，以影片補堂，已sd予學生
915602a6-c807-465f-9d8f-f66f5f070ce9,aaa3f0f8-bb13-4442-8e4f-27a4327f9f75,2025-09-05,出席,[2526出席CSV] 請堂或補堂紀錄（老師填寫）: 張傲姿請假，以影片補堂，已sd予學生
174c983e-7ecf-432d-acc7-c60d0fa48623,aaa3f0f8-bb13-4442-8e4f-27a4327f9f75,2025-09-05,出席,[2526出席CSV] 請堂或補堂紀錄（老師填寫）: 張傲姿請假，以影片補堂，已sd予學生
0b656f33-268d-4d21-a49f-a37818134fa2,4669cf9a-0d02-450a-a0be-3b8907764d56,2025-09-06,出席,
bb8803c5-0b02-47ee-afc6-af3d0240705c,4669cf9a-0d02-450a-a0be-3b8907764d56,2025-09-06,出席,
521bdfcb-74ff-4166-9e6f-5721ac1650f4,4669cf9a-0d02-450a-a0be-3b8907764d56,2025-09-06,出席,
bdf4ef17-29f2-4d92-8ea9-ab06b9e47f1d,43aab94a-c3d2-4647-abbb-244d9ae970aa,2025-09-06,出席,
f11cc305-e7d8-4296-a524-421d7d53212f,43aab94a-c3d2-4647-abbb-244d9ae970aa,2025-09-06,出席,
5174ab4c-3cf9-4640-97c8-78dd6f83c44e,43aab94a-c3d2-4647-abbb-244d9ae970aa,2025-09-06,出席,
6ad0329a-ad2d-4df1-b07a-b340ee9a5c23,43aab94a-c3d2-4647-abbb-244d9ae970aa,2025-09-06,出席,
c5ca6855-9331-4e61-af32-2d5dd9cd75cc,43aab94a-c3d2-4647-abbb-244d9ae970aa,2025-09-06,出席,
d9b18c83-41c2-4e39-94f9-95513e096c39,43aab94a-c3d2-4647-abbb-244d9ae970aa,2025-09-06,出席,
15b93f72-82ce-4fbe-920c-ca0c96931b6a,2e46f56e-0265-4fae-84ff-5679015d5dba,2025-09-07,出席,
b81410b2-eb80-4af4-8d00-528ce073d5bd,2e46f56e-0265-4fae-84ff-5679015d5dba,2025-09-07,出席,
ce174b57-1108-453b-bc60-f397ea0aacab,2e46f56e-0265-4fae-84ff-5679015d5dba,2025-09-07,出席,
0ae337c5-615d-476e-9cb9-1544bbb8c439,2e46f56e-0265-4fae-84ff-5679015d5dba,2025-09-07,出席,
a44e6718-427b-43d1-93de-1e34ba3c4535,2e46f56e-0265-4fae-84ff-5679015d5dba,2025-09-07,出席,
d86901d2-1e2e-46b6-9f09-6f770bc683cb,2e46f56e-0265-4fae-84ff-5679015d5dba,2025-09-07,出席,
879205e4-a499-445f-86ab-ff56f3569438,934f3f3a-5ba0-47a0-879a-3158e92416b8,2025-09-08,出席,
ce8c4982-bf08-4213-86f7-99292a8f70ff,934f3f3a-5ba0-47a0-879a-3158e92416b8,2025-09-08,出席,
854ea905-3880-4c43-a34d-e9a08b319a15,934f3f3a-5ba0-47a0-879a-3158e92416b8,2025-09-08,出席,
c6cdae79-baa1-425e-8345-976e45c84315,210ee57a-12af-415e-8543-73862201a136,2025-09-08,出席,
b1d2933b-0459-4f85-9e0c-dd9eb0bc403a,21627141-68b0-4be0-a072-8cc7c4878654,2025-09-06,出席,
f4317920-332c-445a-930d-7a5c230051e8,d4ef9fff-d444-4edb-b25a-a77d540824cd,2025-09-09,出席,
3bf0758e-7f75-403c-82eb-a995ef71f447,d4ef9fff-d444-4edb-b25a-a77d540824cd,2025-09-09,出席,
813935d3-09f3-4f8c-b633-6a3be4692649,e78ac7ea-67f8-4b15-86c4-445a29635b1f,2025-09-10,出席,
aeaa29b9-9ca0-43c5-954c-ee4757266a3c,e78ac7ea-67f8-4b15-86c4-445a29635b1f,2025-09-10,出席,
065d4b56-88e3-4063-91f1-4a4792add0c0,e78ac7ea-67f8-4b15-86c4-445a29635b1f,2025-09-10,出席,
a6d7e398-6053-4f3e-87e2-b28508728b8c,aaa3f0f8-bb13-4442-8e4f-27a4327f9f75,2025-09-12,出席,[2526出席CSV] 請堂或補堂紀錄（老師填寫）: 林靜、陳煒傑請假，以影片補堂
e850f4ce-0e20-4280-9d14-b5f85b39dcdc,aaa3f0f8-bb13-4442-8e4f-27a4327f9f75,2025-09-12,出席,[2526出席CSV] 請堂或補堂紀錄（老師填寫）: 林靜、陳煒傑請假，以影片補堂
40bfa36c-585d-47cd-ba07-effbda547a51,aaa3f0f8-bb13-4442-8e4f-27a4327f9f75,2025-09-12,出席,[2526出席CSV] 請堂或補堂紀錄（老師填寫）: 林靜、陳煒傑請假，以影片補堂
915602a6-c807-465f-9d8f-f66f5f070ce9,aaa3f0f8-bb13-4442-8e4f-27a4327f9f75,2025-09-12,出席,[2526出席CSV] 請堂或補堂紀錄（老師填寫）: 林靜、陳煒傑請假，以影片補堂
174c983e-7ecf-432d-acc7-c60d0fa48623,aaa3f0f8-bb13-4442-8e4f-27a4327f9f75,2025-09-12,出席,[2526出席CSV] 請堂或補堂紀錄（老師填寫）: 林靜、陳煒傑請假，以影片補堂
db2d4d1b-7b41-461f-bd22-8b86e0e27014,aaa3f0f8-bb13-4442-8e4f-27a4327f9f75,2025-09-12,出席,[2526出席CSV] 請堂或補堂紀錄（老師填寫）: 林靜、陳煒傑請假，以影片補堂
223038a1-164b-482a-9408-1007dc373467,aaa3f0f8-bb13-4442-8e4f-27a4327f9f75,2025-09-12,出席,[2526出席CSV] 請堂或補堂紀錄（老師填寫）: 林靜、陳煒傑請假，以影片補堂
b1d2933b-0459-4f85-9e0c-dd9eb0bc403a,21627141-68b0-4be0-a072-8cc7c4878654,2025-09-13,出席,
c6cdae79-baa1-425e-8345-976e45c84315,21627141-68b0-4be0-a072-8cc7c4878654,2025-09-13,出席,
0b656f33-268d-4d21-a49f-a37818134fa2,4669cf9a-0d02-450a-a0be-3b8907764d56,2025-09-13,出席,[2526出席CSV] 請堂或補堂紀錄（老師填寫）: 梁展博請假，尚未處理補堂事宜
bb8803c5-0b02-47ee-afc6-af3d0240705c,4669cf9a-0d02-450a-a0be-3b8907764d56,2025-09-13,出席,[2526出席CSV] 請堂或補堂紀錄（老師填寫）: 梁展博請假，尚未處理補堂事宜
521bdfcb-74ff-4166-9e6f-5721ac1650f4,4669cf9a-0d02-450a-a0be-3b8907764d56,2025-09-13,出席,[2526出席CSV] 請堂或補堂紀錄（老師填寫）: 梁展博請假，尚未處理補堂事宜
bdf4ef17-29f2-4d92-8ea9-ab06b9e47f1d,43aab94a-c3d2-4647-abbb-244d9ae970aa,2025-09-13,出席,
f11cc305-e7d8-4296-a524-421d7d53212f,43aab94a-c3d2-4647-abbb-244d9ae970aa,2025-09-13,出席,
5174ab4c-3cf9-4640-97c8-78dd6f83c44e,43aab94a-c3d2-4647-abbb-244d9ae970aa,2025-09-13,出席,
2d75a8f3-7d21-49e3-985c-6b7defb351fc,43aab94a-c3d2-4647-abbb-244d9ae970aa,2025-09-13,出席,
6ad0329a-ad2d-4df1-b07a-b340ee9a5c23,43aab94a-c3d2-4647-abbb-244d9ae970aa,2025-09-13,出席,
c5ca6855-9331-4e61-af32-2d5dd9cd75cc,43aab94a-c3d2-4647-abbb-244d9ae970aa,2025-09-13,出席,
d9b18c83-41c2-4e39-94f9-95513e096c39,43aab94a-c3d2-4647-abbb-244d9ae970aa,2025-09-13,出席,
0ae337c5-615d-476e-9cb9-1544bbb8c439,43aab94a-c3d2-4647-abbb-244d9ae970aa,2025-09-13,出席,
f93c9942-8f06-4354-9f95-30c01fd6b58d,43aab94a-c3d2-4647-abbb-244d9ae970aa,2025-09-13,出席,
915602a6-c807-465f-9d8f-f66f5f070ce9,68e5db0d-0d0d-4b30-8b5c-24f9b3f56f73,2025-09-13,出席,
b79bc930-9d2f-412b-8069-84b75d61ad09,68e5db0d-0d0d-4b30-8b5c-24f9b3f56f73,2025-09-13,出席,
154bec19-0f58-47ee-9a40-1d33ff0e0f2a,68e5db0d-0d0d-4b30-8b5c-24f9b3f56f73,2025-09-13,出席,
f13c6165-aeeb-4791-ba10-a2de49b58f49,68e5db0d-0d0d-4b30-8b5c-24f9b3f56f73,2025-09-13,出席,
3f44050b-d295-4ed4-ae90-6f58eafdcccd,68e5db0d-0d0d-4b30-8b5c-24f9b3f56f73,2025-09-13,出席,
d86901d2-1e2e-46b6-9f09-6f770bc683cb,68e5db0d-0d0d-4b30-8b5c-24f9b3f56f73,2025-09-13,出席,
f98aacc3-3dcb-477c-be80-50e4286a8c4a,68e5db0d-0d0d-4b30-8b5c-24f9b3f56f73,2025-09-13,出席,
a44e6718-427b-43d1-93de-1e34ba3c4535,68e5db0d-0d0d-4b30-8b5c-24f9b3f56f73,2025-09-13,出席,
5707f4fb-4f63-4098-86d8-8682033e5859,68e5db0d-0d0d-4b30-8b5c-24f9b3f56f73,2025-09-13,出席,
20361dec-731e-4c2f-bf0b-0b8f474361ff,eb9d88d8-cb5c-4ea5-aae2-ada9dd4a99ba,2025-09-13,出席,
813935d3-09f3-4f8c-b633-6a3be4692649,eb9d88d8-cb5c-4ea5-aae2-ada9dd4a99ba,2025-09-13,出席,
aeaa29b9-9ca0-43c5-954c-ee4757266a3c,eb9d88d8-cb5c-4ea5-aae2-ada9dd4a99ba,2025-09-13,出席,
2f2cbe75-b1a6-4235-b2f5-05fc3a752aa6,36de22e8-74e0-41e0-af01-a6cfaf72651f,2025-09-13,出席,
3bf0758e-7f75-403c-82eb-a995ef71f447,72f4a923-5ac0-4183-bb70-bc64349ff3af,2025-09-13,出席,
915602a6-c807-465f-9d8f-f66f5f070ce9,68e5db0d-0d0d-4b30-8b5c-24f9b3f56f73,2025-09-06,出席,
b79bc930-9d2f-412b-8069-84b75d61ad09,68e5db0d-0d0d-4b30-8b5c-24f9b3f56f73,2025-09-06,出席,
154bec19-0f58-47ee-9a40-1d33ff0e0f2a,68e5db0d-0d0d-4b30-8b5c-24f9b3f56f73,2025-09-06,出席,
f13c6165-aeeb-4791-ba10-a2de49b58f49,68e5db0d-0d0d-4b30-8b5c-24f9b3f56f73,2025-09-06,出席,
3f44050b-d295-4ed4-ae90-6f58eafdcccd,68e5db0d-0d0d-4b30-8b5c-24f9b3f56f73,2025-09-06,出席,
d86901d2-1e2e-46b6-9f09-6f770bc683cb,68e5db0d-0d0d-4b30-8b5c-24f9b3f56f73,2025-09-06,出席,
f98aacc3-3dcb-477c-be80-50e4286a8c4a,68e5db0d-0d0d-4b30-8b5c-24f9b3f56f73,2025-09-06,出席,
a44e6718-427b-43d1-93de-1e34ba3c4535,68e5db0d-0d0d-4b30-8b5c-24f9b3f56f73,2025-09-06,出席,
5707f4fb-4f63-4098-86d8-8682033e5859,68e5db0d-0d0d-4b30-8b5c-24f9b3f56f73,2025-09-06,出席,
2b18c20a-b985-4331-a232-eb31df0303ca,68e5db0d-0d0d-4b30-8b5c-24f9b3f56f73,2025-09-06,出席,
f4317920-332c-445a-930d-7a5c230051e8,51696dbe-1d38-4112-9859-29ecb25d5a6d,2025-09-10,出席,
93f8aab8-3eb4-43cb-aebb-d07764819b00,51696dbe-1d38-4112-9859-29ecb25d5a6d,2025-09-10,出席,
fbb27277-2d26-4d3f-9fd4-a8f0fa5cddee,51696dbe-1d38-4112-9859-29ecb25d5a6d,2025-09-10,出席,
6febe4d0-557d-48a2-b283-07963139d5c3,51696dbe-1d38-4112-9859-29ecb25d5a6d,2025-09-10,出席,
597c7280-53c9-4327-a05d-843c89046796,51696dbe-1d38-4112-9859-29ecb25d5a6d,2025-09-10,出席,
ce174b57-1108-453b-bc60-f397ea0aacab,51696dbe-1d38-4112-9859-29ecb25d5a6d,2025-09-10,出席,
ba7d09f2-5167-4418-b5ad-a83d20c67c63,529c3dc8-81dd-44e2-a849-061c93f73d0b,2025-09-14,出席,[2526出席CSV] 教學紀錄: Number line and +- numbers
02bb5dac-c1fd-43a6-aa6b-0544929c0672,529c3dc8-81dd-44e2-a849-061c93f73d0b,2025-09-14,出席,[2526出席CSV] 教學紀錄: Number line and +- numbers
813935d3-09f3-4f8c-b633-6a3be4692649,4f7902da-2259-40bf-af6a-87f3aaa40d68,2025-09-14,出席,
96cd39e1-d5c1-4994-b5a9-58e9cddfe5bf,20f8b798-8513-4df7-85f4-bcc36d3e3169,2025-09-14,出席,
373884c8-2e56-4019-a8e7-a9d292fa870b,20f8b798-8513-4df7-85f4-bcc36d3e3169,2025-09-14,出席,
3e92f8a4-49ab-42e9-9687-e6735b26411e,20f8b798-8513-4df7-85f4-bcc36d3e3169,2025-09-14,出席,
029ff376-ea0b-466e-8d78-6b71a4ca6e0e,20f8b798-8513-4df7-85f4-bcc36d3e3169,2025-09-14,出席,
65443d7d-dd95-4dcf-8ab3-287e19edbf76,20f8b798-8513-4df7-85f4-bcc36d3e3169,2025-09-14,出席,
40bfa36c-585d-47cd-ba07-effbda547a51,9d18b4f6-a4f5-4029-abb0-5c8926e16d19,2025-09-10,出席,
915602a6-c807-465f-9d8f-f66f5f070ce9,9d18b4f6-a4f5-4029-abb0-5c8926e16d19,2025-09-10,出席,
f98aacc3-3dcb-477c-be80-50e4286a8c4a,9d18b4f6-a4f5-4029-abb0-5c8926e16d19,2025-09-10,出席,
a44e6718-427b-43d1-93de-1e34ba3c4535,9d18b4f6-a4f5-4029-abb0-5c8926e16d19,2025-09-10,出席,
4f9e4c16-0f95-4adf-b383-593811de4c13,9d18b4f6-a4f5-4029-abb0-5c8926e16d19,2025-09-10,出席,
108c284f-4f70-4689-a6c3-4af894eb74b4,ca098a4d-5d95-4846-9598-d76f112dd6ea,2025-09-14,出席,[2526出席CSV] 教學紀錄: 蕭 補回星期三未上一節
c5ca6855-9331-4e61-af32-2d5dd9cd75cc,ca098a4d-5d95-4846-9598-d76f112dd6ea,2025-09-14,出席,[2526出席CSV] 教學紀錄: 蕭 補回星期三未上一節
f93c9942-8f06-4354-9f95-30c01fd6b58d,ca098a4d-5d95-4846-9598-d76f112dd6ea,2025-09-14,出席,[2526出席CSV] 教學紀錄: 蕭 補回星期三未上一節
813935d3-09f3-4f8c-b633-6a3be4692649,ca098a4d-5d95-4846-9598-d76f112dd6ea,2025-09-14,出席,[2526出席CSV] 教學紀錄: 蕭 補回星期三未上一節
3bf0758e-7f75-403c-82eb-a995ef71f447,72f4a923-5ac0-4183-bb70-bc64349ff3af,2025-09-14,出席,
e937c6a5-9116-44f3-a203-318c48fa6aec,f3f6f42a-90e4-4bf2-b92b-3f12416db9f3,2025-09-14,出席,
15b93f72-82ce-4fbe-920c-ca0c96931b6a,2e46f56e-0265-4fae-84ff-5679015d5dba,2025-09-14,出席,[2526出席CSV] 請堂或補堂紀錄（老師填寫）: 張朗志請假，17/9 補回
b81410b2-eb80-4af4-8d00-528ce073d5bd,2e46f56e-0265-4fae-84ff-5679015d5dba,2025-09-14,出席,[2526出席CSV] 請堂或補堂紀錄（老師填寫）: 張朗志請假，17/9 補回
ce174b57-1108-453b-bc60-f397ea0aacab,2e46f56e-0265-4fae-84ff-5679015d5dba,2025-09-14,出席,[2526出席CSV] 請堂或補堂紀錄（老師填寫）: 張朗志請假，17/9 補回
d86901d2-1e2e-46b6-9f09-6f770bc683cb,2e46f56e-0265-4fae-84ff-5679015d5dba,2025-09-14,出席,[2526出席CSV] 請堂或補堂紀錄（老師填寫）: 張朗志請假，17/9 補回
610d001f-ea5c-416b-88bc-4239498ff49a,2e46f56e-0265-4fae-84ff-5679015d5dba,2025-09-14,出席,[2526出席CSV] 請堂或補堂紀錄（老師填寫）: 張朗志請假，17/9 補回
fa7e5572-9889-486d-9ea6-29d17ce33e4f,cf2ed201-b3bf-45cc-ac38-011bd14d1c57,2025-09-12,出席,
b09a62d4-58b0-4ba8-a413-6263a03eec8c,cf2ed201-b3bf-45cc-ac38-011bd14d1c57,2025-09-12,出席,
8b67097c-4edf-4e5a-b370-a2972e4322ef,cf2ed201-b3bf-45cc-ac38-011bd14d1c57,2025-09-12,出席,
fc090614-5e34-4daf-b367-62b79b3ecb57,cf2ed201-b3bf-45cc-ac38-011bd14d1c57,2025-09-12,出席,
2f2cbe75-b1a6-4235-b2f5-05fc3a752aa6,1aad19f0-38ce-4787-9fbf-fa92d4774e0f,2025-09-14,出席,
a644ff5a-3115-47f4-ade3-7a2fca30897e,1aad19f0-38ce-4787-9fbf-fa92d4774e0f,2025-09-14,出席,
0ae337c5-615d-476e-9cb9-1544bbb8c439,1aad19f0-38ce-4787-9fbf-fa92d4774e0f,2025-09-14,出席,
20361dec-731e-4c2f-bf0b-0b8f474361ff,730ca500-137f-4c89-86d1-c835bd0c0273,2025-09-14,出席,
5174ab4c-3cf9-4640-97c8-78dd6f83c44e,730ca500-137f-4c89-86d1-c835bd0c0273,2025-09-14,出席,
f4317920-332c-445a-930d-7a5c230051e8,d4ef9fff-d444-4edb-b25a-a77d540824cd,2025-09-16,出席,
3bf0758e-7f75-403c-82eb-a995ef71f447,d4ef9fff-d444-4edb-b25a-a77d540824cd,2025-09-16,出席,
f4317920-332c-445a-930d-7a5c230051e8,51696dbe-1d38-4112-9859-29ecb25d5a6d,2025-09-17,出席,[2526出席CSV] 請堂或補堂紀錄（老師填寫）: 梁顯民 林可欣 吳俊羲 看錄影
93f8aab8-3eb4-43cb-aebb-d07764819b00,51696dbe-1d38-4112-9859-29ecb25d5a6d,2025-09-17,出席,[2526出席CSV] 請堂或補堂紀錄（老師填寫）: 梁顯民 林可欣 吳俊羲 看錄影
fbb27277-2d26-4d3f-9fd4-a8f0fa5cddee,51696dbe-1d38-4112-9859-29ecb25d5a6d,2025-09-17,出席,[2526出席CSV] 請堂或補堂紀錄（老師填寫）: 梁顯民 林可欣 吳俊羲 看錄影
6febe4d0-557d-48a2-b283-07963139d5c3,51696dbe-1d38-4112-9859-29ecb25d5a6d,2025-09-17,出席,[2526出席CSV] 請堂或補堂紀錄（老師填寫）: 梁顯民 林可欣 吳俊羲 看錄影
597c7280-53c9-4327-a05d-843c89046796,51696dbe-1d38-4112-9859-29ecb25d5a6d,2025-09-17,出席,[2526出席CSV] 請堂或補堂紀錄（老師填寫）: 梁顯民 林可欣 吳俊羲 看錄影
ce174b57-1108-453b-bc60-f397ea0aacab,51696dbe-1d38-4112-9859-29ecb25d5a6d,2025-09-17,出席,[2526出席CSV] 請堂或補堂紀錄（老師填寫）: 梁顯民 林可欣 吳俊羲 看錄影
a6d7e398-6053-4f3e-87e2-b28508728b8c,aaa3f0f8-bb13-4442-8e4f-27a4327f9f75,2025-09-19,出席,[2526出席CSV] 請堂或補堂紀錄（老師填寫）: 巧悅改聽日補
e850f4ce-0e20-4280-9d14-b5f85b39dcdc,aaa3f0f8-bb13-4442-8e4f-27a4327f9f75,2025-09-19,出席,[2526出席CSV] 請堂或補堂紀錄（老師填寫）: 巧悅改聽日補
40bfa36c-585d-47cd-ba07-effbda547a51,aaa3f0f8-bb13-4442-8e4f-27a4327f9f75,2025-09-19,出席,[2526出席CSV] 請堂或補堂紀錄（老師填寫）: 巧悅改聽日補
915602a6-c807-465f-9d8f-f66f5f070ce9,aaa3f0f8-bb13-4442-8e4f-27a4327f9f75,2025-09-19,出席,[2526出席CSV] 請堂或補堂紀錄（老師填寫）: 巧悅改聽日補
174c983e-7ecf-432d-acc7-c60d0fa48623,aaa3f0f8-bb13-4442-8e4f-27a4327f9f75,2025-09-19,出席,[2526出席CSV] 請堂或補堂紀錄（老師填寫）: 巧悅改聽日補
db2d4d1b-7b41-461f-bd22-8b86e0e27014,aaa3f0f8-bb13-4442-8e4f-27a4327f9f75,2025-09-19,出席,[2526出席CSV] 請堂或補堂紀錄（老師填寫）: 巧悅改聽日補
223038a1-164b-482a-9408-1007dc373467,aaa3f0f8-bb13-4442-8e4f-27a4327f9f75,2025-09-19,出席,[2526出席CSV] 請堂或補堂紀錄（老師填寫）: 巧悅改聽日補
b1d2933b-0459-4f85-9e0c-dd9eb0bc403a,21627141-68b0-4be0-a072-8cc7c4878654,2025-09-20,出席,
c6cdae79-baa1-425e-8345-976e45c84315,21627141-68b0-4be0-a072-8cc7c4878654,2025-09-20,出席,
2f2cbe75-b1a6-4235-b2f5-05fc3a752aa6,36de22e8-74e0-41e0-af01-a6cfaf72651f,2025-09-20,出席,
915602a6-c807-465f-9d8f-f66f5f070ce9,68e5db0d-0d0d-4b30-8b5c-24f9b3f56f73,2025-09-20,出席,[2526出席CSV] 請堂或補堂紀錄（老師填寫）: 陳卓賢 楊逸飛 影片補堂。陳俊鍇 葉熙桐網課
b79bc930-9d2f-412b-8069-84b75d61ad09,68e5db0d-0d0d-4b30-8b5c-24f9b3f56f73,2025-09-20,出席,[2526出席CSV] 請堂或補堂紀錄（老師填寫）: 陳卓賢 楊逸飛 影片補堂。陳俊鍇 葉熙桐網課
154bec19-0f58-47ee-9a40-1d33ff0e0f2a,68e5db0d-0d0d-4b30-8b5c-24f9b3f56f73,2025-09-20,出席,[2526出席CSV] 請堂或補堂紀錄（老師填寫）: 陳卓賢 楊逸飛 影片補堂。陳俊鍇 葉熙桐網課
f13c6165-aeeb-4791-ba10-a2de49b58f49,68e5db0d-0d0d-4b30-8b5c-24f9b3f56f73,2025-09-20,出席,[2526出席CSV] 請堂或補堂紀錄（老師填寫）: 陳卓賢 楊逸飛 影片補堂。陳俊鍇 葉熙桐網課
3f44050b-d295-4ed4-ae90-6f58eafdcccd,68e5db0d-0d0d-4b30-8b5c-24f9b3f56f73,2025-09-20,出席,[2526出席CSV] 請堂或補堂紀錄（老師填寫）: 陳卓賢 楊逸飛 影片補堂。陳俊鍇 葉熙桐網課
d86901d2-1e2e-46b6-9f09-6f770bc683cb,68e5db0d-0d0d-4b30-8b5c-24f9b3f56f73,2025-09-20,出席,[2526出席CSV] 請堂或補堂紀錄（老師填寫）: 陳卓賢 楊逸飛 影片補堂。陳俊鍇 葉熙桐網課
f98aacc3-3dcb-477c-be80-50e4286a8c4a,68e5db0d-0d0d-4b30-8b5c-24f9b3f56f73,2025-09-20,出席,[2526出席CSV] 請堂或補堂紀錄（老師填寫）: 陳卓賢 楊逸飛 影片補堂。陳俊鍇 葉熙桐網課
a44e6718-427b-43d1-93de-1e34ba3c4535,68e5db0d-0d0d-4b30-8b5c-24f9b3f56f73,2025-09-20,出席,[2526出席CSV] 請堂或補堂紀錄（老師填寫）: 陳卓賢 楊逸飛 影片補堂。陳俊鍇 葉熙桐網課
5707f4fb-4f63-4098-86d8-8682033e5859,68e5db0d-0d0d-4b30-8b5c-24f9b3f56f73,2025-09-20,出席,[2526出席CSV] 請堂或補堂紀錄（老師填寫）: 陳卓賢 楊逸飛 影片補堂。陳俊鍇 葉熙桐網課
20361dec-731e-4c2f-bf0b-0b8f474361ff,eb9d88d8-cb5c-4ea5-aae2-ada9dd4a99ba,2025-09-20,出席,
813935d3-09f3-4f8c-b633-6a3be4692649,eb9d88d8-cb5c-4ea5-aae2-ada9dd4a99ba,2025-09-20,出席,
aeaa29b9-9ca0-43c5-954c-ee4757266a3c,eb9d88d8-cb5c-4ea5-aae2-ada9dd4a99ba,2025-09-20,出席,
3bf0758e-7f75-403c-82eb-a995ef71f447,72f4a923-5ac0-4183-bb70-bc64349ff3af,2025-09-20,出席,
813935d3-09f3-4f8c-b633-6a3be4692649,4f7902da-2259-40bf-af6a-87f3aaa40d68,2025-09-21,出席,
96cd39e1-d5c1-4994-b5a9-58e9cddfe5bf,20f8b798-8513-4df7-85f4-bcc36d3e3169,2025-09-21,出席,
373884c8-2e56-4019-a8e7-a9d292fa870b,20f8b798-8513-4df7-85f4-bcc36d3e3169,2025-09-21,出席,
3e92f8a4-49ab-42e9-9687-e6735b26411e,20f8b798-8513-4df7-85f4-bcc36d3e3169,2025-09-21,出席,
65443d7d-dd95-4dcf-8ab3-287e19edbf76,20f8b798-8513-4df7-85f4-bcc36d3e3169,2025-09-21,出席,
17575f59-9a5a-4d56-8e46-b75c6c2ae37c,43c054d8-e240-48f5-b386-c597ae30ca7d,2025-09-21,出席,
b1d2933b-0459-4f85-9e0c-dd9eb0bc403a,43c054d8-e240-48f5-b386-c597ae30ca7d,2025-09-21,出席,
108c284f-4f70-4689-a6c3-4af894eb74b4,ca098a4d-5d95-4846-9598-d76f112dd6ea,2025-09-21,出席,
c5ca6855-9331-4e61-af32-2d5dd9cd75cc,ca098a4d-5d95-4846-9598-d76f112dd6ea,2025-09-21,出席,
f93c9942-8f06-4354-9f95-30c01fd6b58d,ca098a4d-5d95-4846-9598-d76f112dd6ea,2025-09-21,出席,
40bfa36c-585d-47cd-ba07-effbda547a51,9d18b4f6-a4f5-4029-abb0-5c8926e16d19,2025-09-17,出席,[2526出席CSV] 請堂或補堂紀錄（老師填寫）: 張朗志補堂
915602a6-c807-465f-9d8f-f66f5f070ce9,9d18b4f6-a4f5-4029-abb0-5c8926e16d19,2025-09-17,出席,[2526出席CSV] 請堂或補堂紀錄（老師填寫）: 張朗志補堂
f98aacc3-3dcb-477c-be80-50e4286a8c4a,9d18b4f6-a4f5-4029-abb0-5c8926e16d19,2025-09-17,出席,[2526出席CSV] 請堂或補堂紀錄（老師填寫）: 張朗志補堂
a44e6718-427b-43d1-93de-1e34ba3c4535,9d18b4f6-a4f5-4029-abb0-5c8926e16d19,2025-09-17,出席,[2526出席CSV] 請堂或補堂紀錄（老師填寫）: 張朗志補堂
4f9e4c16-0f95-4adf-b383-593811de4c13,9d18b4f6-a4f5-4029-abb0-5c8926e16d19,2025-09-17,出席,[2526出席CSV] 請堂或補堂紀錄（老師填寫）: 張朗志補堂
0ffa3f51-02b3-4bf8-a87e-f843b5bb038c,9d18b4f6-a4f5-4029-abb0-5c8926e16d19,2025-09-17,出席,[2526出席CSV] 請堂或補堂紀錄（老師填寫）: 張朗志補堂
0ae337c5-615d-476e-9cb9-1544bbb8c439,9d18b4f6-a4f5-4029-abb0-5c8926e16d19,2025-09-17,出席,[2526出席CSV] 請堂或補堂紀錄（老師填寫）: 張朗志補堂
813935d3-09f3-4f8c-b633-6a3be4692649,e78ac7ea-67f8-4b15-86c4-445a29635b1f,2025-09-17,出席,[2526出席CSV] 請堂或補堂紀錄（老師填寫）: 蔡汶軒請假
aeaa29b9-9ca0-43c5-954c-ee4757266a3c,e78ac7ea-67f8-4b15-86c4-445a29635b1f,2025-09-17,出席,[2526出席CSV] 請堂或補堂紀錄（老師填寫）: 蔡汶軒請假
fa7e5572-9889-486d-9ea6-29d17ce33e4f,cf2ed201-b3bf-45cc-ac38-011bd14d1c57,2025-09-19,出席,
b09a62d4-58b0-4ba8-a413-6263a03eec8c,cf2ed201-b3bf-45cc-ac38-011bd14d1c57,2025-09-19,出席,
fc090614-5e34-4daf-b367-62b79b3ecb57,cf2ed201-b3bf-45cc-ac38-011bd14d1c57,2025-09-19,出席,
2f2cbe75-b1a6-4235-b2f5-05fc3a752aa6,1aad19f0-38ce-4787-9fbf-fa92d4774e0f,2025-09-21,出席,
a644ff5a-3115-47f4-ade3-7a2fca30897e,1aad19f0-38ce-4787-9fbf-fa92d4774e0f,2025-09-21,出席,
0ae337c5-615d-476e-9cb9-1544bbb8c439,1aad19f0-38ce-4787-9fbf-fa92d4774e0f,2025-09-21,出席,
20361dec-731e-4c2f-bf0b-0b8f474361ff,730ca500-137f-4c89-86d1-c835bd0c0273,2025-09-21,出席,
5174ab4c-3cf9-4640-97c8-78dd6f83c44e,730ca500-137f-4c89-86d1-c835bd0c0273,2025-09-21,出席,
c6cdae79-baa1-425e-8345-976e45c84315,210ee57a-12af-415e-8543-73862201a136,2025-09-15,出席,
3bf0758e-7f75-403c-82eb-a995ef71f447,72f4a923-5ac0-4183-bb70-bc64349ff3af,2025-09-21,出席,
e937c6a5-9116-44f3-a203-318c48fa6aec,f3f6f42a-90e4-4bf2-b92b-3f12416db9f3,2025-09-21,出席,
0b656f33-268d-4d21-a49f-a37818134fa2,4669cf9a-0d02-450a-a0be-3b8907764d56,2025-09-20,出席,
bb8803c5-0b02-47ee-afc6-af3d0240705c,4669cf9a-0d02-450a-a0be-3b8907764d56,2025-09-20,出席,
521bdfcb-74ff-4166-9e6f-5721ac1650f4,4669cf9a-0d02-450a-a0be-3b8907764d56,2025-09-20,出席,
bdf4ef17-29f2-4d92-8ea9-ab06b9e47f1d,43aab94a-c3d2-4647-abbb-244d9ae970aa,2025-09-20,出席,[2526出席CSV] 請堂或補堂紀錄（老師填寫）: 周美君、陳梓慧請假，以影片補堂，已將影片傳予他們
f11cc305-e7d8-4296-a524-421d7d53212f,43aab94a-c3d2-4647-abbb-244d9ae970aa,2025-09-20,出席,[2526出席CSV] 請堂或補堂紀錄（老師填寫）: 周美君、陳梓慧請假，以影片補堂，已將影片傳予他們
5174ab4c-3cf9-4640-97c8-78dd6f83c44e,43aab94a-c3d2-4647-abbb-244d9ae970aa,2025-09-20,出席,[2526出席CSV] 請堂或補堂紀錄（老師填寫）: 周美君、陳梓慧請假，以影片補堂，已將影片傳予他們
2d75a8f3-7d21-49e3-985c-6b7defb351fc,43aab94a-c3d2-4647-abbb-244d9ae970aa,2025-09-20,出席,[2526出席CSV] 請堂或補堂紀錄（老師填寫）: 周美君、陳梓慧請假，以影片補堂，已將影片傳予他們
6ad0329a-ad2d-4df1-b07a-b340ee9a5c23,43aab94a-c3d2-4647-abbb-244d9ae970aa,2025-09-20,出席,[2526出席CSV] 請堂或補堂紀錄（老師填寫）: 周美君、陳梓慧請假，以影片補堂，已將影片傳予他們
c5ca6855-9331-4e61-af32-2d5dd9cd75cc,43aab94a-c3d2-4647-abbb-244d9ae970aa,2025-09-20,出席,[2526出席CSV] 請堂或補堂紀錄（老師填寫）: 周美君、陳梓慧請假，以影片補堂，已將影片傳予他們
d9b18c83-41c2-4e39-94f9-95513e096c39,43aab94a-c3d2-4647-abbb-244d9ae970aa,2025-09-20,出席,[2526出席CSV] 請堂或補堂紀錄（老師填寫）: 周美君、陳梓慧請假，以影片補堂，已將影片傳予他們
0ae337c5-615d-476e-9cb9-1544bbb8c439,43aab94a-c3d2-4647-abbb-244d9ae970aa,2025-09-20,出席,[2526出席CSV] 請堂或補堂紀錄（老師填寫）: 周美君、陳梓慧請假，以影片補堂，已將影片傳予他們
f93c9942-8f06-4354-9f95-30c01fd6b58d,43aab94a-c3d2-4647-abbb-244d9ae970aa,2025-09-20,出席,[2526出席CSV] 請堂或補堂紀錄（老師填寫）: 周美君、陳梓慧請假，以影片補堂，已將影片傳予他們
2b18c20a-b985-4331-a232-eb31df0303ca,43aab94a-c3d2-4647-abbb-244d9ae970aa,2025-09-20,出席,[2526出席CSV] 請堂或補堂紀錄（老師填寫）: 周美君、陳梓慧請假，以影片補堂，已將影片傳予他們
3bf0758e-7f75-403c-82eb-a995ef71f447,72f4a923-5ac0-4183-bb70-bc64349ff3af,2025-09-24,出席,
15b93f72-82ce-4fbe-920c-ca0c96931b6a,2e46f56e-0265-4fae-84ff-5679015d5dba,2025-09-21,出席,
b81410b2-eb80-4af4-8d00-528ce073d5bd,2e46f56e-0265-4fae-84ff-5679015d5dba,2025-09-21,出席,
ce174b57-1108-453b-bc60-f397ea0aacab,2e46f56e-0265-4fae-84ff-5679015d5dba,2025-09-21,出席,
0ae337c5-615d-476e-9cb9-1544bbb8c439,2e46f56e-0265-4fae-84ff-5679015d5dba,2025-09-21,出席,
d86901d2-1e2e-46b6-9f09-6f770bc683cb,2e46f56e-0265-4fae-84ff-5679015d5dba,2025-09-21,出席,
610d001f-ea5c-416b-88bc-4239498ff49a,2e46f56e-0265-4fae-84ff-5679015d5dba,2025-09-21,出席,
0ffa3f51-02b3-4bf8-a87e-f843b5bb038c,2e46f56e-0265-4fae-84ff-5679015d5dba,2025-09-21,出席,
879205e4-a499-445f-86ab-ff56f3569438,934f3f3a-5ba0-47a0-879a-3158e92416b8,2025-09-22,出席,[2526出席CSV] 請堂或補堂紀錄（老師填寫）: 陳藝菁請假
ce8c4982-bf08-4213-86f7-99292a8f70ff,934f3f3a-5ba0-47a0-879a-3158e92416b8,2025-09-22,出席,[2526出席CSV] 請堂或補堂紀錄（老師填寫）: 陳藝菁請假
f4317920-332c-445a-930d-7a5c230051e8,51696dbe-1d38-4112-9859-29ecb25d5a6d,2025-09-24,出席,
93f8aab8-3eb4-43cb-aebb-d07764819b00,51696dbe-1d38-4112-9859-29ecb25d5a6d,2025-09-24,出席,
fbb27277-2d26-4d3f-9fd4-a8f0fa5cddee,51696dbe-1d38-4112-9859-29ecb25d5a6d,2025-09-24,出席,
6febe4d0-557d-48a2-b283-07963139d5c3,51696dbe-1d38-4112-9859-29ecb25d5a6d,2025-09-24,出席,
597c7280-53c9-4327-a05d-843c89046796,51696dbe-1d38-4112-9859-29ecb25d5a6d,2025-09-24,出席,
ce174b57-1108-453b-bc60-f397ea0aacab,51696dbe-1d38-4112-9859-29ecb25d5a6d,2025-09-24,出席,
0ffa3f51-02b3-4bf8-a87e-f843b5bb038c,51696dbe-1d38-4112-9859-29ecb25d5a6d,2025-09-24,出席,
b1d2933b-0459-4f85-9e0c-dd9eb0bc403a,21627141-68b0-4be0-a072-8cc7c4878654,2025-09-27,出席,
20361dec-731e-4c2f-bf0b-0b8f474361ff,eb9d88d8-cb5c-4ea5-aae2-ada9dd4a99ba,2025-09-27,出席,
813935d3-09f3-4f8c-b633-6a3be4692649,eb9d88d8-cb5c-4ea5-aae2-ada9dd4a99ba,2025-09-27,出席,
aeaa29b9-9ca0-43c5-954c-ee4757266a3c,eb9d88d8-cb5c-4ea5-aae2-ada9dd4a99ba,2025-09-27,出席,
3bf0758e-7f75-403c-82eb-a995ef71f447,72f4a923-5ac0-4183-bb70-bc64349ff3af,2025-09-27,出席,
915602a6-c807-465f-9d8f-f66f5f070ce9,68e5db0d-0d0d-4b30-8b5c-24f9b3f56f73,2025-09-27,出席,
b79bc930-9d2f-412b-8069-84b75d61ad09,68e5db0d-0d0d-4b30-8b5c-24f9b3f56f73,2025-09-27,出席,
154bec19-0f58-47ee-9a40-1d33ff0e0f2a,68e5db0d-0d0d-4b30-8b5c-24f9b3f56f73,2025-09-27,出席,
f13c6165-aeeb-4791-ba10-a2de49b58f49,68e5db0d-0d0d-4b30-8b5c-24f9b3f56f73,2025-09-27,出席,
3f44050b-d295-4ed4-ae90-6f58eafdcccd,68e5db0d-0d0d-4b30-8b5c-24f9b3f56f73,2025-09-27,出席,
d86901d2-1e2e-46b6-9f09-6f770bc683cb,68e5db0d-0d0d-4b30-8b5c-24f9b3f56f73,2025-09-27,出席,
f98aacc3-3dcb-477c-be80-50e4286a8c4a,68e5db0d-0d0d-4b30-8b5c-24f9b3f56f73,2025-09-27,出席,
a44e6718-427b-43d1-93de-1e34ba3c4535,68e5db0d-0d0d-4b30-8b5c-24f9b3f56f73,2025-09-27,出席,
5707f4fb-4f63-4098-86d8-8682033e5859,68e5db0d-0d0d-4b30-8b5c-24f9b3f56f73,2025-09-27,出席,
7ae2fc5c-ab2b-4dc5-80ad-328c43d53619,68e5db0d-0d0d-4b30-8b5c-24f9b3f56f73,2025-09-27,出席,
c6cdae79-baa1-425e-8345-976e45c84315,717fc491-c5c3-4e59-a48a-ecaf23d168b5,2025-09-04,出席,[2526出席CSV] 教學紀錄: assign identity notes up to p.14 hw: p.15-16
17575f59-9a5a-4d56-8e46-b75c6c2ae37c,717fc491-c5c3-4e59-a48a-ecaf23d168b5,2025-09-04,出席,[2526出席CSV] 教學紀錄: assign identity notes up to p.14 hw: p.15-16
f4317920-332c-445a-930d-7a5c230051e8,1c46b037-f332-4eb0-9540-5f04a052570b,2025-09-04,出席,[2526出席CSV] 教學紀錄: complex no hard ws x兩份 hw: complex no. test LQ 1-7
a09da146-6195-4d68-a1f8-22a8202a1f3d,1c46b037-f332-4eb0-9540-5f04a052570b,2025-09-04,出席,[2526出席CSV] 教學紀錄: complex no hard ws x兩份 hw: complex no. test LQ 1-7
301a4b5e-c55d-4b4d-91d7-0bc05aada67d,5563dfc9-cbb2-4dfb-8cc5-f3709ce0cb76,2025-09-05,出席,[2526出席CSV] 教學紀錄: 學友社2016 P2 Q1-25
a44e6718-427b-43d1-93de-1e34ba3c4535,5563dfc9-cbb2-4dfb-8cc5-f3709ce0cb76,2025-09-05,出席,[2526出席CSV] 教學紀錄: 學友社2016 P2 Q1-25
174c983e-7ecf-432d-acc7-c60d0fa48623,5563dfc9-cbb2-4dfb-8cc5-f3709ce0cb76,2025-09-05,出席,[2526出席CSV] 教學紀錄: 學友社2016 P2 Q1-25
20361dec-731e-4c2f-bf0b-0b8f474361ff,0fc0070f-98b1-49af-869d-4a5ce0776428,2025-09-05,出席,"[2526出席CSV] 教學紀錄: 曾穎Zoom Assign more about equation hw: p.9,18"
fbb27277-2d26-4d3f-9fd4-a8f0fa5cddee,0fc0070f-98b1-49af-869d-4a5ce0776428,2025-09-05,出席,"[2526出席CSV] 教學紀錄: 曾穎Zoom Assign more about equation hw: p.9,18"
93f8aab8-3eb4-43cb-aebb-d07764819b00,0fc0070f-98b1-49af-869d-4a5ce0776428,2025-09-05,出席,"[2526出席CSV] 教學紀錄: 曾穎Zoom Assign more about equation hw: p.9,18"
6febe4d0-557d-48a2-b283-07963139d5c3,0fc0070f-98b1-49af-869d-4a5ce0776428,2025-09-05,出席,"[2526出席CSV] 教學紀錄: 曾穎Zoom Assign more about equation hw: p.9,18"
ce174b57-1108-453b-bc60-f397ea0aacab,370475e2-9a1e-4778-84b1-d097b4133f93,2025-09-06,出席,[2526出席CSV] 教學紀錄: 學友社2016 P2
154bec19-0f58-47ee-9a40-1d33ff0e0f2a,370475e2-9a1e-4778-84b1-d097b4133f93,2025-09-06,出席,[2526出席CSV] 教學紀錄: 學友社2016 P2
40bfa36c-585d-47cd-ba07-effbda547a51,370475e2-9a1e-4778-84b1-d097b4133f93,2025-09-06,出席,[2526出席CSV] 教學紀錄: 學友社2016 P2
813935d3-09f3-4f8c-b633-6a3be4692649,167607d0-b816-4485-9030-ff617f8b4382,2025-09-06,出席,[2526出席CSV] 教學紀錄: Assign More About Equation hw p.18，21，22
c5ca6855-9331-4e61-af32-2d5dd9cd75cc,167607d0-b816-4485-9030-ff617f8b4382,2025-09-06,出席,[2526出席CSV] 教學紀錄: Assign More About Equation hw p.18，21，22
aeaa29b9-9ca0-43c5-954c-ee4757266a3c,167607d0-b816-4485-9030-ff617f8b4382,2025-09-06,出席,[2526出席CSV] 教學紀錄: Assign More About Equation hw p.18，21，22
b173bc1e-153d-4ef7-9ed6-a36be060319c,94194de7-9fd3-4c44-9b29-0030c7616f08,2025-09-06,出席,"[2526出席CSV] 教學紀錄: assign quadratic equation hw: p.7,9-10,12 | 請堂或補堂紀錄（老師填寫）: 李靖彤skip 吳晉銘調11/9"
029ff376-ea0b-466e-8d78-6b71a4ca6e0e,94194de7-9fd3-4c44-9b29-0030c7616f08,2025-09-06,出席,"[2526出席CSV] 教學紀錄: assign quadratic equation hw: p.7,9-10,12 | 請堂或補堂紀錄（老師填寫）: 李靖彤skip 吳晉銘調11/9"
96cd39e1-d5c1-4994-b5a9-58e9cddfe5bf,94194de7-9fd3-4c44-9b29-0030c7616f08,2025-09-06,出席,"[2526出席CSV] 教學紀錄: assign quadratic equation hw: p.7,9-10,12 | 請堂或補堂紀錄（老師填寫）: 李靖彤skip 吳晉銘調11/9"
3e92f8a4-49ab-42e9-9687-e6735b26411e,94194de7-9fd3-4c44-9b29-0030c7616f08,2025-09-06,出席,"[2526出席CSV] 教學紀錄: assign quadratic equation hw: p.7,9-10,12 | 請堂或補堂紀錄（老師填寫）: 李靖彤skip 吳晉銘調11/9"
f13c6165-aeeb-4791-ba10-a2de49b58f49,94194de7-9fd3-4c44-9b29-0030c7616f08,2025-09-06,出席,"[2526出席CSV] 教學紀錄: assign quadratic equation hw: p.7,9-10,12 | 請堂或補堂紀錄（老師填寫）: 李靖彤skip 吳晉銘調11/9"
789a19a5-0423-4a3c-86a4-a080aae7b952,efba129c-bbfc-4ddf-ae87-7aea17ef4ac1,2025-09-08,出席,
ce8c4982-bf08-4213-86f7-99292a8f70ff,1db99818-f7fe-4e73-b8d5-c306ae33b0d2,2025-09-09,出席,[2526出席CSV] 教學紀錄: finished inquality hw: chapter test1
879205e4-a499-445f-86ab-ff56f3569438,1db99818-f7fe-4e73-b8d5-c306ae33b0d2,2025-09-09,出席,[2526出席CSV] 教學紀錄: finished inquality hw: chapter test1
854ea905-3880-4c43-a34d-e9a08b319a15,1db99818-f7fe-4e73-b8d5-c306ae33b0d2,2025-09-09,出席,[2526出席CSV] 教學紀錄: finished inquality hw: chapter test1
c6cdae79-baa1-425e-8345-976e45c84315,717fc491-c5c3-4e59-a48a-ecaf23d168b5,2025-09-11,出席,[2526出席CSV] 教學紀錄: Finished IDentity
86d25c49-66d0-406b-a725-5b4973f21df3,717fc491-c5c3-4e59-a48a-ecaf23d168b5,2025-09-11,出席,[2526出席CSV] 教學紀錄: Finished IDentity
cb1e8d9c-f54d-4ae6-931c-200c3abfc6a6,717fc491-c5c3-4e59-a48a-ecaf23d168b5,2025-09-11,出席,[2526出席CSV] 教學紀錄: Finished IDentity
17575f59-9a5a-4d56-8e46-b75c6c2ae37c,717fc491-c5c3-4e59-a48a-ecaf23d168b5,2025-09-11,出席,[2526出席CSV] 教學紀錄: Finished IDentity
f4317920-332c-445a-930d-7a5c230051e8,1c46b037-f332-4eb0-9540-5f04a052570b,2025-09-11,出席,[2526出席CSV] 教學紀錄: assign quadratic equation up to p.18 hw: p.20-23 | 請堂或補堂紀錄（老師填寫）: 吳晉銘補6/9
a09da146-6195-4d68-a1f8-22a8202a1f3d,1c46b037-f332-4eb0-9540-5f04a052570b,2025-09-11,出席,[2526出席CSV] 教學紀錄: assign quadratic equation up to p.18 hw: p.20-23 | 請堂或補堂紀錄（老師填寫）: 吳晉銘補6/9
db2d4d1b-7b41-461f-bd22-8b86e0e27014,1c46b037-f332-4eb0-9540-5f04a052570b,2025-09-11,出席,[2526出席CSV] 教學紀錄: assign quadratic equation up to p.18 hw: p.20-23 | 請堂或補堂紀錄（老師填寫）: 吳晉銘補6/9
40740569-ed26-4b9c-9bca-1afb6eb920ab,1c46b037-f332-4eb0-9540-5f04a052570b,2025-09-11,出席,[2526出席CSV] 教學紀錄: assign quadratic equation up to p.18 hw: p.20-23 | 請堂或補堂紀錄（老師填寫）: 吳晉銘補6/9
65443d7d-dd95-4dcf-8ab3-287e19edbf76,1c46b037-f332-4eb0-9540-5f04a052570b,2025-09-11,出席,[2526出席CSV] 教學紀錄: assign quadratic equation up to p.18 hw: p.20-23 | 請堂或補堂紀錄（老師填寫）: 吳晉銘補6/9
301a4b5e-c55d-4b4d-91d7-0bc05aada67d,5563dfc9-cbb2-4dfb-8cc5-f3709ce0cb76,2025-09-12,出席,[2526出席CSV] 教學紀錄: cont 學友社2016 P2 Q16-30
a44e6718-427b-43d1-93de-1e34ba3c4535,5563dfc9-cbb2-4dfb-8cc5-f3709ce0cb76,2025-09-12,出席,[2526出席CSV] 教學紀錄: cont 學友社2016 P2 Q16-30
174c983e-7ecf-432d-acc7-c60d0fa48623,5563dfc9-cbb2-4dfb-8cc5-f3709ce0cb76,2025-09-12,出席,[2526出席CSV] 教學紀錄: cont 學友社2016 P2 Q16-30
223038a1-164b-482a-9408-1007dc373467,5563dfc9-cbb2-4dfb-8cc5-f3709ce0cb76,2025-09-12,出席,[2526出席CSV] 教學紀錄: cont 學友社2016 P2 Q16-30
20361dec-731e-4c2f-bf0b-0b8f474361ff,0fc0070f-98b1-49af-869d-4a5ce0776428,2025-09-12,出席,[2526出席CSV] 教學紀錄: cont more about equation hw:p.30-32 | 請堂或補堂紀錄（老師填寫）: 蘇子航video
fbb27277-2d26-4d3f-9fd4-a8f0fa5cddee,0fc0070f-98b1-49af-869d-4a5ce0776428,2025-09-12,出席,[2526出席CSV] 教學紀錄: cont more about equation hw:p.30-32 | 請堂或補堂紀錄（老師填寫）: 蘇子航video
93f8aab8-3eb4-43cb-aebb-d07764819b00,0fc0070f-98b1-49af-869d-4a5ce0776428,2025-09-12,出席,[2526出席CSV] 教學紀錄: cont more about equation hw:p.30-32 | 請堂或補堂紀錄（老師填寫）: 蘇子航video
6febe4d0-557d-48a2-b283-07963139d5c3,0fc0070f-98b1-49af-869d-4a5ce0776428,2025-09-12,出席,[2526出席CSV] 教學紀錄: cont more about equation hw:p.30-32 | 請堂或補堂紀錄（老師填寫）: 蘇子航video
597c7280-53c9-4327-a05d-843c89046796,0fc0070f-98b1-49af-869d-4a5ce0776428,2025-09-12,出席,[2526出席CSV] 教學紀錄: cont more about equation hw:p.30-32 | 請堂或補堂紀錄（老師填寫）: 蘇子航video
ce174b57-1108-453b-bc60-f397ea0aacab,370475e2-9a1e-4778-84b1-d097b4133f93,2025-09-13,出席,[2526出席CSV] 教學紀錄: cont 學友社2016 P2 約今天學生15/9 星期一 17:45-19:00補堂 對學友社2016 P2 assign 學友社 2017 P2
154bec19-0f58-47ee-9a40-1d33ff0e0f2a,370475e2-9a1e-4778-84b1-d097b4133f93,2025-09-13,出席,[2526出席CSV] 教學紀錄: cont 學友社2016 P2 約今天學生15/9 星期一 17:45-19:00補堂 對學友社2016 P2 assign 學友社 2017 P2
40bfa36c-585d-47cd-ba07-effbda547a51,370475e2-9a1e-4778-84b1-d097b4133f93,2025-09-13,出席,[2526出席CSV] 教學紀錄: cont 學友社2016 P2 約今天學生15/9 星期一 17:45-19:00補堂 對學友社2016 P2 assign 學友社 2017 P2
c5ca6855-9331-4e61-af32-2d5dd9cd75cc,167607d0-b816-4485-9030-ff617f8b4382,2025-09-13,出席,[2526出席CSV] 教學紀錄: 約今天學生15/9 17:45-19:00補堂 cont more about equation
aeaa29b9-9ca0-43c5-954c-ee4757266a3c,167607d0-b816-4485-9030-ff617f8b4382,2025-09-13,出席,[2526出席CSV] 教學紀錄: 約今天學生15/9 17:45-19:00補堂 cont more about equation
37650bf2-f0b2-4ae7-bf68-da963d4e5d1a,167607d0-b816-4485-9030-ff617f8b4382,2025-09-13,出席,[2526出席CSV] 教學紀錄: 約今天學生15/9 17:45-19:00補堂 cont more about equation
f93c9942-8f06-4354-9f95-30c01fd6b58d,167607d0-b816-4485-9030-ff617f8b4382,2025-09-13,出席,[2526出席CSV] 教學紀錄: 約今天學生15/9 17:45-19:00補堂 cont more about equation
813935d3-09f3-4f8c-b633-6a3be4692649,167607d0-b816-4485-9030-ff617f8b4382,2025-09-13,出席,[2526出席CSV] 教學紀錄: 約今天學生15/9 17:45-19:00補堂 cont more about equation
b173bc1e-153d-4ef7-9ed6-a36be060319c,94194de7-9fd3-4c44-9b29-0030c7616f08,2025-09-13,出席,[2526出席CSV] 教學紀錄: 約今天學生18/9 星期四 17:45-19:00補堂 cont quadratic euqation hw:p.24-26 李靖彤Video | 請堂或補堂紀錄（老師填寫）: 吳晉銘調18/9
029ff376-ea0b-466e-8d78-6b71a4ca6e0e,94194de7-9fd3-4c44-9b29-0030c7616f08,2025-09-13,出席,[2526出席CSV] 教學紀錄: 約今天學生18/9 星期四 17:45-19:00補堂 cont quadratic euqation hw:p.24-26 李靖彤Video | 請堂或補堂紀錄（老師填寫）: 吳晉銘調18/9
96cd39e1-d5c1-4994-b5a9-58e9cddfe5bf,94194de7-9fd3-4c44-9b29-0030c7616f08,2025-09-13,出席,[2526出席CSV] 教學紀錄: 約今天學生18/9 星期四 17:45-19:00補堂 cont quadratic euqation hw:p.24-26 李靖彤Video | 請堂或補堂紀錄（老師填寫）: 吳晉銘調18/9
3e92f8a4-49ab-42e9-9687-e6735b26411e,94194de7-9fd3-4c44-9b29-0030c7616f08,2025-09-13,出席,[2526出席CSV] 教學紀錄: 約今天學生18/9 星期四 17:45-19:00補堂 cont quadratic euqation hw:p.24-26 李靖彤Video | 請堂或補堂紀錄（老師填寫）: 吳晉銘調18/9
f13c6165-aeeb-4791-ba10-a2de49b58f49,94194de7-9fd3-4c44-9b29-0030c7616f08,2025-09-13,出席,[2526出席CSV] 教學紀錄: 約今天學生18/9 星期四 17:45-19:00補堂 cont quadratic euqation hw:p.24-26 李靖彤Video | 請堂或補堂紀錄（老師填寫）: 吳晉銘調18/9
97f16885-242d-47f8-bc22-f80468c8fb70,94194de7-9fd3-4c44-9b29-0030c7616f08,2025-09-13,出席,[2526出席CSV] 教學紀錄: 約今天學生18/9 星期四 17:45-19:00補堂 cont quadratic euqation hw:p.24-26 李靖彤Video | 請堂或補堂紀錄（老師填寫）: 吳晉銘調18/9
ce174b57-1108-453b-bc60-f397ea0aacab,370475e2-9a1e-4778-84b1-d097b4133f93,2025-09-15,出席,[2526出席CSV] 教學紀錄: cont 2017 學友社p2
154bec19-0f58-47ee-9a40-1d33ff0e0f2a,370475e2-9a1e-4778-84b1-d097b4133f93,2025-09-15,出席,[2526出席CSV] 教學紀錄: cont 2017 學友社p2
40bfa36c-585d-47cd-ba07-effbda547a51,370475e2-9a1e-4778-84b1-d097b4133f93,2025-09-15,出席,[2526出席CSV] 教學紀錄: cont 2017 學友社p2
301a4b5e-c55d-4b4d-91d7-0bc05aada67d,5563dfc9-cbb2-4dfb-8cc5-f3709ce0cb76,2025-09-15,出席,[2526出席CSV] 教學紀錄: cont 2017 學友社p2
a44e6718-427b-43d1-93de-1e34ba3c4535,5563dfc9-cbb2-4dfb-8cc5-f3709ce0cb76,2025-09-15,出席,[2526出席CSV] 教學紀錄: cont 2017 學友社p2
174c983e-7ecf-432d-acc7-c60d0fa48623,5563dfc9-cbb2-4dfb-8cc5-f3709ce0cb76,2025-09-15,出席,[2526出席CSV] 教學紀錄: cont 2017 學友社p2
223038a1-164b-482a-9408-1007dc373467,5563dfc9-cbb2-4dfb-8cc5-f3709ce0cb76,2025-09-15,出席,[2526出席CSV] 教學紀錄: cont 2017 學友社p2
813935d3-09f3-4f8c-b633-6a3be4692649,167607d0-b816-4485-9030-ff617f8b4382,2025-09-15,出席,[2526出席CSV] 教學紀錄: more about quadratic ws + assign inequality | 請堂或補堂紀錄（老師填寫）: 趙佳鑫、羅兆斐 video
c5ca6855-9331-4e61-af32-2d5dd9cd75cc,167607d0-b816-4485-9030-ff617f8b4382,2025-09-15,出席,[2526出席CSV] 教學紀錄: more about quadratic ws + assign inequality | 請堂或補堂紀錄（老師填寫）: 趙佳鑫、羅兆斐 video
aeaa29b9-9ca0-43c5-954c-ee4757266a3c,167607d0-b816-4485-9030-ff617f8b4382,2025-09-15,出席,[2526出席CSV] 教學紀錄: more about quadratic ws + assign inequality | 請堂或補堂紀錄（老師填寫）: 趙佳鑫、羅兆斐 video
37650bf2-f0b2-4ae7-bf68-da963d4e5d1a,167607d0-b816-4485-9030-ff617f8b4382,2025-09-15,出席,[2526出席CSV] 教學紀錄: more about quadratic ws + assign inequality | 請堂或補堂紀錄（老師填寫）: 趙佳鑫、羅兆斐 video
f93c9942-8f06-4354-9f95-30c01fd6b58d,167607d0-b816-4485-9030-ff617f8b4382,2025-09-15,出席,[2526出席CSV] 教學紀錄: more about quadratic ws + assign inequality | 請堂或補堂紀錄（老師填寫）: 趙佳鑫、羅兆斐 video
20361dec-731e-4c2f-bf0b-0b8f474361ff,0fc0070f-98b1-49af-869d-4a5ce0776428,2025-09-15,出席,[2526出席CSV] 教學紀錄: more about quadratic ws + assign inequality | 請堂或補堂紀錄（老師填寫）: 吳俊羲video
fbb27277-2d26-4d3f-9fd4-a8f0fa5cddee,0fc0070f-98b1-49af-869d-4a5ce0776428,2025-09-15,出席,[2526出席CSV] 教學紀錄: more about quadratic ws + assign inequality | 請堂或補堂紀錄（老師填寫）: 吳俊羲video
93f8aab8-3eb4-43cb-aebb-d07764819b00,0fc0070f-98b1-49af-869d-4a5ce0776428,2025-09-15,出席,[2526出席CSV] 教學紀錄: more about quadratic ws + assign inequality | 請堂或補堂紀錄（老師填寫）: 吳俊羲video
6febe4d0-557d-48a2-b283-07963139d5c3,0fc0070f-98b1-49af-869d-4a5ce0776428,2025-09-15,出席,[2526出席CSV] 教學紀錄: more about quadratic ws + assign inequality | 請堂或補堂紀錄（老師填寫）: 吳俊羲video
597c7280-53c9-4327-a05d-843c89046796,0fc0070f-98b1-49af-869d-4a5ce0776428,2025-09-15,出席,[2526出席CSV] 教學紀錄: more about quadratic ws + assign inequality | 請堂或補堂紀錄（老師填寫）: 吳俊羲video
ce8c4982-bf08-4213-86f7-99292a8f70ff,1db99818-f7fe-4e73-b8d5-c306ae33b0d2,2025-09-16,出席,[2526出席CSV] 教學紀錄: Finished law of indices
879205e4-a499-445f-86ab-ff56f3569438,1db99818-f7fe-4e73-b8d5-c306ae33b0d2,2025-09-16,出席,[2526出席CSV] 教學紀錄: Finished law of indices
854ea905-3880-4c43-a34d-e9a08b319a15,1db99818-f7fe-4e73-b8d5-c306ae33b0d2,2025-09-16,出席,[2526出席CSV] 教學紀錄: Finished law of indices
c6cdae79-baa1-425e-8345-976e45c84315,717fc491-c5c3-4e59-a48a-ecaf23d168b5,2025-09-18,出席,[2526出席CSV] 教學紀錄: Error hw: p.24-26
86d25c49-66d0-406b-a725-5b4973f21df3,717fc491-c5c3-4e59-a48a-ecaf23d168b5,2025-09-18,出席,[2526出席CSV] 教學紀錄: Error hw: p.24-26
cb1e8d9c-f54d-4ae6-931c-200c3abfc6a6,717fc491-c5c3-4e59-a48a-ecaf23d168b5,2025-09-18,出席,[2526出席CSV] 教學紀錄: Error hw: p.24-26
17575f59-9a5a-4d56-8e46-b75c6c2ae37c,717fc491-c5c3-4e59-a48a-ecaf23d168b5,2025-09-18,出席,[2526出席CSV] 教學紀錄: Error hw: p.24-26
f4317920-332c-445a-930d-7a5c230051e8,1c46b037-f332-4eb0-9540-5f04a052570b,2025-09-18,出席,"[2526出席CSV] 教學紀錄: 印quadratic equation 最後頁數筆記給學生 finished quadratic, assign equation of st. line hw: p.16-19 | 請堂或補堂紀錄（老師填寫）: 吳晉銘(補13/9）"
a09da146-6195-4d68-a1f8-22a8202a1f3d,1c46b037-f332-4eb0-9540-5f04a052570b,2025-09-18,出席,"[2526出席CSV] 教學紀錄: 印quadratic equation 最後頁數筆記給學生 finished quadratic, assign equation of st. line hw: p.16-19 | 請堂或補堂紀錄（老師填寫）: 吳晉銘(補13/9）"
db2d4d1b-7b41-461f-bd22-8b86e0e27014,1c46b037-f332-4eb0-9540-5f04a052570b,2025-09-18,出席,"[2526出席CSV] 教學紀錄: 印quadratic equation 最後頁數筆記給學生 finished quadratic, assign equation of st. line hw: p.16-19 | 請堂或補堂紀錄（老師填寫）: 吳晉銘(補13/9）"
40740569-ed26-4b9c-9bca-1afb6eb920ab,1c46b037-f332-4eb0-9540-5f04a052570b,2025-09-18,出席,"[2526出席CSV] 教學紀錄: 印quadratic equation 最後頁數筆記給學生 finished quadratic, assign equation of st. line hw: p.16-19 | 請堂或補堂紀錄（老師填寫）: 吳晉銘(補13/9）"
65443d7d-dd95-4dcf-8ab3-287e19edbf76,1c46b037-f332-4eb0-9540-5f04a052570b,2025-09-18,出席,"[2526出席CSV] 教學紀錄: 印quadratic equation 最後頁數筆記給學生 finished quadratic, assign equation of st. line hw: p.16-19 | 請堂或補堂紀錄（老師填寫）: 吳晉銘(補13/9）"
301a4b5e-c55d-4b4d-91d7-0bc05aada67d,5563dfc9-cbb2-4dfb-8cc5-f3709ce0cb76,2025-09-26,出席,[2526出席CSV] 教學紀錄: 學友社2017 P1 Q1-13 | 請堂或補堂紀錄（老師填寫）: 李映進video
a44e6718-427b-43d1-93de-1e34ba3c4535,5563dfc9-cbb2-4dfb-8cc5-f3709ce0cb76,2025-09-26,出席,[2526出席CSV] 教學紀錄: 學友社2017 P1 Q1-13 | 請堂或補堂紀錄（老師填寫）: 李映進video
174c983e-7ecf-432d-acc7-c60d0fa48623,5563dfc9-cbb2-4dfb-8cc5-f3709ce0cb76,2025-09-26,出席,[2526出席CSV] 教學紀錄: 學友社2017 P1 Q1-13 | 請堂或補堂紀錄（老師填寫）: 李映進video
223038a1-164b-482a-9408-1007dc373467,5563dfc9-cbb2-4dfb-8cc5-f3709ce0cb76,2025-09-26,出席,[2526出席CSV] 教學紀錄: 學友社2017 P1 Q1-13 | 請堂或補堂紀錄（老師填寫）: 李映進video
0ffa3f51-02b3-4bf8-a87e-f843b5bb038c,5563dfc9-cbb2-4dfb-8cc5-f3709ce0cb76,2025-09-26,出席,[2526出席CSV] 教學紀錄: 學友社2017 P1 Q1-13 | 請堂或補堂紀錄（老師填寫）: 李映進video
04d4a09f-2b4e-4b2d-8820-271f0f8ffeb0,5563dfc9-cbb2-4dfb-8cc5-f3709ce0cb76,2025-09-26,出席,[2526出席CSV] 教學紀錄: 學友社2017 P1 Q1-13 | 請堂或補堂紀錄（老師填寫）: 李映進video
20361dec-731e-4c2f-bf0b-0b8f474361ff,0fc0070f-98b1-49af-869d-4a5ce0776428,2025-09-26,出席,[2526出席CSV] 教學紀錄: finished inequality | 請堂或補堂紀錄（老師填寫）: 蘇子航 林可欣 梁顯民Video
6febe4d0-557d-48a2-b283-07963139d5c3,0fc0070f-98b1-49af-869d-4a5ce0776428,2025-09-26,出席,[2526出席CSV] 教學紀錄: finished inequality | 請堂或補堂紀錄（老師填寫）: 蘇子航 林可欣 梁顯民Video
597c7280-53c9-4327-a05d-843c89046796,0fc0070f-98b1-49af-869d-4a5ce0776428,2025-09-26,出席,[2526出席CSV] 教學紀錄: finished inequality | 請堂或補堂紀錄（老師填寫）: 蘇子航 林可欣 梁顯民Video
93f8aab8-3eb4-43cb-aebb-d07764819b00,0fc0070f-98b1-49af-869d-4a5ce0776428,2025-09-26,出席,[2526出席CSV] 教學紀錄: finished inequality | 請堂或補堂紀錄（老師填寫）: 蘇子航 林可欣 梁顯民Video
fbb27277-2d26-4d3f-9fd4-a8f0fa5cddee,0fc0070f-98b1-49af-869d-4a5ce0776428,2025-09-26,出席,[2526出席CSV] 教學紀錄: finished inequality | 請堂或補堂紀錄（老師填寫）: 蘇子航 林可欣 梁顯民Video
ce174b57-1108-453b-bc60-f397ea0aacab,370475e2-9a1e-4778-84b1-d097b4133f93,2025-09-27,出席,[2526出席CSV] 教學紀錄: 學友社2017 P1 Q1-13；Leo finished Wa Yan 2014-2015 P2 | 請堂或補堂紀錄（老師填寫）: 李澄欣video 林靜video
154bec19-0f58-47ee-9a40-1d33ff0e0f2a,370475e2-9a1e-4778-84b1-d097b4133f93,2025-09-27,出席,[2526出席CSV] 教學紀錄: 學友社2017 P1 Q1-13；Leo finished Wa Yan 2014-2015 P2 | 請堂或補堂紀錄（老師填寫）: 李澄欣video 林靜video
40bfa36c-585d-47cd-ba07-effbda547a51,370475e2-9a1e-4778-84b1-d097b4133f93,2025-09-27,出席,[2526出席CSV] 教學紀錄: 學友社2017 P1 Q1-13；Leo finished Wa Yan 2014-2015 P2 | 請堂或補堂紀錄（老師填寫）: 李澄欣video 林靜video
813935d3-09f3-4f8c-b633-6a3be4692649,167607d0-b816-4485-9030-ff617f8b4382,2025-09-27,出席,[2526出席CSV] 教學紀錄: Finished quadratic inequality | 請堂或補堂紀錄（老師填寫）: 蕭馥鎣Video
c5ca6855-9331-4e61-af32-2d5dd9cd75cc,167607d0-b816-4485-9030-ff617f8b4382,2025-09-27,出席,[2526出席CSV] 教學紀錄: Finished quadratic inequality | 請堂或補堂紀錄（老師填寫）: 蕭馥鎣Video
aeaa29b9-9ca0-43c5-954c-ee4757266a3c,167607d0-b816-4485-9030-ff617f8b4382,2025-09-27,出席,[2526出席CSV] 教學紀錄: Finished quadratic inequality | 請堂或補堂紀錄（老師填寫）: 蕭馥鎣Video
f93c9942-8f06-4354-9f95-30c01fd6b58d,167607d0-b816-4485-9030-ff617f8b4382,2025-09-27,出席,[2526出席CSV] 教學紀錄: Finished quadratic inequality | 請堂或補堂紀錄（老師填寫）: 蕭馥鎣Video
37650bf2-f0b2-4ae7-bf68-da963d4e5d1a,167607d0-b816-4485-9030-ff617f8b4382,2025-09-27,出席,[2526出席CSV] 教學紀錄: Finished quadratic inequality | 請堂或補堂紀錄（老師填寫）: 蕭馥鎣Video
b173bc1e-153d-4ef7-9ed6-a36be060319c,94194de7-9fd3-4c44-9b29-0030c7616f08,2025-09-27,出席,[2526出席CSV] 教學紀錄: Finished Eqt of st line notes Equation of of Line ws Soin with MC as hw 下堂對 | 請堂或補堂紀錄（老師填寫）: 丘浩傑補25/9 zoom 王晴怡補25/9 李承峰補25/9 Video
029ff376-ea0b-466e-8d78-6b71a4ca6e0e,94194de7-9fd3-4c44-9b29-0030c7616f08,2025-09-27,出席,[2526出席CSV] 教學紀錄: Finished Eqt of st line notes Equation of of Line ws Soin with MC as hw 下堂對 | 請堂或補堂紀錄（老師填寫）: 丘浩傑補25/9 zoom 王晴怡補25/9 李承峰補25/9 Video
96cd39e1-d5c1-4994-b5a9-58e9cddfe5bf,94194de7-9fd3-4c44-9b29-0030c7616f08,2025-09-27,出席,[2526出席CSV] 教學紀錄: Finished Eqt of st line notes Equation of of Line ws Soin with MC as hw 下堂對 | 請堂或補堂紀錄（老師填寫）: 丘浩傑補25/9 zoom 王晴怡補25/9 李承峰補25/9 Video
97f16885-242d-47f8-bc22-f80468c8fb70,94194de7-9fd3-4c44-9b29-0030c7616f08,2025-09-27,出席,[2526出席CSV] 教學紀錄: Finished Eqt of st line notes Equation of of Line ws Soin with MC as hw 下堂對 | 請堂或補堂紀錄（老師填寫）: 丘浩傑補25/9 zoom 王晴怡補25/9 李承峰補25/9 Video
3e92f8a4-49ab-42e9-9687-e6735b26411e,94194de7-9fd3-4c44-9b29-0030c7616f08,2025-09-27,出席,[2526出席CSV] 教學紀錄: Finished Eqt of st line notes Equation of of Line ws Soin with MC as hw 下堂對 | 請堂或補堂紀錄（老師填寫）: 丘浩傑補25/9 zoom 王晴怡補25/9 李承峰補25/9 Video
f13c6165-aeeb-4791-ba10-a2de49b58f49,94194de7-9fd3-4c44-9b29-0030c7616f08,2025-09-27,出席,[2526出席CSV] 教學紀錄: Finished Eqt of st line notes Equation of of Line ws Soin with MC as hw 下堂對 | 請堂或補堂紀錄（老師填寫）: 丘浩傑補25/9 zoom 王晴怡補25/9 李承峰補25/9 Video
65443d7d-dd95-4dcf-8ab3-287e19edbf76,94194de7-9fd3-4c44-9b29-0030c7616f08,2025-09-27,出席,[2526出席CSV] 教學紀錄: Finished Eqt of st line notes Equation of of Line ws Soin with MC as hw 下堂對 | 請堂或補堂紀錄（老師填寫）: 丘浩傑補25/9 zoom 王晴怡補25/9 李承峰補25/9 Video
f4317920-332c-445a-930d-7a5c230051e8,94194de7-9fd3-4c44-9b29-0030c7616f08,2025-09-27,出席,[2526出席CSV] 教學紀錄: Finished Eqt of st line notes Equation of of Line ws Soin with MC as hw 下堂對 | 請堂或補堂紀錄（老師填寫）: 丘浩傑補25/9 zoom 王晴怡補25/9 李承峰補25/9 Video
40740569-ed26-4b9c-9bca-1afb6eb920ab,94194de7-9fd3-4c44-9b29-0030c7616f08,2025-09-27,出席,[2526出席CSV] 教學紀錄: Finished Eqt of st line notes Equation of of Line ws Soin with MC as hw 下堂對 | 請堂或補堂紀錄（老師填寫）: 丘浩傑補25/9 zoom 王晴怡補25/9 李承峰補25/9 Video
a09da146-6195-4d68-a1f8-22a8202a1f3d,94194de7-9fd3-4c44-9b29-0030c7616f08,2025-09-27,出席,[2526出席CSV] 教學紀錄: Finished Eqt of st line notes Equation of of Line ws Soin with MC as hw 下堂對 | 請堂或補堂紀錄（老師填寫）: 丘浩傑補25/9 zoom 王晴怡補25/9 李承峰補25/9 Video
521bdfcb-74ff-4166-9e6f-5721ac1650f4,d3bbaf3f-9465-443a-8507-19456e2e86c0,2025-09-22,出席,
c6cdae79-baa1-425e-8345-976e45c84315,210ee57a-12af-415e-8543-73862201a136,2025-09-22,出席,
ba7d09f2-5167-4418-b5ad-a83d20c67c63,529c3dc8-81dd-44e2-a849-061c93f73d0b,2025-09-28,出席,[2526出席CSV] 教學紀錄: Positive and Negative Lv1 questions
02bb5dac-c1fd-43a6-aa6b-0544929c0672,529c3dc8-81dd-44e2-a849-061c93f73d0b,2025-09-28,出席,[2526出席CSV] 教學紀錄: Positive and Negative Lv1 questions
b173bc1e-153d-4ef7-9ed6-a36be060319c,94194de7-9fd3-4c44-9b29-0030c7616f08,2025-09-20,出席,[2526出席CSV] 教學紀錄: 開equation of st. line | 行政紀錄: Tim代余sir課
029ff376-ea0b-466e-8d78-6b71a4ca6e0e,94194de7-9fd3-4c44-9b29-0030c7616f08,2025-09-20,出席,[2526出席CSV] 教學紀錄: 開equation of st. line | 行政紀錄: Tim代余sir課
96cd39e1-d5c1-4994-b5a9-58e9cddfe5bf,94194de7-9fd3-4c44-9b29-0030c7616f08,2025-09-20,出席,[2526出席CSV] 教學紀錄: 開equation of st. line | 行政紀錄: Tim代余sir課
97f16885-242d-47f8-bc22-f80468c8fb70,94194de7-9fd3-4c44-9b29-0030c7616f08,2025-09-20,出席,[2526出席CSV] 教學紀錄: 開equation of st. line | 行政紀錄: Tim代余sir課
3e92f8a4-49ab-42e9-9687-e6735b26411e,94194de7-9fd3-4c44-9b29-0030c7616f08,2025-09-20,出席,[2526出席CSV] 教學紀錄: 開equation of st. line | 行政紀錄: Tim代余sir課
65443d7d-dd95-4dcf-8ab3-287e19edbf76,94194de7-9fd3-4c44-9b29-0030c7616f08,2025-09-20,出席,[2526出席CSV] 教學紀錄: 開equation of st. line | 行政紀錄: Tim代余sir課
f13c6165-aeeb-4791-ba10-a2de49b58f49,94194de7-9fd3-4c44-9b29-0030c7616f08,2025-09-20,出席,[2526出席CSV] 教學紀錄: 開equation of st. line | 行政紀錄: Tim代余sir課
813935d3-09f3-4f8c-b633-6a3be4692649,4f7902da-2259-40bf-af6a-87f3aaa40d68,2025-09-28,出席,
3bf0758e-7f75-403c-82eb-a995ef71f447,72f4a923-5ac0-4183-bb70-bc64349ff3af,2025-09-28,出席,
fa7e5572-9889-486d-9ea6-29d17ce33e4f,cf2ed201-b3bf-45cc-ac38-011bd14d1c57,2025-09-26,出席,
b09a62d4-58b0-4ba8-a413-6263a03eec8c,cf2ed201-b3bf-45cc-ac38-011bd14d1c57,2025-09-26,出席,
8b67097c-4edf-4e5a-b370-a2972e4322ef,cf2ed201-b3bf-45cc-ac38-011bd14d1c57,2025-09-26,出席,
fc090614-5e34-4daf-b367-62b79b3ecb57,cf2ed201-b3bf-45cc-ac38-011bd14d1c57,2025-09-26,出席,
2f2cbe75-b1a6-4235-b2f5-05fc3a752aa6,1aad19f0-38ce-4787-9fbf-fa92d4774e0f,2025-09-28,出席,
a644ff5a-3115-47f4-ade3-7a2fca30897e,1aad19f0-38ce-4787-9fbf-fa92d4774e0f,2025-09-28,出席,
0ae337c5-615d-476e-9cb9-1544bbb8c439,1aad19f0-38ce-4787-9fbf-fa92d4774e0f,2025-09-28,出席,
20361dec-731e-4c2f-bf0b-0b8f474361ff,730ca500-137f-4c89-86d1-c835bd0c0273,2025-09-28,出席,
5174ab4c-3cf9-4640-97c8-78dd6f83c44e,730ca500-137f-4c89-86d1-c835bd0c0273,2025-09-28,出席,
c5ca6855-9331-4e61-af32-2d5dd9cd75cc,ca098a4d-5d95-4846-9598-d76f112dd6ea,2025-09-28,出席,
f93c9942-8f06-4354-9f95-30c01fd6b58d,ca098a4d-5d95-4846-9598-d76f112dd6ea,2025-09-28,出席,
17575f59-9a5a-4d56-8e46-b75c6c2ae37c,43c054d8-e240-48f5-b386-c597ae30ca7d,2025-09-28,出席,
b1d2933b-0459-4f85-9e0c-dd9eb0bc403a,43c054d8-e240-48f5-b386-c597ae30ca7d,2025-09-28,出席,
e937c6a5-9116-44f3-a203-318c48fa6aec,f3f6f42a-90e4-4bf2-b92b-3f12416db9f3,2025-09-28,出席,
521bdfcb-74ff-4166-9e6f-5721ac1650f4,d3bbaf3f-9465-443a-8507-19456e2e86c0,2025-09-29,出席,
c6cdae79-baa1-425e-8345-976e45c84315,210ee57a-12af-415e-8543-73862201a136,2025-09-29,出席,
ce8c4982-bf08-4213-86f7-99292a8f70ff,1db99818-f7fe-4e73-b8d5-c306ae33b0d2,2025-09-30,出席,[2526出席CSV] 教學紀錄: factorization cross method hw: p.29-31 | 請堂或補堂紀錄（老師填寫）: 鄧宇童補2/10
879205e4-a499-445f-86ab-ff56f3569438,1db99818-f7fe-4e73-b8d5-c306ae33b0d2,2025-09-30,出席,[2526出席CSV] 教學紀錄: factorization cross method hw: p.29-31 | 請堂或補堂紀錄（老師填寫）: 鄧宇童補2/10
854ea905-3880-4c43-a34d-e9a08b319a15,1db99818-f7fe-4e73-b8d5-c306ae33b0d2,2025-09-30,出席,[2526出席CSV] 教學紀錄: factorization cross method hw: p.29-31 | 請堂或補堂紀錄（老師填寫）: 鄧宇童補2/10
17575f59-9a5a-4d56-8e46-b75c6c2ae37c,1db99818-f7fe-4e73-b8d5-c306ae33b0d2,2025-09-30,出席,[2526出席CSV] 教學紀錄: factorization cross method hw: p.29-31 | 請堂或補堂紀錄（老師填寫）: 鄧宇童補2/10
20361dec-731e-4c2f-bf0b-0b8f474361ff,0fc0070f-98b1-49af-869d-4a5ce0776428,2025-09-30,出席,[2526出席CSV] 教學紀錄: 林可欣Video assign circle up to p.12 | 請堂或補堂紀錄（老師填寫）: 補3/10 吳俊羲4/10補
fbb27277-2d26-4d3f-9fd4-a8f0fa5cddee,0fc0070f-98b1-49af-869d-4a5ce0776428,2025-09-30,出席,[2526出席CSV] 教學紀錄: 林可欣Video assign circle up to p.12 | 請堂或補堂紀錄（老師填寫）: 補3/10 吳俊羲4/10補
93f8aab8-3eb4-43cb-aebb-d07764819b00,0fc0070f-98b1-49af-869d-4a5ce0776428,2025-09-30,出席,[2526出席CSV] 教學紀錄: 林可欣Video assign circle up to p.12 | 請堂或補堂紀錄（老師填寫）: 補3/10 吳俊羲4/10補
6febe4d0-557d-48a2-b283-07963139d5c3,0fc0070f-98b1-49af-869d-4a5ce0776428,2025-09-30,出席,[2526出席CSV] 教學紀錄: 林可欣Video assign circle up to p.12 | 請堂或補堂紀錄（老師填寫）: 補3/10 吳俊羲4/10補
c6cdae79-baa1-425e-8345-976e45c84315,717fc491-c5c3-4e59-a48a-ecaf23d168b5,2025-10-01,出席,[2526出席CSV] 教學紀錄: finished error | 請堂或補堂紀錄（老師填寫）: 何迪寶skip
86d25c49-66d0-406b-a725-5b4973f21df3,717fc491-c5c3-4e59-a48a-ecaf23d168b5,2025-10-01,出席,[2526出席CSV] 教學紀錄: finished error | 請堂或補堂紀錄（老師填寫）: 何迪寶skip
17575f59-9a5a-4d56-8e46-b75c6c2ae37c,717fc491-c5c3-4e59-a48a-ecaf23d168b5,2025-10-01,出席,[2526出席CSV] 教學紀錄: finished error | 請堂或補堂紀錄（老師填寫）: 何迪寶skip
0390c81e-b8b3-4d1e-a0f0-b2cdaae2c6a9,717fc491-c5c3-4e59-a48a-ecaf23d168b5,2025-10-01,出席,[2526出席CSV] 教學紀錄: finished error | 請堂或補堂紀錄（老師填寫）: 何迪寶skip
f4317920-332c-445a-930d-7a5c230051e8,cee13d56-4e2b-4db3-900f-de73fc6d55e9,2025-10-01,出席,[2526出席CSV] 教學紀錄: soin st.line test finished | 行政紀錄: 提早補3/10 | 請堂或補堂紀錄（老師填寫）: 提早補3/10
a6d7e398-6053-4f3e-87e2-b28508728b8c,aaa3f0f8-bb13-4442-8e4f-27a4327f9f75,2025-09-26,出席,[2526出席CSV] 請堂或補堂紀錄（老師填寫）: 陳煒傑請假，沒有影片，將直接向學生說明上一節內容
e850f4ce-0e20-4280-9d14-b5f85b39dcdc,aaa3f0f8-bb13-4442-8e4f-27a4327f9f75,2025-09-26,出席,[2526出席CSV] 請堂或補堂紀錄（老師填寫）: 陳煒傑請假，沒有影片，將直接向學生說明上一節內容
40bfa36c-585d-47cd-ba07-effbda547a51,aaa3f0f8-bb13-4442-8e4f-27a4327f9f75,2025-09-26,出席,[2526出席CSV] 請堂或補堂紀錄（老師填寫）: 陳煒傑請假，沒有影片，將直接向學生說明上一節內容
915602a6-c807-465f-9d8f-f66f5f070ce9,aaa3f0f8-bb13-4442-8e4f-27a4327f9f75,2025-09-26,出席,[2526出席CSV] 請堂或補堂紀錄（老師填寫）: 陳煒傑請假，沒有影片，將直接向學生說明上一節內容
174c983e-7ecf-432d-acc7-c60d0fa48623,aaa3f0f8-bb13-4442-8e4f-27a4327f9f75,2025-09-26,出席,[2526出席CSV] 請堂或補堂紀錄（老師填寫）: 陳煒傑請假，沒有影片，將直接向學生說明上一節內容
223038a1-164b-482a-9408-1007dc373467,aaa3f0f8-bb13-4442-8e4f-27a4327f9f75,2025-09-26,出席,[2526出席CSV] 請堂或補堂紀錄（老師填寫）: 陳煒傑請假，沒有影片，將直接向學生說明上一節內容
db2d4d1b-7b41-461f-bd22-8b86e0e27014,aaa3f0f8-bb13-4442-8e4f-27a4327f9f75,2025-09-26,出席,[2526出席CSV] 請堂或補堂紀錄（老師填寫）: 陳煒傑請假，沒有影片，將直接向學生說明上一節內容
0b656f33-268d-4d21-a49f-a37818134fa2,4669cf9a-0d02-450a-a0be-3b8907764d56,2025-09-27,出席,
bb8803c5-0b02-47ee-afc6-af3d0240705c,4669cf9a-0d02-450a-a0be-3b8907764d56,2025-09-27,出席,
521bdfcb-74ff-4166-9e6f-5721ac1650f4,4669cf9a-0d02-450a-a0be-3b8907764d56,2025-09-27,出席,
5174ab4c-3cf9-4640-97c8-78dd6f83c44e,43aab94a-c3d2-4647-abbb-244d9ae970aa,2025-09-27,出席,[2526出席CSV] 請堂或補堂紀錄（老師填寫）: 周美君、陳梓慧請假，已將Worksheet send給他們
2d75a8f3-7d21-49e3-985c-6b7defb351fc,43aab94a-c3d2-4647-abbb-244d9ae970aa,2025-09-27,出席,[2526出席CSV] 請堂或補堂紀錄（老師填寫）: 周美君、陳梓慧請假，已將Worksheet send給他們
6ad0329a-ad2d-4df1-b07a-b340ee9a5c23,43aab94a-c3d2-4647-abbb-244d9ae970aa,2025-09-27,出席,[2526出席CSV] 請堂或補堂紀錄（老師填寫）: 周美君、陳梓慧請假，已將Worksheet send給他們
c5ca6855-9331-4e61-af32-2d5dd9cd75cc,43aab94a-c3d2-4647-abbb-244d9ae970aa,2025-09-27,出席,[2526出席CSV] 請堂或補堂紀錄（老師填寫）: 周美君、陳梓慧請假，已將Worksheet send給他們
d9b18c83-41c2-4e39-94f9-95513e096c39,43aab94a-c3d2-4647-abbb-244d9ae970aa,2025-09-27,出席,[2526出席CSV] 請堂或補堂紀錄（老師填寫）: 周美君、陳梓慧請假，已將Worksheet send給他們
0ae337c5-615d-476e-9cb9-1544bbb8c439,43aab94a-c3d2-4647-abbb-244d9ae970aa,2025-09-27,出席,[2526出席CSV] 請堂或補堂紀錄（老師填寫）: 周美君、陳梓慧請假，已將Worksheet send給他們
f93c9942-8f06-4354-9f95-30c01fd6b58d,43aab94a-c3d2-4647-abbb-244d9ae970aa,2025-09-27,出席,[2526出席CSV] 請堂或補堂紀錄（老師填寫）: 周美君、陳梓慧請假，已將Worksheet send給他們
2b18c20a-b985-4331-a232-eb31df0303ca,43aab94a-c3d2-4647-abbb-244d9ae970aa,2025-09-27,出席,[2526出席CSV] 請堂或補堂紀錄（老師填寫）: 周美君、陳梓慧請假，已將Worksheet send給他們
bdf4ef17-29f2-4d92-8ea9-ab06b9e47f1d,43aab94a-c3d2-4647-abbb-244d9ae970aa,2025-09-27,出席,[2526出席CSV] 請堂或補堂紀錄（老師填寫）: 周美君、陳梓慧請假，已將Worksheet send給他們
f11cc305-e7d8-4296-a524-421d7d53212f,43aab94a-c3d2-4647-abbb-244d9ae970aa,2025-09-27,出席,[2526出席CSV] 請堂或補堂紀錄（老師填寫）: 周美君、陳梓慧請假，已將Worksheet send給他們
f4317920-332c-445a-930d-7a5c230051e8,d4ef9fff-d444-4edb-b25a-a77d540824cd,2025-09-30,出席,
fa7e5572-9889-486d-9ea6-29d17ce33e4f,cf2ed201-b3bf-45cc-ac38-011bd14d1c57,2025-10-03,出席,
b09a62d4-58b0-4ba8-a413-6263a03eec8c,cf2ed201-b3bf-45cc-ac38-011bd14d1c57,2025-10-03,出席,
8b67097c-4edf-4e5a-b370-a2972e4322ef,cf2ed201-b3bf-45cc-ac38-011bd14d1c57,2025-10-03,出席,
b066adc9-0d9b-4c00-a054-9604d1dfeb89,cf2ed201-b3bf-45cc-ac38-011bd14d1c57,2025-10-03,出席,
0d708d45-f2c3-4edc-bf6e-f11f4f37abc0,cf2ed201-b3bf-45cc-ac38-011bd14d1c57,2025-10-03,出席,
db303f37-2f92-4c35-8a7d-dd8773d1507a,cf2ed201-b3bf-45cc-ac38-011bd14d1c57,2025-10-03,出席,
813935d3-09f3-4f8c-b633-6a3be4692649,8e8dfabf-f571-4230-987a-53e717e9614a,2025-09-14,出席,
dde027ee-458a-48b6-88d9-f1ec6d819698,8e8dfabf-f571-4230-987a-53e717e9614a,2025-09-14,出席,
154bec19-0f58-47ee-9a40-1d33ff0e0f2a,1c610853-1733-40ad-90ed-5085baaea561,2025-09-14,出席,
05fbd9a6-0a16-48b0-81d1-df45293e23ec,1c610853-1733-40ad-90ed-5085baaea561,2025-09-14,出席,
813935d3-09f3-4f8c-b633-6a3be4692649,8e8dfabf-f571-4230-987a-53e717e9614a,2025-09-28,出席,
154bec19-0f58-47ee-9a40-1d33ff0e0f2a,1c610853-1733-40ad-90ed-5085baaea561,2025-09-28,出席,
5eaf6c4a-eb16-4992-948d-641652fe639f,f496e565-e128-4c9a-8633-28c88a2d5f9c,2025-09-13,出席,
5eaf6c4a-eb16-4992-948d-641652fe639f,b636d4f0-c3f7-4d12-b2cc-f432ee520251,2025-09-16,出席,
5eaf6c4a-eb16-4992-948d-641652fe639f,51696dbe-1d38-4112-9859-29ecb25d5a6d,2025-09-17,出席,
5eaf6c4a-eb16-4992-948d-641652fe639f,1a00cbaf-079f-56f5-a8ec-c706ea085bd5,2025-09-18,出席,
5eaf6c4a-eb16-4992-948d-641652fe639f,807945d5-5ceb-4343-a937-48c34478341a,2025-10-08,出席,
5eaf6c4a-eb16-4992-948d-641652fe639f,b636d4f0-c3f7-4d12-b2cc-f432ee520251,2025-09-23,出席,
5eaf6c4a-eb16-4992-948d-641652fe639f,aaa3f0f8-bb13-4442-8e4f-27a4327f9f75,2025-09-26,出席,
6e060632-9bd7-4a69-9aa7-e4d9dea292a7,1a00cbaf-079f-56f5-a8ec-c706ea085bd5,2025-09-11,出席,
c21d45bc-fd44-4c45-a764-2cea83e7ff57,1a00cbaf-079f-56f5-a8ec-c706ea085bd5,2025-09-11,出席,
6e060632-9bd7-4a69-9aa7-e4d9dea292a7,1a00cbaf-079f-56f5-a8ec-c706ea085bd5,2025-09-18,出席,
c21d45bc-fd44-4c45-a764-2cea83e7ff57,1a00cbaf-079f-56f5-a8ec-c706ea085bd5,2025-09-18,出席,
6e060632-9bd7-4a69-9aa7-e4d9dea292a7,1a00cbaf-079f-56f5-a8ec-c706ea085bd5,2025-09-22,出席,
c21d45bc-fd44-4c45-a764-2cea83e7ff57,1a00cbaf-079f-56f5-a8ec-c706ea085bd5,2025-09-22,出席,
6e060632-9bd7-4a69-9aa7-e4d9dea292a7,1a00cbaf-079f-56f5-a8ec-c706ea085bd5,2025-09-27,出席,
c21d45bc-fd44-4c45-a764-2cea83e7ff57,1a00cbaf-079f-56f5-a8ec-c706ea085bd5,2025-09-27,出席,
6e060632-9bd7-4a69-9aa7-e4d9dea292a7,1a00cbaf-079f-56f5-a8ec-c706ea085bd5,2025-09-30,出席,
c21d45bc-fd44-4c45-a764-2cea83e7ff57,1a00cbaf-079f-56f5-a8ec-c706ea085bd5,2025-09-30,出席,
6e060632-9bd7-4a69-9aa7-e4d9dea292a7,1a00cbaf-079f-56f5-a8ec-c706ea085bd5,2025-10-02,出席,
c21d45bc-fd44-4c45-a764-2cea83e7ff57,1a00cbaf-079f-56f5-a8ec-c706ea085bd5,2025-10-02,出席,
879205e4-a499-445f-86ab-ff56f3569438,934f3f3a-5ba0-47a0-879a-3158e92416b8,2025-09-29,出席,
ce8c4982-bf08-4213-86f7-99292a8f70ff,934f3f3a-5ba0-47a0-879a-3158e92416b8,2025-09-29,出席,
854ea905-3880-4c43-a34d-e9a08b319a15,934f3f3a-5ba0-47a0-879a-3158e92416b8,2025-09-29,出席,
a6d7e398-6053-4f3e-87e2-b28508728b8c,aaa3f0f8-bb13-4442-8e4f-27a4327f9f75,2025-10-03,出席,[2526出席CSV] 請堂或補堂紀錄（老師填寫）: 林靜、陳宣穎、高梓軒請假，錄影補回
e850f4ce-0e20-4280-9d14-b5f85b39dcdc,aaa3f0f8-bb13-4442-8e4f-27a4327f9f75,2025-10-03,出席,[2526出席CSV] 請堂或補堂紀錄（老師填寫）: 林靜、陳宣穎、高梓軒請假，錄影補回
40bfa36c-585d-47cd-ba07-effbda547a51,aaa3f0f8-bb13-4442-8e4f-27a4327f9f75,2025-10-03,出席,[2526出席CSV] 請堂或補堂紀錄（老師填寫）: 林靜、陳宣穎、高梓軒請假，錄影補回
915602a6-c807-465f-9d8f-f66f5f070ce9,aaa3f0f8-bb13-4442-8e4f-27a4327f9f75,2025-10-03,出席,[2526出席CSV] 請堂或補堂紀錄（老師填寫）: 林靜、陳宣穎、高梓軒請假，錄影補回
db2d4d1b-7b41-461f-bd22-8b86e0e27014,aaa3f0f8-bb13-4442-8e4f-27a4327f9f75,2025-10-03,出席,[2526出席CSV] 請堂或補堂紀錄（老師填寫）: 林靜、陳宣穎、高梓軒請假，錄影補回
174c983e-7ecf-432d-acc7-c60d0fa48623,aaa3f0f8-bb13-4442-8e4f-27a4327f9f75,2025-10-03,出席,[2526出席CSV] 請堂或補堂紀錄（老師填寫）: 林靜、陳宣穎、高梓軒請假，錄影補回
223038a1-164b-482a-9408-1007dc373467,aaa3f0f8-bb13-4442-8e4f-27a4327f9f75,2025-10-03,出席,[2526出席CSV] 請堂或補堂紀錄（老師填寫）: 林靜、陳宣穎、高梓軒請假，錄影補回
b1d2933b-0459-4f85-9e0c-dd9eb0bc403a,21627141-68b0-4be0-a072-8cc7c4878654,2025-10-04,出席,
c6cdae79-baa1-425e-8345-976e45c84315,21627141-68b0-4be0-a072-8cc7c4878654,2025-10-04,出席,
3bf0758e-7f75-403c-82eb-a995ef71f447,72f4a923-5ac0-4183-bb70-bc64349ff3af,2025-10-06,出席,
2f2cbe75-b1a6-4235-b2f5-05fc3a752aa6,36de22e8-74e0-41e0-af01-a6cfaf72651f,2025-10-04,出席,
20361dec-731e-4c2f-bf0b-0b8f474361ff,eb9d88d8-cb5c-4ea5-aae2-ada9dd4a99ba,2025-10-04,出席,
813935d3-09f3-4f8c-b633-6a3be4692649,eb9d88d8-cb5c-4ea5-aae2-ada9dd4a99ba,2025-10-04,出席,
aeaa29b9-9ca0-43c5-954c-ee4757266a3c,eb9d88d8-cb5c-4ea5-aae2-ada9dd4a99ba,2025-10-04,出席,
b1d2933b-0459-4f85-9e0c-dd9eb0bc403a,43c054d8-e240-48f5-b386-c597ae30ca7d,2025-09-14,出席,[2526出席CSV] 請堂或補堂紀錄（老師填寫）: 鄧宇童請假並已經早前補回
15b93f72-82ce-4fbe-920c-ca0c96931b6a,2e46f56e-0265-4fae-84ff-5679015d5dba,2025-09-28,出席,
b81410b2-eb80-4af4-8d00-528ce073d5bd,2e46f56e-0265-4fae-84ff-5679015d5dba,2025-09-28,出席,
ce174b57-1108-453b-bc60-f397ea0aacab,2e46f56e-0265-4fae-84ff-5679015d5dba,2025-09-28,出席,
0ae337c5-615d-476e-9cb9-1544bbb8c439,2e46f56e-0265-4fae-84ff-5679015d5dba,2025-09-28,出席,
d86901d2-1e2e-46b6-9f09-6f770bc683cb,2e46f56e-0265-4fae-84ff-5679015d5dba,2025-09-28,出席,
610d001f-ea5c-416b-88bc-4239498ff49a,2e46f56e-0265-4fae-84ff-5679015d5dba,2025-09-28,出席,
99d984ce-1e92-4741-9d2a-f6b588082de4,2e46f56e-0265-4fae-84ff-5679015d5dba,2025-09-28,出席,
40bfa36c-585d-47cd-ba07-effbda547a51,9d18b4f6-a4f5-4029-abb0-5c8926e16d19,2025-09-24,出席,
915602a6-c807-465f-9d8f-f66f5f070ce9,9d18b4f6-a4f5-4029-abb0-5c8926e16d19,2025-09-24,出席,
f98aacc3-3dcb-477c-be80-50e4286a8c4a,9d18b4f6-a4f5-4029-abb0-5c8926e16d19,2025-09-24,出席,
a44e6718-427b-43d1-93de-1e34ba3c4535,9d18b4f6-a4f5-4029-abb0-5c8926e16d19,2025-09-24,出席,
4f9e4c16-0f95-4adf-b383-593811de4c13,9d18b4f6-a4f5-4029-abb0-5c8926e16d19,2025-09-24,出席,
ba7d09f2-5167-4418-b5ad-a83d20c67c63,529c3dc8-81dd-44e2-a849-061c93f73d0b,2025-10-05,出席,[2526出席CSV] 教學紀錄: Directed numbers questions
02bb5dac-c1fd-43a6-aa6b-0544929c0672,529c3dc8-81dd-44e2-a849-061c93f73d0b,2025-10-05,出席,[2526出席CSV] 教學紀錄: Directed numbers questions
813935d3-09f3-4f8c-b633-6a3be4692649,4f7902da-2259-40bf-af6a-87f3aaa40d68,2025-10-05,出席,
28396f5a-c066-43bf-bcc6-cfd4fee72e92,e45bc7fb-1ce4-4f71-b50b-601791a48a9a,2025-09-06,出席,
96cd39e1-d5c1-4994-b5a9-58e9cddfe5bf,20f8b798-8513-4df7-85f4-bcc36d3e3169,2025-10-05,出席,
373884c8-2e56-4019-a8e7-a9d292fa870b,20f8b798-8513-4df7-85f4-bcc36d3e3169,2025-10-05,出席,
3e92f8a4-49ab-42e9-9687-e6735b26411e,20f8b798-8513-4df7-85f4-bcc36d3e3169,2025-10-05,出席,
029ff376-ea0b-466e-8d78-6b71a4ca6e0e,20f8b798-8513-4df7-85f4-bcc36d3e3169,2025-10-05,出席,
65443d7d-dd95-4dcf-8ab3-287e19edbf76,20f8b798-8513-4df7-85f4-bcc36d3e3169,2025-10-05,出席,
3bf0758e-7f75-403c-82eb-a995ef71f447,72f4a923-5ac0-4183-bb70-bc64349ff3af,2025-10-05,出席,
0b656f33-268d-4d21-a49f-a37818134fa2,e4aa21ce-1d5e-4e6a-b13a-6e274a27a1d2,2025-09-13,出席,
550ef8fa-8579-42a7-904c-e634a697ae5c,e4aa21ce-1d5e-4e6a-b13a-6e274a27a1d2,2025-09-13,出席,
28396f5a-c066-43bf-bcc6-cfd4fee72e92,e45bc7fb-1ce4-4f71-b50b-601791a48a9a,2025-09-13,出席,
0b656f33-268d-4d21-a49f-a37818134fa2,e4aa21ce-1d5e-4e6a-b13a-6e274a27a1d2,2025-09-20,出席,
550ef8fa-8579-42a7-904c-e634a697ae5c,e4aa21ce-1d5e-4e6a-b13a-6e274a27a1d2,2025-09-20,出席,
28396f5a-c066-43bf-bcc6-cfd4fee72e92,e45bc7fb-1ce4-4f71-b50b-601791a48a9a,2025-09-20,出席,
0b656f33-268d-4d21-a49f-a37818134fa2,e4aa21ce-1d5e-4e6a-b13a-6e274a27a1d2,2025-09-27,出席,
550ef8fa-8579-42a7-904c-e634a697ae5c,e4aa21ce-1d5e-4e6a-b13a-6e274a27a1d2,2025-09-27,出席,
28396f5a-c066-43bf-bcc6-cfd4fee72e92,e45bc7fb-1ce4-4f71-b50b-601791a48a9a,2025-09-27,出席,
0b656f33-268d-4d21-a49f-a37818134fa2,e4aa21ce-1d5e-4e6a-b13a-6e274a27a1d2,2025-10-04,出席,
550ef8fa-8579-42a7-904c-e634a697ae5c,e4aa21ce-1d5e-4e6a-b13a-6e274a27a1d2,2025-10-04,出席,
28396f5a-c066-43bf-bcc6-cfd4fee72e92,e45bc7fb-1ce4-4f71-b50b-601791a48a9a,2025-10-04,出席,
0b656f33-268d-4d21-a49f-a37818134fa2,e4aa21ce-1d5e-4e6a-b13a-6e274a27a1d2,2025-09-06,出席,
e937c6a5-9116-44f3-a203-318c48fa6aec,f3f6f42a-90e4-4bf2-b92b-3f12416db9f3,2025-10-05,出席,
2f2cbe75-b1a6-4235-b2f5-05fc3a752aa6,1aad19f0-38ce-4787-9fbf-fa92d4774e0f,2025-10-05,出席,[2526出席CSV] 請堂或補堂紀錄（老師填寫）: 陳采妍缺席 將以扣除堂數處理
0ae337c5-615d-476e-9cb9-1544bbb8c439,1aad19f0-38ce-4787-9fbf-fa92d4774e0f,2025-10-05,出席,[2526出席CSV] 請堂或補堂紀錄（老師填寫）: 陳采妍缺席 將以扣除堂數處理
813935d3-09f3-4f8c-b633-6a3be4692649,8e8dfabf-f571-4230-987a-53e717e9614a,2025-10-05,出席,
dde027ee-458a-48b6-88d9-f1ec6d819698,8e8dfabf-f571-4230-987a-53e717e9614a,2025-10-05,出席,
154bec19-0f58-47ee-9a40-1d33ff0e0f2a,1c610853-1733-40ad-90ed-5085baaea561,2025-10-05,出席,
411f1dad-c0d2-4205-b84e-3f342ee5c54c,1c610853-1733-40ad-90ed-5085baaea561,2025-10-05,出席,
5eaf6c4a-eb16-4992-948d-641652fe639f,934f3f3a-5ba0-47a0-879a-3158e92416b8,2025-09-01,出席,
5eaf6c4a-eb16-4992-948d-641652fe639f,6ee1adfc-32ce-4d14-80e8-71421fbc1692,2025-09-14,出席,
5eaf6c4a-eb16-4992-948d-641652fe639f,20f8b798-8513-4df7-85f4-bcc36d3e3169,2025-09-14,出席,
6e060632-9bd7-4a69-9aa7-e4d9dea292a7,b636d4f0-c3f7-4d12-b2cc-f432ee520251,2025-09-16,出席,
c21d45bc-fd44-4c45-a764-2cea83e7ff57,b636d4f0-c3f7-4d12-b2cc-f432ee520251,2025-09-16,出席,
6e060632-9bd7-4a69-9aa7-e4d9dea292a7,f496e565-e128-4c9a-8633-28c88a2d5f9c,2025-09-27,出席,
c21d45bc-fd44-4c45-a764-2cea83e7ff57,f496e565-e128-4c9a-8633-28c88a2d5f9c,2025-09-27,出席,
5eaf6c4a-eb16-4992-948d-641652fe639f,807945d5-5ceb-4343-a937-48c34478341a,2025-10-01,出席,
5eaf6c4a-eb16-4992-948d-641652fe639f,1c46b037-f332-4eb0-9540-5f04a052570b,2025-09-04,出席,
5eaf6c4a-eb16-4992-948d-641652fe639f,807945d5-5ceb-4343-a937-48c34478341a,2025-09-10,出席,
6e060632-9bd7-4a69-9aa7-e4d9dea292a7,1a00cbaf-079f-56f5-a8ec-c706ea085bd5,2025-09-04,出席,
c21d45bc-fd44-4c45-a764-2cea83e7ff57,1a00cbaf-079f-56f5-a8ec-c706ea085bd5,2025-09-04,出席,
6e060632-9bd7-4a69-9aa7-e4d9dea292a7,807945d5-5ceb-4343-a937-48c34478341a,2025-09-09,出席,
c21d45bc-fd44-4c45-a764-2cea83e7ff57,807945d5-5ceb-4343-a937-48c34478341a,2025-09-09,出席,
6e060632-9bd7-4a69-9aa7-e4d9dea292a7,807945d5-5ceb-4343-a937-48c34478341a,2025-09-10,出席,
c21d45bc-fd44-4c45-a764-2cea83e7ff57,807945d5-5ceb-4343-a937-48c34478341a,2025-09-10,出席,
915602a6-c807-465f-9d8f-f66f5f070ce9,68e5db0d-0d0d-4b30-8b5c-24f9b3f56f73,2025-10-04,出席,
b79bc930-9d2f-412b-8069-84b75d61ad09,68e5db0d-0d0d-4b30-8b5c-24f9b3f56f73,2025-10-04,出席,
154bec19-0f58-47ee-9a40-1d33ff0e0f2a,68e5db0d-0d0d-4b30-8b5c-24f9b3f56f73,2025-10-04,出席,
3f44050b-d295-4ed4-ae90-6f58eafdcccd,68e5db0d-0d0d-4b30-8b5c-24f9b3f56f73,2025-10-04,出席,
d86901d2-1e2e-46b6-9f09-6f770bc683cb,68e5db0d-0d0d-4b30-8b5c-24f9b3f56f73,2025-10-04,出席,
f98aacc3-3dcb-477c-be80-50e4286a8c4a,68e5db0d-0d0d-4b30-8b5c-24f9b3f56f73,2025-10-04,出席,
a44e6718-427b-43d1-93de-1e34ba3c4535,68e5db0d-0d0d-4b30-8b5c-24f9b3f56f73,2025-10-04,出席,
5707f4fb-4f63-4098-86d8-8682033e5859,68e5db0d-0d0d-4b30-8b5c-24f9b3f56f73,2025-10-04,出席,
7ae2fc5c-ab2b-4dc5-80ad-328c43d53619,68e5db0d-0d0d-4b30-8b5c-24f9b3f56f73,2025-10-04,出席,
411f1dad-c0d2-4205-b84e-3f342ee5c54c,68e5db0d-0d0d-4b30-8b5c-24f9b3f56f73,2025-10-04,出席,
813935d3-09f3-4f8c-b633-6a3be4692649,e78ac7ea-67f8-4b15-86c4-445a29635b1f,2025-10-08,出席,
aeaa29b9-9ca0-43c5-954c-ee4757266a3c,e78ac7ea-67f8-4b15-86c4-445a29635b1f,2025-10-08,出席,
065d4b56-88e3-4063-91f1-4a4792add0c0,e78ac7ea-67f8-4b15-86c4-445a29635b1f,2025-10-08,出席,
813935d3-09f3-4f8c-b633-6a3be4692649,167607d0-b816-4485-9030-ff617f8b4382,2025-10-04,出席,[2526出席CSV] 教學紀錄: assign circle up to p.8 hw p.7 | 請堂或補堂紀錄（老師填寫）: 吳俊羲補3/10
c5ca6855-9331-4e61-af32-2d5dd9cd75cc,167607d0-b816-4485-9030-ff617f8b4382,2025-10-04,出席,[2526出席CSV] 教學紀錄: assign circle up to p.8 hw p.7 | 請堂或補堂紀錄（老師填寫）: 吳俊羲補3/10
aeaa29b9-9ca0-43c5-954c-ee4757266a3c,167607d0-b816-4485-9030-ff617f8b4382,2025-10-04,出席,[2526出席CSV] 教學紀錄: assign circle up to p.8 hw p.7 | 請堂或補堂紀錄（老師填寫）: 吳俊羲補3/10
37650bf2-f0b2-4ae7-bf68-da963d4e5d1a,167607d0-b816-4485-9030-ff617f8b4382,2025-10-04,出席,[2526出席CSV] 教學紀錄: assign circle up to p.8 hw p.7 | 請堂或補堂紀錄（老師填寫）: 吳俊羲補3/10
f93c9942-8f06-4354-9f95-30c01fd6b58d,167607d0-b816-4485-9030-ff617f8b4382,2025-10-04,出席,[2526出席CSV] 教學紀錄: assign circle up to p.8 hw p.7 | 請堂或補堂紀錄（老師填寫）: 吳俊羲補3/10
597c7280-53c9-4327-a05d-843c89046796,167607d0-b816-4485-9030-ff617f8b4382,2025-10-04,出席,[2526出席CSV] 教學紀錄: assign circle up to p.8 hw p.7 | 請堂或補堂紀錄（老師填寫）: 吳俊羲補3/10
b173bc1e-153d-4ef7-9ed6-a36be060319c,94194de7-9fd3-4c44-9b29-0030c7616f08,2025-10-04,出席,[2526出席CSV] 教學紀錄: 對 Equation of of Line ws Soin | 請堂或補堂紀錄（老師填寫）: 李承峰video 陳煒傑(補25/9) 關智博zoom
029ff376-ea0b-466e-8d78-6b71a4ca6e0e,94194de7-9fd3-4c44-9b29-0030c7616f08,2025-10-04,出席,[2526出席CSV] 教學紀錄: 對 Equation of of Line ws Soin | 請堂或補堂紀錄（老師填寫）: 李承峰video 陳煒傑(補25/9) 關智博zoom
96cd39e1-d5c1-4994-b5a9-58e9cddfe5bf,94194de7-9fd3-4c44-9b29-0030c7616f08,2025-10-04,出席,[2526出席CSV] 教學紀錄: 對 Equation of of Line ws Soin | 請堂或補堂紀錄（老師填寫）: 李承峰video 陳煒傑(補25/9) 關智博zoom
97f16885-242d-47f8-bc22-f80468c8fb70,94194de7-9fd3-4c44-9b29-0030c7616f08,2025-10-04,出席,[2526出席CSV] 教學紀錄: 對 Equation of of Line ws Soin | 請堂或補堂紀錄（老師填寫）: 李承峰video 陳煒傑(補25/9) 關智博zoom
3e92f8a4-49ab-42e9-9687-e6735b26411e,94194de7-9fd3-4c44-9b29-0030c7616f08,2025-10-04,出席,[2526出席CSV] 教學紀錄: 對 Equation of of Line ws Soin | 請堂或補堂紀錄（老師填寫）: 李承峰video 陳煒傑(補25/9) 關智博zoom
f13c6165-aeeb-4791-ba10-a2de49b58f49,94194de7-9fd3-4c44-9b29-0030c7616f08,2025-10-04,出席,[2526出席CSV] 教學紀錄: 對 Equation of of Line ws Soin | 請堂或補堂紀錄（老師填寫）: 李承峰video 陳煒傑(補25/9) 關智博zoom
65443d7d-dd95-4dcf-8ab3-287e19edbf76,94194de7-9fd3-4c44-9b29-0030c7616f08,2025-10-04,出席,[2526出席CSV] 教學紀錄: 對 Equation of of Line ws Soin | 請堂或補堂紀錄（老師填寫）: 李承峰video 陳煒傑(補25/9) 關智博zoom
db2d4d1b-7b41-461f-bd22-8b86e0e27014,94194de7-9fd3-4c44-9b29-0030c7616f08,2025-10-04,出席,[2526出席CSV] 教學紀錄: 對 Equation of of Line ws Soin | 請堂或補堂紀錄（老師填寫）: 李承峰video 陳煒傑(補25/9) 關智博zoom
40740569-ed26-4b9c-9bca-1afb6eb920ab,94194de7-9fd3-4c44-9b29-0030c7616f08,2025-10-04,出席,[2526出席CSV] 教學紀錄: 對 Equation of of Line ws Soin | 請堂或補堂紀錄（老師填寫）: 李承峰video 陳煒傑(補25/9) 關智博zoom
ce174b57-1108-453b-bc60-f397ea0aacab,370475e2-9a1e-4778-84b1-d097b4133f93,2025-10-04,出席,"[2526出席CSV] 教學紀錄: 學友社2017 P1 Q13-19 | 請堂或補堂紀錄（老師填寫）: 補3/10:李映進,陳宣穎(video),高梓軒(video), 李澄欣(video),林靜zoom"
154bec19-0f58-47ee-9a40-1d33ff0e0f2a,370475e2-9a1e-4778-84b1-d097b4133f93,2025-10-04,出席,"[2526出席CSV] 教學紀錄: 學友社2017 P1 Q13-19 | 請堂或補堂紀錄（老師填寫）: 補3/10:李映進,陳宣穎(video),高梓軒(video), 李澄欣(video),林靜zoom"
40bfa36c-585d-47cd-ba07-effbda547a51,370475e2-9a1e-4778-84b1-d097b4133f93,2025-10-04,出席,"[2526出席CSV] 教學紀錄: 學友社2017 P1 Q13-19 | 請堂或補堂紀錄（老師填寫）: 補3/10:李映進,陳宣穎(video),高梓軒(video), 李澄欣(video),林靜zoom"
411f1dad-c0d2-4205-b84e-3f342ee5c54c,370475e2-9a1e-4778-84b1-d097b4133f93,2025-10-04,出席,"[2526出席CSV] 教學紀錄: 學友社2017 P1 Q13-19 | 請堂或補堂紀錄（老師填寫）: 補3/10:李映進,陳宣穎(video),高梓軒(video), 李澄欣(video),林靜zoom"
0ffa3f51-02b3-4bf8-a87e-f843b5bb038c,370475e2-9a1e-4778-84b1-d097b4133f93,2025-10-04,出席,"[2526出席CSV] 教學紀錄: 學友社2017 P1 Q13-19 | 請堂或補堂紀錄（老師填寫）: 補3/10:李映進,陳宣穎(video),高梓軒(video), 李澄欣(video),林靜zoom"
174c983e-7ecf-432d-acc7-c60d0fa48623,370475e2-9a1e-4778-84b1-d097b4133f93,2025-10-04,出席,"[2526出席CSV] 教學紀錄: 學友社2017 P1 Q13-19 | 請堂或補堂紀錄（老師填寫）: 補3/10:李映進,陳宣穎(video),高梓軒(video), 李澄欣(video),林靜zoom"
223038a1-164b-482a-9408-1007dc373467,370475e2-9a1e-4778-84b1-d097b4133f93,2025-10-04,出席,"[2526出席CSV] 教學紀錄: 學友社2017 P1 Q13-19 | 請堂或補堂紀錄（老師填寫）: 補3/10:李映進,陳宣穎(video),高梓軒(video), 李澄欣(video),林靜zoom"
c6cdae79-baa1-425e-8345-976e45c84315,717fc491-c5c3-4e59-a48a-ecaf23d168b5,2025-10-09,出席,[2526出席CSV] 教學紀錄: 開algebriac fraction up to change subject
86d25c49-66d0-406b-a725-5b4973f21df3,717fc491-c5c3-4e59-a48a-ecaf23d168b5,2025-10-09,出席,[2526出席CSV] 教學紀錄: 開algebriac fraction up to change subject
17575f59-9a5a-4d56-8e46-b75c6c2ae37c,717fc491-c5c3-4e59-a48a-ecaf23d168b5,2025-10-09,出席,[2526出席CSV] 教學紀錄: 開algebriac fraction up to change subject
0390c81e-b8b3-4d1e-a0f0-b2cdaae2c6a9,717fc491-c5c3-4e59-a48a-ecaf23d168b5,2025-10-09,出席,[2526出席CSV] 教學紀錄: 開algebriac fraction up to change subject
f4317920-332c-445a-930d-7a5c230051e8,1c46b037-f332-4eb0-9540-5f04a052570b,2025-10-09,出席,[2526出席CSV] 教學紀錄: st.line hard ws 陳煒傑 st. line test | 請堂或補堂紀錄（老師填寫）: 李承峰調13/10
a09da146-6195-4d68-a1f8-22a8202a1f3d,1c46b037-f332-4eb0-9540-5f04a052570b,2025-10-09,出席,[2526出席CSV] 教學紀錄: st.line hard ws 陳煒傑 st. line test | 請堂或補堂紀錄（老師填寫）: 李承峰調13/10
db2d4d1b-7b41-461f-bd22-8b86e0e27014,1c46b037-f332-4eb0-9540-5f04a052570b,2025-10-09,出席,[2526出席CSV] 教學紀錄: st.line hard ws 陳煒傑 st. line test | 請堂或補堂紀錄（老師填寫）: 李承峰調13/10
b1d2933b-0459-4f85-9e0c-dd9eb0bc403a,21627141-68b0-4be0-a072-8cc7c4878654,2025-10-11,出席,
c6cdae79-baa1-425e-8345-976e45c84315,21627141-68b0-4be0-a072-8cc7c4878654,2025-10-11,出席,
2f2cbe75-b1a6-4235-b2f5-05fc3a752aa6,36de22e8-74e0-41e0-af01-a6cfaf72651f,2025-10-11,出席,
20361dec-731e-4c2f-bf0b-0b8f474361ff,eb9d88d8-cb5c-4ea5-aae2-ada9dd4a99ba,2025-10-11,出席,
813935d3-09f3-4f8c-b633-6a3be4692649,eb9d88d8-cb5c-4ea5-aae2-ada9dd4a99ba,2025-10-11,出席,
aeaa29b9-9ca0-43c5-954c-ee4757266a3c,eb9d88d8-cb5c-4ea5-aae2-ada9dd4a99ba,2025-10-11,出席,
3bf0758e-7f75-403c-82eb-a995ef71f447,72f4a923-5ac0-4183-bb70-bc64349ff3af,2025-10-11,出席,
0b656f33-268d-4d21-a49f-a37818134fa2,e4aa21ce-1d5e-4e6a-b13a-6e274a27a1d2,2025-10-11,出席,
550ef8fa-8579-42a7-904c-e634a697ae5c,e4aa21ce-1d5e-4e6a-b13a-6e274a27a1d2,2025-10-11,出席,
f4317920-332c-445a-930d-7a5c230051e8,51696dbe-1d38-4112-9859-29ecb25d5a6d,2025-10-08,出席,
6febe4d0-557d-48a2-b283-07963139d5c3,51696dbe-1d38-4112-9859-29ecb25d5a6d,2025-10-08,出席,
597c7280-53c9-4327-a05d-843c89046796,51696dbe-1d38-4112-9859-29ecb25d5a6d,2025-10-08,出席,
ce174b57-1108-453b-bc60-f397ea0aacab,51696dbe-1d38-4112-9859-29ecb25d5a6d,2025-10-08,出席,
0ffa3f51-02b3-4bf8-a87e-f843b5bb038c,51696dbe-1d38-4112-9859-29ecb25d5a6d,2025-10-08,出席,
f13c6165-aeeb-4791-ba10-a2de49b58f49,51696dbe-1d38-4112-9859-29ecb25d5a6d,2025-10-08,出席,
915602a6-c807-465f-9d8f-f66f5f070ce9,68e5db0d-0d0d-4b30-8b5c-24f9b3f56f73,2025-10-11,出席,
b79bc930-9d2f-412b-8069-84b75d61ad09,68e5db0d-0d0d-4b30-8b5c-24f9b3f56f73,2025-10-11,出席,
154bec19-0f58-47ee-9a40-1d33ff0e0f2a,68e5db0d-0d0d-4b30-8b5c-24f9b3f56f73,2025-10-11,出席,
3f44050b-d295-4ed4-ae90-6f58eafdcccd,68e5db0d-0d0d-4b30-8b5c-24f9b3f56f73,2025-10-11,出席,
d86901d2-1e2e-46b6-9f09-6f770bc683cb,68e5db0d-0d0d-4b30-8b5c-24f9b3f56f73,2025-10-11,出席,
f98aacc3-3dcb-477c-be80-50e4286a8c4a,68e5db0d-0d0d-4b30-8b5c-24f9b3f56f73,2025-10-11,出席,
a44e6718-427b-43d1-93de-1e34ba3c4535,68e5db0d-0d0d-4b30-8b5c-24f9b3f56f73,2025-10-11,出席,
5707f4fb-4f63-4098-86d8-8682033e5859,68e5db0d-0d0d-4b30-8b5c-24f9b3f56f73,2025-10-11,出席,
7ae2fc5c-ab2b-4dc5-80ad-328c43d53619,68e5db0d-0d0d-4b30-8b5c-24f9b3f56f73,2025-10-11,出席,
411f1dad-c0d2-4205-b84e-3f342ee5c54c,68e5db0d-0d0d-4b30-8b5c-24f9b3f56f73,2025-10-11,出席,
0069abd3-f16d-4ed6-a7b9-1d531d527cf3,68e5db0d-0d0d-4b30-8b5c-24f9b3f56f73,2025-10-11,出席,
20361dec-731e-4c2f-bf0b-0b8f474361ff,0fc0070f-98b1-49af-869d-4a5ce0776428,2025-10-10,出席,[2526出席CSV] 教學紀錄: 學友社2017 P1 Q13-19 Hw:Q1-9 | 請堂或補堂紀錄（老師填寫）: 譚廣傑 謝瀚霆 袁卓楠 梁柏熙 (補3/10) 吳俊羲video
fbb27277-2d26-4d3f-9fd4-a8f0fa5cddee,0fc0070f-98b1-49af-869d-4a5ce0776428,2025-10-10,出席,[2526出席CSV] 教學紀錄: 學友社2017 P1 Q13-19 Hw:Q1-9 | 請堂或補堂紀錄（老師填寫）: 譚廣傑 謝瀚霆 袁卓楠 梁柏熙 (補3/10) 吳俊羲video
93f8aab8-3eb4-43cb-aebb-d07764819b00,0fc0070f-98b1-49af-869d-4a5ce0776428,2025-10-10,出席,[2526出席CSV] 教學紀錄: 學友社2017 P1 Q13-19 Hw:Q1-9 | 請堂或補堂紀錄（老師填寫）: 譚廣傑 謝瀚霆 袁卓楠 梁柏熙 (補3/10) 吳俊羲video
6febe4d0-557d-48a2-b283-07963139d5c3,0fc0070f-98b1-49af-869d-4a5ce0776428,2025-10-10,出席,[2526出席CSV] 教學紀錄: 學友社2017 P1 Q13-19 Hw:Q1-9 | 請堂或補堂紀錄（老師填寫）: 譚廣傑 謝瀚霆 袁卓楠 梁柏熙 (補3/10) 吳俊羲video
597c7280-53c9-4327-a05d-843c89046796,0fc0070f-98b1-49af-869d-4a5ce0776428,2025-10-10,出席,[2526出席CSV] 教學紀錄: 學友社2017 P1 Q13-19 Hw:Q1-9 | 請堂或補堂紀錄（老師填寫）: 譚廣傑 謝瀚霆 袁卓楠 梁柏熙 (補3/10) 吳俊羲video
a44e6718-427b-43d1-93de-1e34ba3c4535,0fc0070f-98b1-49af-869d-4a5ce0776428,2025-10-10,出席,[2526出席CSV] 教學紀錄: 學友社2017 P1 Q13-19 Hw:Q1-9 | 請堂或補堂紀錄（老師填寫）: 譚廣傑 謝瀚霆 袁卓楠 梁柏熙 (補3/10) 吳俊羲video
04d4a09f-2b4e-4b2d-8820-271f0f8ffeb0,0fc0070f-98b1-49af-869d-4a5ce0776428,2025-10-10,出席,[2526出席CSV] 教學紀錄: 學友社2017 P1 Q13-19 Hw:Q1-9 | 請堂或補堂紀錄（老師填寫）: 譚廣傑 謝瀚霆 袁卓楠 梁柏熙 (補3/10) 吳俊羲video
395e0b9d-acc1-4ef8-97ea-5c3ab4eb1ac8,0fc0070f-98b1-49af-869d-4a5ce0776428,2025-10-10,出席,[2526出席CSV] 教學紀錄: 學友社2017 P1 Q13-19 Hw:Q1-9 | 請堂或補堂紀錄（老師填寫）: 譚廣傑 謝瀚霆 袁卓楠 梁柏熙 (補3/10) 吳俊羲video
35893dd5-f77e-4ef4-b6b2-4baabb14f357,0fc0070f-98b1-49af-869d-4a5ce0776428,2025-10-10,出席,[2526出席CSV] 教學紀錄: 學友社2017 P1 Q13-19 Hw:Q1-9 | 請堂或補堂紀錄（老師填寫）: 譚廣傑 謝瀚霆 袁卓楠 梁柏熙 (補3/10) 吳俊羲video
301a4b5e-c55d-4b4d-91d7-0bc05aada67d,5563dfc9-cbb2-4dfb-8cc5-f3709ce0cb76,2025-10-10,出席,[2526出席CSV] 教學紀錄: 2016-2017 學友社P2 下堂開新卷做
a44e6718-427b-43d1-93de-1e34ba3c4535,5563dfc9-cbb2-4dfb-8cc5-f3709ce0cb76,2025-10-10,出席,[2526出席CSV] 教學紀錄: 2016-2017 學友社P2 下堂開新卷做
174c983e-7ecf-432d-acc7-c60d0fa48623,5563dfc9-cbb2-4dfb-8cc5-f3709ce0cb76,2025-10-10,出席,[2526出席CSV] 教學紀錄: 2016-2017 學友社P2 下堂開新卷做
223038a1-164b-482a-9408-1007dc373467,5563dfc9-cbb2-4dfb-8cc5-f3709ce0cb76,2025-10-10,出席,[2526出席CSV] 教學紀錄: 2016-2017 學友社P2 下堂開新卷做
0ffa3f51-02b3-4bf8-a87e-f843b5bb038c,5563dfc9-cbb2-4dfb-8cc5-f3709ce0cb76,2025-10-10,出席,[2526出席CSV] 教學紀錄: 2016-2017 學友社P2 下堂開新卷做
395e0b9d-acc1-4ef8-97ea-5c3ab4eb1ac8,5563dfc9-cbb2-4dfb-8cc5-f3709ce0cb76,2025-10-10,出席,[2526出席CSV] 教學紀錄: 2016-2017 學友社P2 下堂開新卷做
04d4a09f-2b4e-4b2d-8820-271f0f8ffeb0,5563dfc9-cbb2-4dfb-8cc5-f3709ce0cb76,2025-10-10,出席,[2526出席CSV] 教學紀錄: 2016-2017 學友社P2 下堂開新卷做
ce174b57-1108-453b-bc60-f397ea0aacab,5563dfc9-cbb2-4dfb-8cc5-f3709ce0cb76,2025-10-10,出席,[2526出席CSV] 教學紀錄: 2016-2017 學友社P2 下堂開新卷做
813935d3-09f3-4f8c-b633-6a3be4692649,167607d0-b816-4485-9030-ff617f8b4382,2025-10-11,出席,[2526出席CSV] 教學紀錄: 2016-2017 學友社P1 Q1-13 | 請堂或補堂紀錄（老師填寫）: 蕭馥鎣Zoom
c5ca6855-9331-4e61-af32-2d5dd9cd75cc,167607d0-b816-4485-9030-ff617f8b4382,2025-10-11,出席,[2526出席CSV] 教學紀錄: 2016-2017 學友社P1 Q1-13 | 請堂或補堂紀錄（老師填寫）: 蕭馥鎣Zoom
aeaa29b9-9ca0-43c5-954c-ee4757266a3c,167607d0-b816-4485-9030-ff617f8b4382,2025-10-11,出席,[2526出席CSV] 教學紀錄: 2016-2017 學友社P1 Q1-13 | 請堂或補堂紀錄（老師填寫）: 蕭馥鎣Zoom
37650bf2-f0b2-4ae7-bf68-da963d4e5d1a,167607d0-b816-4485-9030-ff617f8b4382,2025-10-11,出席,[2526出席CSV] 教學紀錄: 2016-2017 學友社P1 Q1-13 | 請堂或補堂紀錄（老師填寫）: 蕭馥鎣Zoom
f93c9942-8f06-4354-9f95-30c01fd6b58d,167607d0-b816-4485-9030-ff617f8b4382,2025-10-11,出席,[2526出席CSV] 教學紀錄: 2016-2017 學友社P1 Q1-13 | 請堂或補堂紀錄（老師填寫）: 蕭馥鎣Zoom
b173bc1e-153d-4ef7-9ed6-a36be060319c,94194de7-9fd3-4c44-9b29-0030c7616f08,2025-10-11,出席,[2526出席CSV] 教學紀錄: function and graph up to domain assign st line test Q7-10 未做 | 請堂或補堂紀錄（老師填寫）: 陳煒傑補2/10 Zoom 王晴怡補2/10 李承峰補9/10 霍健一調16/10
96cd39e1-d5c1-4994-b5a9-58e9cddfe5bf,94194de7-9fd3-4c44-9b29-0030c7616f08,2025-10-11,出席,[2526出席CSV] 教學紀錄: function and graph up to domain assign st line test Q7-10 未做 | 請堂或補堂紀錄（老師填寫）: 陳煒傑補2/10 Zoom 王晴怡補2/10 李承峰補9/10 霍健一調16/10
97f16885-242d-47f8-bc22-f80468c8fb70,94194de7-9fd3-4c44-9b29-0030c7616f08,2025-10-11,出席,[2526出席CSV] 教學紀錄: function and graph up to domain assign st line test Q7-10 未做 | 請堂或補堂紀錄（老師填寫）: 陳煒傑補2/10 Zoom 王晴怡補2/10 李承峰補9/10 霍健一調16/10
3e92f8a4-49ab-42e9-9687-e6735b26411e,94194de7-9fd3-4c44-9b29-0030c7616f08,2025-10-11,出席,[2526出席CSV] 教學紀錄: function and graph up to domain assign st line test Q7-10 未做 | 請堂或補堂紀錄（老師填寫）: 陳煒傑補2/10 Zoom 王晴怡補2/10 李承峰補9/10 霍健一調16/10
f13c6165-aeeb-4791-ba10-a2de49b58f49,94194de7-9fd3-4c44-9b29-0030c7616f08,2025-10-11,出席,[2526出席CSV] 教學紀錄: function and graph up to domain assign st line test Q7-10 未做 | 請堂或補堂紀錄（老師填寫）: 陳煒傑補2/10 Zoom 王晴怡補2/10 李承峰補9/10 霍健一調16/10
65443d7d-dd95-4dcf-8ab3-287e19edbf76,94194de7-9fd3-4c44-9b29-0030c7616f08,2025-10-11,出席,[2526出席CSV] 教學紀錄: function and graph up to domain assign st line test Q7-10 未做 | 請堂或補堂紀錄（老師填寫）: 陳煒傑補2/10 Zoom 王晴怡補2/10 李承峰補9/10 霍健一調16/10
db2d4d1b-7b41-461f-bd22-8b86e0e27014,94194de7-9fd3-4c44-9b29-0030c7616f08,2025-10-11,出席,[2526出席CSV] 教學紀錄: function and graph up to domain assign st line test Q7-10 未做 | 請堂或補堂紀錄（老師填寫）: 陳煒傑補2/10 Zoom 王晴怡補2/10 李承峰補9/10 霍健一調16/10
a09da146-6195-4d68-a1f8-22a8202a1f3d,94194de7-9fd3-4c44-9b29-0030c7616f08,2025-10-11,出席,[2526出席CSV] 教學紀錄: function and graph up to domain assign st line test Q7-10 未做 | 請堂或補堂紀錄（老師填寫）: 陳煒傑補2/10 Zoom 王晴怡補2/10 李承峰補9/10 霍健一調16/10
40740569-ed26-4b9c-9bca-1afb6eb920ab,94194de7-9fd3-4c44-9b29-0030c7616f08,2025-10-11,出席,[2526出席CSV] 教學紀錄: function and graph up to domain assign st line test Q7-10 未做 | 請堂或補堂紀錄（老師填寫）: 陳煒傑補2/10 Zoom 王晴怡補2/10 李承峰補9/10 霍健一調16/10
154bec19-0f58-47ee-9a40-1d33ff0e0f2a,370475e2-9a1e-4778-84b1-d097b4133f93,2025-10-11,出席,[2526出席CSV] 教學紀錄: HeepYunn 2017-2018 P2 Q1-30 | 請堂或補堂紀錄（老師填寫）: 鍾永恆補3/10
40bfa36c-585d-47cd-ba07-effbda547a51,370475e2-9a1e-4778-84b1-d097b4133f93,2025-10-11,出席,[2526出席CSV] 教學紀錄: HeepYunn 2017-2018 P2 Q1-30 | 請堂或補堂紀錄（老師填寫）: 鍾永恆補3/10
411f1dad-c0d2-4205-b84e-3f342ee5c54c,370475e2-9a1e-4778-84b1-d097b4133f93,2025-10-11,出席,[2526出席CSV] 教學紀錄: HeepYunn 2017-2018 P2 Q1-30 | 請堂或補堂紀錄（老師填寫）: 鍾永恆補3/10
301a4b5e-c55d-4b4d-91d7-0bc05aada67d,370475e2-9a1e-4778-84b1-d097b4133f93,2025-10-11,出席,[2526出席CSV] 教學紀錄: HeepYunn 2017-2018 P2 Q1-30 | 請堂或補堂紀錄（老師填寫）: 鍾永恆補3/10
fa7e5572-9889-486d-9ea6-29d17ce33e4f,cf2ed201-b3bf-45cc-ac38-011bd14d1c57,2025-10-10,出席,
b09a62d4-58b0-4ba8-a413-6263a03eec8c,cf2ed201-b3bf-45cc-ac38-011bd14d1c57,2025-10-10,出席,
8b67097c-4edf-4e5a-b370-a2972e4322ef,cf2ed201-b3bf-45cc-ac38-011bd14d1c57,2025-10-10,出席,
fc090614-5e34-4daf-b367-62b79b3ecb57,cf2ed201-b3bf-45cc-ac38-011bd14d1c57,2025-10-10,出席,
b066adc9-0d9b-4c00-a054-9604d1dfeb89,cf2ed201-b3bf-45cc-ac38-011bd14d1c57,2025-10-10,出席,
0d708d45-f2c3-4edc-bf6e-f11f4f37abc0,cf2ed201-b3bf-45cc-ac38-011bd14d1c57,2025-10-10,出席,
db303f37-2f92-4c35-8a7d-dd8773d1507a,cf2ed201-b3bf-45cc-ac38-011bd14d1c57,2025-10-10,出席,
ba7d09f2-5167-4418-b5ad-a83d20c67c63,529c3dc8-81dd-44e2-a849-061c93f73d0b,2025-10-12,出席,[2526出席CSV] 教學紀錄: Directed no. questions+ applications questions
02bb5dac-c1fd-43a6-aa6b-0544929c0672,529c3dc8-81dd-44e2-a849-061c93f73d0b,2025-10-12,出席,[2526出席CSV] 教學紀錄: Directed no. questions+ applications questions
813935d3-09f3-4f8c-b633-6a3be4692649,4f7902da-2259-40bf-af6a-87f3aaa40d68,2025-10-12,出席,
3bf0758e-7f75-403c-82eb-a995ef71f447,72f4a923-5ac0-4183-bb70-bc64349ff3af,2025-10-12,出席,
e937c6a5-9116-44f3-a203-318c48fa6aec,f3f6f42a-90e4-4bf2-b92b-3f12416db9f3,2025-10-12,出席,
813935d3-09f3-4f8c-b633-6a3be4692649,8e8dfabf-f571-4230-987a-53e717e9614a,2025-10-12,出席,
dde027ee-458a-48b6-88d9-f1ec6d819698,8e8dfabf-f571-4230-987a-53e717e9614a,2025-10-12,出席,
154bec19-0f58-47ee-9a40-1d33ff0e0f2a,1c610853-1733-40ad-90ed-5085baaea561,2025-10-12,出席,
05fbd9a6-0a16-48b0-81d1-df45293e23ec,1c610853-1733-40ad-90ed-5085baaea561,2025-10-12,出席,
411f1dad-c0d2-4205-b84e-3f342ee5c54c,1c610853-1733-40ad-90ed-5085baaea561,2025-10-12,出席,
2f2cbe75-b1a6-4235-b2f5-05fc3a752aa6,1aad19f0-38ce-4787-9fbf-fa92d4774e0f,2025-10-12,出席,
a644ff5a-3115-47f4-ade3-7a2fca30897e,1aad19f0-38ce-4787-9fbf-fa92d4774e0f,2025-10-12,出席,
0ae337c5-615d-476e-9cb9-1544bbb8c439,1aad19f0-38ce-4787-9fbf-fa92d4774e0f,2025-10-12,出席,
20361dec-731e-4c2f-bf0b-0b8f474361ff,730ca500-137f-4c89-86d1-c835bd0c0273,2025-10-12,出席,
5174ab4c-3cf9-4640-97c8-78dd6f83c44e,730ca500-137f-4c89-86d1-c835bd0c0273,2025-10-12,出席,
47b7153c-1393-4bdf-bed2-47640213ec5e,730ca500-137f-4c89-86d1-c835bd0c0273,2025-10-12,出席,
521bdfcb-74ff-4166-9e6f-5721ac1650f4,d3bbaf3f-9465-443a-8507-19456e2e86c0,2025-10-13,出席,
c6cdae79-baa1-425e-8345-976e45c84315,210ee57a-12af-415e-8543-73862201a136,2025-10-13,出席,
ce8c4982-bf08-4213-86f7-99292a8f70ff,1db99818-f7fe-4e73-b8d5-c306ae33b0d2,2025-10-14,出席,[2526出席CSV] 教學紀錄: 開% up to
879205e4-a499-445f-86ab-ff56f3569438,1db99818-f7fe-4e73-b8d5-c306ae33b0d2,2025-10-14,出席,[2526出席CSV] 教學紀錄: 開% up to
854ea905-3880-4c43-a34d-e9a08b319a15,1db99818-f7fe-4e73-b8d5-c306ae33b0d2,2025-10-14,出席,[2526出席CSV] 教學紀錄: 開% up to
f4317920-332c-445a-930d-7a5c230051e8,d4ef9fff-d444-4edb-b25a-a77d540824cd,2025-10-14,出席,
f4317920-332c-445a-930d-7a5c230051e8,51696dbe-1d38-4112-9859-29ecb25d5a6d,2025-10-15,出席,
6febe4d0-557d-48a2-b283-07963139d5c3,51696dbe-1d38-4112-9859-29ecb25d5a6d,2025-10-15,出席,
597c7280-53c9-4327-a05d-843c89046796,51696dbe-1d38-4112-9859-29ecb25d5a6d,2025-10-15,出席,
ce174b57-1108-453b-bc60-f397ea0aacab,51696dbe-1d38-4112-9859-29ecb25d5a6d,2025-10-15,出席,
0ffa3f51-02b3-4bf8-a87e-f843b5bb038c,51696dbe-1d38-4112-9859-29ecb25d5a6d,2025-10-15,出席,
f13c6165-aeeb-4791-ba10-a2de49b58f49,51696dbe-1d38-4112-9859-29ecb25d5a6d,2025-10-15,出席,
c6cdae79-baa1-425e-8345-976e45c84315,717fc491-c5c3-4e59-a48a-ecaf23d168b5,2025-10-16,出席,[2526出席CSV] 教學紀錄: cont algebriac fraction + assign EC UT | 請堂或補堂紀錄（老師填寫）: 文覺潁甲流請假
17575f59-9a5a-4d56-8e46-b75c6c2ae37c,717fc491-c5c3-4e59-a48a-ecaf23d168b5,2025-10-16,出席,[2526出席CSV] 教學紀錄: cont algebriac fraction + assign EC UT | 請堂或補堂紀錄（老師填寫）: 文覺潁甲流請假
0390c81e-b8b3-4d1e-a0f0-b2cdaae2c6a9,717fc491-c5c3-4e59-a48a-ecaf23d168b5,2025-10-16,出席,[2526出席CSV] 教學紀錄: cont algebriac fraction + assign EC UT | 請堂或補堂紀錄（老師填寫）: 文覺潁甲流請假
f4317920-332c-445a-930d-7a5c230051e8,1c46b037-f332-4eb0-9540-5f04a052570b,2025-10-16,出席,[2526出席CSV] 教學紀錄: tkp 17-18 1st UT test | 請堂或補堂紀錄（老師填寫）: 霍健一補11/10 李承峰調18/10 陳煒傑錄影
a09da146-6195-4d68-a1f8-22a8202a1f3d,1c46b037-f332-4eb0-9540-5f04a052570b,2025-10-16,出席,[2526出席CSV] 教學紀錄: tkp 17-18 1st UT test | 請堂或補堂紀錄（老師填寫）: 霍健一補11/10 李承峰調18/10 陳煒傑錄影
db2d4d1b-7b41-461f-bd22-8b86e0e27014,1c46b037-f332-4eb0-9540-5f04a052570b,2025-10-16,出席,[2526出席CSV] 教學紀錄: tkp 17-18 1st UT test | 請堂或補堂紀錄（老師填寫）: 霍健一補11/10 李承峰調18/10 陳煒傑錄影
029ff376-ea0b-466e-8d78-6b71a4ca6e0e,1c46b037-f332-4eb0-9540-5f04a052570b,2025-10-16,出席,[2526出席CSV] 教學紀錄: tkp 17-18 1st UT test | 請堂或補堂紀錄（老師填寫）: 霍健一補11/10 李承峰調18/10 陳煒傑錄影
0b656f33-268d-4d21-a49f-a37818134fa2,4669cf9a-0d02-450a-a0be-3b8907764d56,2025-10-04,出席,
bb8803c5-0b02-47ee-afc6-af3d0240705c,4669cf9a-0d02-450a-a0be-3b8907764d56,2025-10-04,出席,
521bdfcb-74ff-4166-9e6f-5721ac1650f4,4669cf9a-0d02-450a-a0be-3b8907764d56,2025-10-04,出席,
bdf4ef17-29f2-4d92-8ea9-ab06b9e47f1d,43aab94a-c3d2-4647-abbb-244d9ae970aa,2025-10-04,出席,
f11cc305-e7d8-4296-a524-421d7d53212f,43aab94a-c3d2-4647-abbb-244d9ae970aa,2025-10-04,出席,
5174ab4c-3cf9-4640-97c8-78dd6f83c44e,43aab94a-c3d2-4647-abbb-244d9ae970aa,2025-10-04,出席,
2d75a8f3-7d21-49e3-985c-6b7defb351fc,43aab94a-c3d2-4647-abbb-244d9ae970aa,2025-10-04,出席,
6ad0329a-ad2d-4df1-b07a-b340ee9a5c23,43aab94a-c3d2-4647-abbb-244d9ae970aa,2025-10-04,出席,
c5ca6855-9331-4e61-af32-2d5dd9cd75cc,43aab94a-c3d2-4647-abbb-244d9ae970aa,2025-10-04,出席,
d9b18c83-41c2-4e39-94f9-95513e096c39,43aab94a-c3d2-4647-abbb-244d9ae970aa,2025-10-04,出席,
0ae337c5-615d-476e-9cb9-1544bbb8c439,43aab94a-c3d2-4647-abbb-244d9ae970aa,2025-10-04,出席,
f93c9942-8f06-4354-9f95-30c01fd6b58d,43aab94a-c3d2-4647-abbb-244d9ae970aa,2025-10-04,出席,
2b18c20a-b985-4331-a232-eb31df0303ca,43aab94a-c3d2-4647-abbb-244d9ae970aa,2025-10-04,出席,
e850f4ce-0e20-4280-9d14-b5f85b39dcdc,aaa3f0f8-bb13-4442-8e4f-27a4327f9f75,2025-10-10,出席,
40bfa36c-585d-47cd-ba07-effbda547a51,aaa3f0f8-bb13-4442-8e4f-27a4327f9f75,2025-10-10,出席,
915602a6-c807-465f-9d8f-f66f5f070ce9,aaa3f0f8-bb13-4442-8e4f-27a4327f9f75,2025-10-10,出席,
174c983e-7ecf-432d-acc7-c60d0fa48623,aaa3f0f8-bb13-4442-8e4f-27a4327f9f75,2025-10-10,出席,
db2d4d1b-7b41-461f-bd22-8b86e0e27014,aaa3f0f8-bb13-4442-8e4f-27a4327f9f75,2025-10-10,出席,
0b656f33-268d-4d21-a49f-a37818134fa2,4669cf9a-0d02-450a-a0be-3b8907764d56,2025-10-11,出席,
bb8803c5-0b02-47ee-afc6-af3d0240705c,4669cf9a-0d02-450a-a0be-3b8907764d56,2025-10-11,出席,
521bdfcb-74ff-4166-9e6f-5721ac1650f4,4669cf9a-0d02-450a-a0be-3b8907764d56,2025-10-11,出席,
f11cc305-e7d8-4296-a524-421d7d53212f,43aab94a-c3d2-4647-abbb-244d9ae970aa,2025-10-11,出席,
5174ab4c-3cf9-4640-97c8-78dd6f83c44e,43aab94a-c3d2-4647-abbb-244d9ae970aa,2025-10-11,出席,
2d75a8f3-7d21-49e3-985c-6b7defb351fc,43aab94a-c3d2-4647-abbb-244d9ae970aa,2025-10-11,出席,
6ad0329a-ad2d-4df1-b07a-b340ee9a5c23,43aab94a-c3d2-4647-abbb-244d9ae970aa,2025-10-11,出席,
c5ca6855-9331-4e61-af32-2d5dd9cd75cc,43aab94a-c3d2-4647-abbb-244d9ae970aa,2025-10-11,出席,
d9b18c83-41c2-4e39-94f9-95513e096c39,43aab94a-c3d2-4647-abbb-244d9ae970aa,2025-10-11,出席,
0ae337c5-615d-476e-9cb9-1544bbb8c439,43aab94a-c3d2-4647-abbb-244d9ae970aa,2025-10-11,出席,
f93c9942-8f06-4354-9f95-30c01fd6b58d,43aab94a-c3d2-4647-abbb-244d9ae970aa,2025-10-11,出席,
2b18c20a-b985-4331-a232-eb31df0303ca,43aab94a-c3d2-4647-abbb-244d9ae970aa,2025-10-11,出席,
a6d7e398-6053-4f3e-87e2-b28508728b8c,aaa3f0f8-bb13-4442-8e4f-27a4327f9f75,2025-10-17,出席,[2526出席CSV] 請堂或補堂紀錄（老師填寫）: 高梓軒、凌巧悅 請假，高梓軒錄影補堂
40bfa36c-585d-47cd-ba07-effbda547a51,aaa3f0f8-bb13-4442-8e4f-27a4327f9f75,2025-10-17,出席,[2526出席CSV] 請堂或補堂紀錄（老師填寫）: 高梓軒、凌巧悅 請假，高梓軒錄影補堂
915602a6-c807-465f-9d8f-f66f5f070ce9,aaa3f0f8-bb13-4442-8e4f-27a4327f9f75,2025-10-17,出席,[2526出席CSV] 請堂或補堂紀錄（老師填寫）: 高梓軒、凌巧悅 請假，高梓軒錄影補堂
174c983e-7ecf-432d-acc7-c60d0fa48623,aaa3f0f8-bb13-4442-8e4f-27a4327f9f75,2025-10-17,出席,[2526出席CSV] 請堂或補堂紀錄（老師填寫）: 高梓軒、凌巧悅 請假，高梓軒錄影補堂
db2d4d1b-7b41-461f-bd22-8b86e0e27014,aaa3f0f8-bb13-4442-8e4f-27a4327f9f75,2025-10-17,出席,[2526出席CSV] 請堂或補堂紀錄（老師填寫）: 高梓軒、凌巧悅 請假，高梓軒錄影補堂
223038a1-164b-482a-9408-1007dc373467,aaa3f0f8-bb13-4442-8e4f-27a4327f9f75,2025-10-17,出席,[2526出席CSV] 請堂或補堂紀錄（老師填寫）: 高梓軒、凌巧悅 請假，高梓軒錄影補堂
20361dec-731e-4c2f-bf0b-0b8f474361ff,0fc0070f-98b1-49af-869d-4a5ce0776428,2025-10-17,出席,[2526出席CSV] 教學紀錄: cont circle equation | 請堂或補堂紀錄（老師填寫）: 鐘永恆提早上24/10 林可欣video
fbb27277-2d26-4d3f-9fd4-a8f0fa5cddee,0fc0070f-98b1-49af-869d-4a5ce0776428,2025-10-17,出席,[2526出席CSV] 教學紀錄: cont circle equation | 請堂或補堂紀錄（老師填寫）: 鐘永恆提早上24/10 林可欣video
93f8aab8-3eb4-43cb-aebb-d07764819b00,0fc0070f-98b1-49af-869d-4a5ce0776428,2025-10-17,出席,[2526出席CSV] 教學紀錄: cont circle equation | 請堂或補堂紀錄（老師填寫）: 鐘永恆提早上24/10 林可欣video
6febe4d0-557d-48a2-b283-07963139d5c3,0fc0070f-98b1-49af-869d-4a5ce0776428,2025-10-17,出席,[2526出席CSV] 教學紀錄: cont circle equation | 請堂或補堂紀錄（老師填寫）: 鐘永恆提早上24/10 林可欣video
597c7280-53c9-4327-a05d-843c89046796,0fc0070f-98b1-49af-869d-4a5ce0776428,2025-10-17,出席,[2526出席CSV] 教學紀錄: cont circle equation | 請堂或補堂紀錄（老師填寫）: 鐘永恆提早上24/10 林可欣video
35893dd5-f77e-4ef4-b6b2-4baabb14f357,0fc0070f-98b1-49af-869d-4a5ce0776428,2025-10-17,出席,[2526出席CSV] 教學紀錄: cont circle equation | 請堂或補堂紀錄（老師填寫）: 鐘永恆提早上24/10 林可欣video
301a4b5e-c55d-4b4d-91d7-0bc05aada67d,0fc0070f-98b1-49af-869d-4a5ce0776428,2025-10-17,出席,[2526出席CSV] 教學紀錄: cont circle equation | 請堂或補堂紀錄（老師填寫）: 鐘永恆提早上24/10 林可欣video
fa7e5572-9889-486d-9ea6-29d17ce33e4f,cf2ed201-b3bf-45cc-ac38-011bd14d1c57,2025-10-17,出席,
b09a62d4-58b0-4ba8-a413-6263a03eec8c,cf2ed201-b3bf-45cc-ac38-011bd14d1c57,2025-10-17,出席,
8b67097c-4edf-4e5a-b370-a2972e4322ef,cf2ed201-b3bf-45cc-ac38-011bd14d1c57,2025-10-17,出席,
fc090614-5e34-4daf-b367-62b79b3ecb57,cf2ed201-b3bf-45cc-ac38-011bd14d1c57,2025-10-17,出席,
b066adc9-0d9b-4c00-a054-9604d1dfeb89,cf2ed201-b3bf-45cc-ac38-011bd14d1c57,2025-10-17,出席,
0d708d45-f2c3-4edc-bf6e-f11f4f37abc0,cf2ed201-b3bf-45cc-ac38-011bd14d1c57,2025-10-17,出席,
db303f37-2f92-4c35-8a7d-dd8773d1507a,cf2ed201-b3bf-45cc-ac38-011bd14d1c57,2025-10-17,出席,
b1d2933b-0459-4f85-9e0c-dd9eb0bc403a,21627141-68b0-4be0-a072-8cc7c4878654,2025-10-18,出席,
c6cdae79-baa1-425e-8345-976e45c84315,21627141-68b0-4be0-a072-8cc7c4878654,2025-10-18,出席,
2f2cbe75-b1a6-4235-b2f5-05fc3a752aa6,36de22e8-74e0-41e0-af01-a6cfaf72651f,2025-10-18,出席,
20361dec-731e-4c2f-bf0b-0b8f474361ff,eb9d88d8-cb5c-4ea5-aae2-ada9dd4a99ba,2025-10-18,出席,
813935d3-09f3-4f8c-b633-6a3be4692649,eb9d88d8-cb5c-4ea5-aae2-ada9dd4a99ba,2025-10-18,出席,
aeaa29b9-9ca0-43c5-954c-ee4757266a3c,eb9d88d8-cb5c-4ea5-aae2-ada9dd4a99ba,2025-10-18,出席,
3bf0758e-7f75-403c-82eb-a995ef71f447,72f4a923-5ac0-4183-bb70-bc64349ff3af,2025-10-18,出席,
025a1e5d-1af3-4ca9-bb2e-42e636b03ffb,0ad6a2f9-a31f-4e3b-a04a-d23c3cd1e405,2025-10-18,出席,
301a4b5e-c55d-4b4d-91d7-0bc05aada67d,5563dfc9-cbb2-4dfb-8cc5-f3709ce0cb76,2025-10-17,出席,[2526出席CSV] 教學紀錄: Joint Us Set8 P1 Q1-9 Hw Q10-13 with ans | 請堂或補堂紀錄（老師填寫）: 袁焯楠19/10補堂 譚仲景提早上18/10
a44e6718-427b-43d1-93de-1e34ba3c4535,5563dfc9-cbb2-4dfb-8cc5-f3709ce0cb76,2025-10-17,出席,[2526出席CSV] 教學紀錄: Joint Us Set8 P1 Q1-9 Hw Q10-13 with ans | 請堂或補堂紀錄（老師填寫）: 袁焯楠19/10補堂 譚仲景提早上18/10
174c983e-7ecf-432d-acc7-c60d0fa48623,5563dfc9-cbb2-4dfb-8cc5-f3709ce0cb76,2025-10-17,出席,[2526出席CSV] 教學紀錄: Joint Us Set8 P1 Q1-9 Hw Q10-13 with ans | 請堂或補堂紀錄（老師填寫）: 袁焯楠19/10補堂 譚仲景提早上18/10
0ffa3f51-02b3-4bf8-a87e-f843b5bb038c,5563dfc9-cbb2-4dfb-8cc5-f3709ce0cb76,2025-10-17,出席,[2526出席CSV] 教學紀錄: Joint Us Set8 P1 Q1-9 Hw Q10-13 with ans | 請堂或補堂紀錄（老師填寫）: 袁焯楠19/10補堂 譚仲景提早上18/10
395e0b9d-acc1-4ef8-97ea-5c3ab4eb1ac8,5563dfc9-cbb2-4dfb-8cc5-f3709ce0cb76,2025-10-17,出席,[2526出席CSV] 教學紀錄: Joint Us Set8 P1 Q1-9 Hw Q10-13 with ans | 請堂或補堂紀錄（老師填寫）: 袁焯楠19/10補堂 譚仲景提早上18/10
04d4a09f-2b4e-4b2d-8820-271f0f8ffeb0,5563dfc9-cbb2-4dfb-8cc5-f3709ce0cb76,2025-10-17,出席,[2526出席CSV] 教學紀錄: Joint Us Set8 P1 Q1-9 Hw Q10-13 with ans | 請堂或補堂紀錄（老師填寫）: 袁焯楠19/10補堂 譚仲景提早上18/10
ce174b57-1108-453b-bc60-f397ea0aacab,5563dfc9-cbb2-4dfb-8cc5-f3709ce0cb76,2025-10-17,出席,[2526出席CSV] 教學紀錄: Joint Us Set8 P1 Q1-9 Hw Q10-13 with ans | 請堂或補堂紀錄（老師填寫）: 袁焯楠19/10補堂 譚仲景提早上18/10
411f1dad-c0d2-4205-b84e-3f342ee5c54c,5563dfc9-cbb2-4dfb-8cc5-f3709ce0cb76,2025-10-17,出席,[2526出席CSV] 教學紀錄: Joint Us Set8 P1 Q1-9 Hw Q10-13 with ans | 請堂或補堂紀錄（老師填寫）: 袁焯楠19/10補堂 譚仲景提早上18/10
0b656f33-268d-4d21-a49f-a37818134fa2,e4aa21ce-1d5e-4e6a-b13a-6e274a27a1d2,2025-10-18,出席,
550ef8fa-8579-42a7-904c-e634a697ae5c,e4aa21ce-1d5e-4e6a-b13a-6e274a27a1d2,2025-10-18,出席,
28396f5a-c066-43bf-bcc6-cfd4fee72e92,e45bc7fb-1ce4-4f71-b50b-601791a48a9a,2025-10-18,出席,
915602a6-c807-465f-9d8f-f66f5f070ce9,68e5db0d-0d0d-4b30-8b5c-24f9b3f56f73,2025-10-18,出席,
b79bc930-9d2f-412b-8069-84b75d61ad09,68e5db0d-0d0d-4b30-8b5c-24f9b3f56f73,2025-10-18,出席,
154bec19-0f58-47ee-9a40-1d33ff0e0f2a,68e5db0d-0d0d-4b30-8b5c-24f9b3f56f73,2025-10-18,出席,
3f44050b-d295-4ed4-ae90-6f58eafdcccd,68e5db0d-0d0d-4b30-8b5c-24f9b3f56f73,2025-10-18,出席,
d86901d2-1e2e-46b6-9f09-6f770bc683cb,68e5db0d-0d0d-4b30-8b5c-24f9b3f56f73,2025-10-18,出席,
f98aacc3-3dcb-477c-be80-50e4286a8c4a,68e5db0d-0d0d-4b30-8b5c-24f9b3f56f73,2025-10-18,出席,
a44e6718-427b-43d1-93de-1e34ba3c4535,68e5db0d-0d0d-4b30-8b5c-24f9b3f56f73,2025-10-18,出席,
5707f4fb-4f63-4098-86d8-8682033e5859,68e5db0d-0d0d-4b30-8b5c-24f9b3f56f73,2025-10-18,出席,
7ae2fc5c-ab2b-4dc5-80ad-328c43d53619,68e5db0d-0d0d-4b30-8b5c-24f9b3f56f73,2025-10-18,出席,
411f1dad-c0d2-4205-b84e-3f342ee5c54c,68e5db0d-0d0d-4b30-8b5c-24f9b3f56f73,2025-10-18,出席,
0069abd3-f16d-4ed6-a7b9-1d531d527cf3,68e5db0d-0d0d-4b30-8b5c-24f9b3f56f73,2025-10-18,出席,
597c7280-53c9-4327-a05d-843c89046796,68e5db0d-0d0d-4b30-8b5c-24f9b3f56f73,2025-10-18,出席,
813935d3-09f3-4f8c-b633-6a3be4692649,167607d0-b816-4485-9030-ff617f8b4382,2025-10-18,出席,[2526出席CSV] 教學紀錄: cont circle P.14 Q4 | 請堂或補堂紀錄（老師填寫）: Liam代課
c5ca6855-9331-4e61-af32-2d5dd9cd75cc,167607d0-b816-4485-9030-ff617f8b4382,2025-10-18,出席,[2526出席CSV] 教學紀錄: cont circle P.14 Q4 | 請堂或補堂紀錄（老師填寫）: Liam代課
aeaa29b9-9ca0-43c5-954c-ee4757266a3c,167607d0-b816-4485-9030-ff617f8b4382,2025-10-18,出席,[2526出席CSV] 教學紀錄: cont circle P.14 Q4 | 請堂或補堂紀錄（老師填寫）: Liam代課
37650bf2-f0b2-4ae7-bf68-da963d4e5d1a,167607d0-b816-4485-9030-ff617f8b4382,2025-10-18,出席,[2526出席CSV] 教學紀錄: cont circle P.14 Q4 | 請堂或補堂紀錄（老師填寫）: Liam代課
f93c9942-8f06-4354-9f95-30c01fd6b58d,167607d0-b816-4485-9030-ff617f8b4382,2025-10-18,出席,[2526出席CSV] 教學紀錄: cont circle P.14 Q4 | 請堂或補堂紀錄（老師填寫）: Liam代課
b173bc1e-153d-4ef7-9ed6-a36be060319c,94194de7-9fd3-4c44-9b29-0030c7616f08,2025-10-18,出席,[2526出席CSV] 教學紀錄: 操卷tkp Q.equation test | 請堂或補堂紀錄（老師填寫）: 范以喬提前請假(skip) Liam代課
029ff376-ea0b-466e-8d78-6b71a4ca6e0e,94194de7-9fd3-4c44-9b29-0030c7616f08,2025-10-18,出席,[2526出席CSV] 教學紀錄: 操卷tkp Q.equation test | 請堂或補堂紀錄（老師填寫）: 范以喬提前請假(skip) Liam代課
96cd39e1-d5c1-4994-b5a9-58e9cddfe5bf,94194de7-9fd3-4c44-9b29-0030c7616f08,2025-10-18,出席,[2526出席CSV] 教學紀錄: 操卷tkp Q.equation test | 請堂或補堂紀錄（老師填寫）: 范以喬提前請假(skip) Liam代課
97f16885-242d-47f8-bc22-f80468c8fb70,94194de7-9fd3-4c44-9b29-0030c7616f08,2025-10-18,出席,[2526出席CSV] 教學紀錄: 操卷tkp Q.equation test | 請堂或補堂紀錄（老師填寫）: 范以喬提前請假(skip) Liam代課
f13c6165-aeeb-4791-ba10-a2de49b58f49,94194de7-9fd3-4c44-9b29-0030c7616f08,2025-10-18,出席,[2526出席CSV] 教學紀錄: 操卷tkp Q.equation test | 請堂或補堂紀錄（老師填寫）: 范以喬提前請假(skip) Liam代課
65443d7d-dd95-4dcf-8ab3-287e19edbf76,94194de7-9fd3-4c44-9b29-0030c7616f08,2025-10-18,出席,[2526出席CSV] 教學紀錄: 操卷tkp Q.equation test | 請堂或補堂紀錄（老師填寫）: 范以喬提前請假(skip) Liam代課
40bfa36c-585d-47cd-ba07-effbda547a51,370475e2-9a1e-4778-84b1-d097b4133f93,2025-10-19,出席,[2526出席CSV] 教學紀錄: Joint Us Set8 P1 Q1-9 Hw Q10-13 with ans | 請堂或補堂紀錄（老師填寫）: 補18/10 林靜Video 陳卓賢調24/10
411f1dad-c0d2-4205-b84e-3f342ee5c54c,370475e2-9a1e-4778-84b1-d097b4133f93,2025-10-19,出席,[2526出席CSV] 教學紀錄: Joint Us Set8 P1 Q1-9 Hw Q10-13 with ans | 請堂或補堂紀錄（老師填寫）: 補18/10 林靜Video 陳卓賢調24/10
3bf0758e-7f75-403c-82eb-a995ef71f447,72f4a923-5ac0-4183-bb70-bc64349ff3af,2025-10-19,出席,
e937c6a5-9116-44f3-a203-318c48fa6aec,f3f6f42a-90e4-4bf2-b92b-3f12416db9f3,2025-10-19,出席,
813935d3-09f3-4f8c-b633-6a3be4692649,8e8dfabf-f571-4230-987a-53e717e9614a,2025-10-19,出席,
dde027ee-458a-48b6-88d9-f1ec6d819698,8e8dfabf-f571-4230-987a-53e717e9614a,2025-10-19,出席,
082ae102-2471-45f5-b1c7-676e2743dca3,8e8dfabf-f571-4230-987a-53e717e9614a,2025-10-19,出席,
154bec19-0f58-47ee-9a40-1d33ff0e0f2a,1c610853-1733-40ad-90ed-5085baaea561,2025-10-19,出席,
05fbd9a6-0a16-48b0-81d1-df45293e23ec,1c610853-1733-40ad-90ed-5085baaea561,2025-10-19,出席,
411f1dad-c0d2-4205-b84e-3f342ee5c54c,1c610853-1733-40ad-90ed-5085baaea561,2025-10-19,出席,
2f2cbe75-b1a6-4235-b2f5-05fc3a752aa6,1aad19f0-38ce-4787-9fbf-fa92d4774e0f,2025-10-19,出席,
a644ff5a-3115-47f4-ade3-7a2fca30897e,1aad19f0-38ce-4787-9fbf-fa92d4774e0f,2025-10-19,出席,
0ae337c5-615d-476e-9cb9-1544bbb8c439,1aad19f0-38ce-4787-9fbf-fa92d4774e0f,2025-10-19,出席,
20361dec-731e-4c2f-bf0b-0b8f474361ff,730ca500-137f-4c89-86d1-c835bd0c0273,2025-10-19,出席,[2526出席CSV] 請堂或補堂紀錄（老師填寫）: 黃艾琳及葉善甯補堂
5174ab4c-3cf9-4640-97c8-78dd6f83c44e,730ca500-137f-4c89-86d1-c835bd0c0273,2025-10-19,出席,[2526出席CSV] 請堂或補堂紀錄（老師填寫）: 黃艾琳及葉善甯補堂
8b67097c-4edf-4e5a-b370-a2972e4322ef,730ca500-137f-4c89-86d1-c835bd0c0273,2025-10-19,出席,[2526出席CSV] 請堂或補堂紀錄（老師填寫）: 黃艾琳及葉善甯補堂
fc090614-5e34-4daf-b367-62b79b3ecb57,730ca500-137f-4c89-86d1-c835bd0c0273,2025-10-19,出席,[2526出席CSV] 請堂或補堂紀錄（老師填寫）: 黃艾琳及葉善甯補堂
f4317920-332c-445a-930d-7a5c230051e8,d4ef9fff-d444-4edb-b25a-a77d540824cd,2025-10-21,出席,
521bdfcb-74ff-4166-9e6f-5721ac1650f4,d3bbaf3f-9465-443a-8507-19456e2e86c0,2025-10-20,出席,
c6cdae79-baa1-425e-8345-976e45c84315,210ee57a-12af-415e-8543-73862201a136,2025-10-20,出席,
879205e4-a499-445f-86ab-ff56f3569438,1db99818-f7fe-4e73-b8d5-c306ae33b0d2,2025-10-21,出席,[2526出席CSV] 教學紀錄: finished % assign UT test | 請堂或補堂紀錄（老師填寫）: 莫凱晴請病假
854ea905-3880-4c43-a34d-e9a08b319a15,1db99818-f7fe-4e73-b8d5-c306ae33b0d2,2025-10-21,出席,[2526出席CSV] 教學紀錄: finished % assign UT test | 請堂或補堂紀錄（老師填寫）: 莫凱晴請病假
5eaf6c4a-eb16-4992-948d-641652fe639f,1a00cbaf-079f-56f5-a8ec-c706ea085bd5,2025-10-16,出席,
5eaf6c4a-eb16-4992-948d-641652fe639f,1c46b037-f332-4eb0-9540-5f04a052570b,2025-10-16,出席,
5eaf6c4a-eb16-4992-948d-641652fe639f,807945d5-5ceb-4343-a937-48c34478341a,2025-10-21,出席,
6e060632-9bd7-4a69-9aa7-e4d9dea292a7,b636d4f0-c3f7-4d12-b2cc-f432ee520251,2025-10-14,出席,
c21d45bc-fd44-4c45-a764-2cea83e7ff57,b636d4f0-c3f7-4d12-b2cc-f432ee520251,2025-10-14,出席,
6e060632-9bd7-4a69-9aa7-e4d9dea292a7,1c46b037-f332-4eb0-9540-5f04a052570b,2025-10-16,出席,
c21d45bc-fd44-4c45-a764-2cea83e7ff57,1c46b037-f332-4eb0-9540-5f04a052570b,2025-10-16,出席,
6e060632-9bd7-4a69-9aa7-e4d9dea292a7,a874a45d-d45b-4ea4-a82c-0a570e2b3795,2025-10-17,出席,
c21d45bc-fd44-4c45-a764-2cea83e7ff57,a874a45d-d45b-4ea4-a82c-0a570e2b3795,2025-10-17,出席,
c6cdae79-baa1-425e-8345-976e45c84315,717fc491-c5c3-4e59-a48a-ecaf23d168b5,2025-10-23,出席,[2526出席CSV] 教學紀錄: 1920 EC UT hw p.3-6 | 請堂或補堂紀錄（老師填寫）: 文覺潁Video
17575f59-9a5a-4d56-8e46-b75c6c2ae37c,717fc491-c5c3-4e59-a48a-ecaf23d168b5,2025-10-23,出席,[2526出席CSV] 教學紀錄: 1920 EC UT hw p.3-6 | 請堂或補堂紀錄（老師填寫）: 文覺潁Video
0390c81e-b8b3-4d1e-a0f0-b2cdaae2c6a9,717fc491-c5c3-4e59-a48a-ecaf23d168b5,2025-10-23,出席,[2526出席CSV] 教學紀錄: 1920 EC UT hw p.3-6 | 請堂或補堂紀錄（老師填寫）: 文覺潁Video
86d25c49-66d0-406b-a725-5b4973f21df3,717fc491-c5c3-4e59-a48a-ecaf23d168b5,2025-10-23,出席,[2526出席CSV] 教學紀錄: 1920 EC UT hw p.3-6 | 請堂或補堂紀錄（老師填寫）: 文覺潁Video
f4317920-332c-445a-930d-7a5c230051e8,1c46b037-f332-4eb0-9540-5f04a052570b,2025-10-23,出席,"[2526出席CSV] 教學紀錄: assign function and graph up to p.16 （hw: p.15,16)"
a09da146-6195-4d68-a1f8-22a8202a1f3d,1c46b037-f332-4eb0-9540-5f04a052570b,2025-10-23,出席,"[2526出席CSV] 教學紀錄: assign function and graph up to p.16 （hw: p.15,16)"
db2d4d1b-7b41-461f-bd22-8b86e0e27014,1c46b037-f332-4eb0-9540-5f04a052570b,2025-10-23,出席,"[2526出席CSV] 教學紀錄: assign function and graph up to p.16 （hw: p.15,16)"
40740569-ed26-4b9c-9bca-1afb6eb920ab,1c46b037-f332-4eb0-9540-5f04a052570b,2025-10-23,出席,"[2526出席CSV] 教學紀錄: assign function and graph up to p.16 （hw: p.15,16)"
20361dec-731e-4c2f-bf0b-0b8f474361ff,0fc0070f-98b1-49af-869d-4a5ce0776428,2025-10-24,出席,[2526出席CSV] 教學紀錄: 開variation | 請堂或補堂紀錄（老師填寫）: 蘇子航 梁顯民 吳俊羲Video
fbb27277-2d26-4d3f-9fd4-a8f0fa5cddee,0fc0070f-98b1-49af-869d-4a5ce0776428,2025-10-24,出席,[2526出席CSV] 教學紀錄: 開variation | 請堂或補堂紀錄（老師填寫）: 蘇子航 梁顯民 吳俊羲Video
93f8aab8-3eb4-43cb-aebb-d07764819b00,0fc0070f-98b1-49af-869d-4a5ce0776428,2025-10-24,出席,[2526出席CSV] 教學紀錄: 開variation | 請堂或補堂紀錄（老師填寫）: 蘇子航 梁顯民 吳俊羲Video
6febe4d0-557d-48a2-b283-07963139d5c3,0fc0070f-98b1-49af-869d-4a5ce0776428,2025-10-24,出席,[2526出席CSV] 教學紀錄: 開variation | 請堂或補堂紀錄（老師填寫）: 蘇子航 梁顯民 吳俊羲Video
597c7280-53c9-4327-a05d-843c89046796,0fc0070f-98b1-49af-869d-4a5ce0776428,2025-10-24,出席,[2526出席CSV] 教學紀錄: 開variation | 請堂或補堂紀錄（老師填寫）: 蘇子航 梁顯民 吳俊羲Video
35893dd5-f77e-4ef4-b6b2-4baabb14f357,0fc0070f-98b1-49af-869d-4a5ce0776428,2025-10-24,出席,[2526出席CSV] 教學紀錄: 開variation | 請堂或補堂紀錄（老師填寫）: 蘇子航 梁顯民 吳俊羲Video
a44e6718-427b-43d1-93de-1e34ba3c4535,5563dfc9-cbb2-4dfb-8cc5-f3709ce0cb76,2025-10-24,出席,[2526出席CSV] 教學紀錄: cont jointus Set8 P1 Q10-18 | 請堂或補堂紀錄（老師填寫）: 鍾永恆提早17/10上 陳卓賢(補18/10） 陳宣穎 高梓軒 Video 袁卓楠Zoom
174c983e-7ecf-432d-acc7-c60d0fa48623,5563dfc9-cbb2-4dfb-8cc5-f3709ce0cb76,2025-10-24,出席,[2526出席CSV] 教學紀錄: cont jointus Set8 P1 Q10-18 | 請堂或補堂紀錄（老師填寫）: 鍾永恆提早17/10上 陳卓賢(補18/10） 陳宣穎 高梓軒 Video 袁卓楠Zoom
223038a1-164b-482a-9408-1007dc373467,5563dfc9-cbb2-4dfb-8cc5-f3709ce0cb76,2025-10-24,出席,[2526出席CSV] 教學紀錄: cont jointus Set8 P1 Q10-18 | 請堂或補堂紀錄（老師填寫）: 鍾永恆提早17/10上 陳卓賢(補18/10） 陳宣穎 高梓軒 Video 袁卓楠Zoom
0ffa3f51-02b3-4bf8-a87e-f843b5bb038c,5563dfc9-cbb2-4dfb-8cc5-f3709ce0cb76,2025-10-24,出席,[2526出席CSV] 教學紀錄: cont jointus Set8 P1 Q10-18 | 請堂或補堂紀錄（老師填寫）: 鍾永恆提早17/10上 陳卓賢(補18/10） 陳宣穎 高梓軒 Video 袁卓楠Zoom
395e0b9d-acc1-4ef8-97ea-5c3ab4eb1ac8,5563dfc9-cbb2-4dfb-8cc5-f3709ce0cb76,2025-10-24,出席,[2526出席CSV] 教學紀錄: cont jointus Set8 P1 Q10-18 | 請堂或補堂紀錄（老師填寫）: 鍾永恆提早17/10上 陳卓賢(補18/10） 陳宣穎 高梓軒 Video 袁卓楠Zoom
04d4a09f-2b4e-4b2d-8820-271f0f8ffeb0,5563dfc9-cbb2-4dfb-8cc5-f3709ce0cb76,2025-10-24,出席,[2526出席CSV] 教學紀錄: cont jointus Set8 P1 Q10-18 | 請堂或補堂紀錄（老師填寫）: 鍾永恆提早17/10上 陳卓賢(補18/10） 陳宣穎 高梓軒 Video 袁卓楠Zoom
ce174b57-1108-453b-bc60-f397ea0aacab,5563dfc9-cbb2-4dfb-8cc5-f3709ce0cb76,2025-10-24,出席,[2526出席CSV] 教學紀錄: cont jointus Set8 P1 Q10-18 | 請堂或補堂紀錄（老師填寫）: 鍾永恆提早17/10上 陳卓賢(補18/10） 陳宣穎 高梓軒 Video 袁卓楠Zoom
154bec19-0f58-47ee-9a40-1d33ff0e0f2a,5563dfc9-cbb2-4dfb-8cc5-f3709ce0cb76,2025-10-24,出席,[2526出席CSV] 教學紀錄: cont jointus Set8 P1 Q10-18 | 請堂或補堂紀錄（老師填寫）: 鍾永恆提早17/10上 陳卓賢(補18/10） 陳宣穎 高梓軒 Video 袁卓楠Zoom
025a1e5d-1af3-4ca9-bb2e-42e636b03ffb,0ad6a2f9-a31f-4e3b-a04a-d23c3cd1e405,2025-10-25,出席,
f9d50fe3-6546-46ff-9f67-630bfda1d63f,0ad6a2f9-a31f-4e3b-a04a-d23c3cd1e405,2025-10-25,出席,
b1d2933b-0459-4f85-9e0c-dd9eb0bc403a,21627141-68b0-4be0-a072-8cc7c4878654,2025-10-25,出席,
c6cdae79-baa1-425e-8345-976e45c84315,21627141-68b0-4be0-a072-8cc7c4878654,2025-10-25,出席,
2f2cbe75-b1a6-4235-b2f5-05fc3a752aa6,36de22e8-74e0-41e0-af01-a6cfaf72651f,2025-10-25,出席,
20361dec-731e-4c2f-bf0b-0b8f474361ff,eb9d88d8-cb5c-4ea5-aae2-ada9dd4a99ba,2025-10-25,出席,
813935d3-09f3-4f8c-b633-6a3be4692649,eb9d88d8-cb5c-4ea5-aae2-ada9dd4a99ba,2025-10-25,出席,
aeaa29b9-9ca0-43c5-954c-ee4757266a3c,eb9d88d8-cb5c-4ea5-aae2-ada9dd4a99ba,2025-10-25,出席,
3bf0758e-7f75-403c-82eb-a995ef71f447,72f4a923-5ac0-4183-bb70-bc64349ff3af,2025-10-25,出席,
813935d3-09f3-4f8c-b633-6a3be4692649,167607d0-b816-4485-9030-ff617f8b4382,2025-10-25,出席,[2526出席CSV] 教學紀錄: TKP ut 18-19 p2 almost finished
c5ca6855-9331-4e61-af32-2d5dd9cd75cc,167607d0-b816-4485-9030-ff617f8b4382,2025-10-25,出席,[2526出席CSV] 教學紀錄: TKP ut 18-19 p2 almost finished
aeaa29b9-9ca0-43c5-954c-ee4757266a3c,167607d0-b816-4485-9030-ff617f8b4382,2025-10-25,出席,[2526出席CSV] 教學紀錄: TKP ut 18-19 p2 almost finished
37650bf2-f0b2-4ae7-bf68-da963d4e5d1a,167607d0-b816-4485-9030-ff617f8b4382,2025-10-25,出席,[2526出席CSV] 教學紀錄: TKP ut 18-19 p2 almost finished
f93c9942-8f06-4354-9f95-30c01fd6b58d,167607d0-b816-4485-9030-ff617f8b4382,2025-10-25,出席,[2526出席CSV] 教學紀錄: TKP ut 18-19 p2 almost finished
b173bc1e-153d-4ef7-9ed6-a36be060319c,94194de7-9fd3-4c44-9b29-0030c7616f08,2025-10-25,出席,[2526出席CSV] 教學紀錄: revised function and graph up to completing square assign EC f.4 Math 1st exam 22-23 selected question | 請堂或補堂紀錄（老師填寫）: 李承峰(補16/10） 譚仟渝Zoom
029ff376-ea0b-466e-8d78-6b71a4ca6e0e,94194de7-9fd3-4c44-9b29-0030c7616f08,2025-10-25,出席,[2526出席CSV] 教學紀錄: revised function and graph up to completing square assign EC f.4 Math 1st exam 22-23 selected question | 請堂或補堂紀錄（老師填寫）: 李承峰(補16/10） 譚仟渝Zoom
96cd39e1-d5c1-4994-b5a9-58e9cddfe5bf,94194de7-9fd3-4c44-9b29-0030c7616f08,2025-10-25,出席,[2526出席CSV] 教學紀錄: revised function and graph up to completing square assign EC f.4 Math 1st exam 22-23 selected question | 請堂或補堂紀錄（老師填寫）: 李承峰(補16/10） 譚仟渝Zoom
97f16885-242d-47f8-bc22-f80468c8fb70,94194de7-9fd3-4c44-9b29-0030c7616f08,2025-10-25,出席,[2526出席CSV] 教學紀錄: revised function and graph up to completing square assign EC f.4 Math 1st exam 22-23 selected question | 請堂或補堂紀錄（老師填寫）: 李承峰(補16/10） 譚仟渝Zoom
3e92f8a4-49ab-42e9-9687-e6735b26411e,94194de7-9fd3-4c44-9b29-0030c7616f08,2025-10-25,出席,[2526出席CSV] 教學紀錄: revised function and graph up to completing square assign EC f.4 Math 1st exam 22-23 selected question | 請堂或補堂紀錄（老師填寫）: 李承峰(補16/10） 譚仟渝Zoom
f13c6165-aeeb-4791-ba10-a2de49b58f49,94194de7-9fd3-4c44-9b29-0030c7616f08,2025-10-25,出席,[2526出席CSV] 教學紀錄: revised function and graph up to completing square assign EC f.4 Math 1st exam 22-23 selected question | 請堂或補堂紀錄（老師填寫）: 李承峰(補16/10） 譚仟渝Zoom
65443d7d-dd95-4dcf-8ab3-287e19edbf76,94194de7-9fd3-4c44-9b29-0030c7616f08,2025-10-25,出席,[2526出席CSV] 教學紀錄: revised function and graph up to completing square assign EC f.4 Math 1st exam 22-23 selected question | 請堂或補堂紀錄（老師填寫）: 李承峰(補16/10） 譚仟渝Zoom
40740569-ed26-4b9c-9bca-1afb6eb920ab,94194de7-9fd3-4c44-9b29-0030c7616f08,2025-10-25,出席,[2526出席CSV] 教學紀錄: revised function and graph up to completing square assign EC f.4 Math 1st exam 22-23 selected question | 請堂或補堂紀錄（老師填寫）: 李承峰(補16/10） 譚仟渝Zoom
154bec19-0f58-47ee-9a40-1d33ff0e0f2a,370475e2-9a1e-4778-84b1-d097b4133f93,2025-10-25,出席,[2526出席CSV] 教學紀錄: Joint US Set8 P2
40bfa36c-585d-47cd-ba07-effbda547a51,370475e2-9a1e-4778-84b1-d097b4133f93,2025-10-25,出席,[2526出席CSV] 教學紀錄: Joint US Set8 P2
411f1dad-c0d2-4205-b84e-3f342ee5c54c,370475e2-9a1e-4778-84b1-d097b4133f93,2025-10-25,出席,[2526出席CSV] 教學紀錄: Joint US Set8 P2
0b656f33-268d-4d21-a49f-a37818134fa2,e4aa21ce-1d5e-4e6a-b13a-6e274a27a1d2,2025-10-25,出席,
550ef8fa-8579-42a7-904c-e634a697ae5c,e4aa21ce-1d5e-4e6a-b13a-6e274a27a1d2,2025-10-25,出席,
28396f5a-c066-43bf-bcc6-cfd4fee72e92,e4aa21ce-1d5e-4e6a-b13a-6e274a27a1d2,2025-10-25,出席,
28396f5a-c066-43bf-bcc6-cfd4fee72e92,e45bc7fb-1ce4-4f71-b50b-601791a48a9a,2025-10-25,出席,
ce8c4982-bf08-4213-86f7-99292a8f70ff,e45bc7fb-1ce4-4f71-b50b-601791a48a9a,2025-10-25,出席,
c21d45bc-fd44-4c45-a764-2cea83e7ff57,b636d4f0-c3f7-4d12-b2cc-f432ee520251,2025-10-21,出席,
813935d3-09f3-4f8c-b633-6a3be4692649,4f7902da-2259-40bf-af6a-87f3aaa40d68,2025-10-26,出席,
082ae102-2471-45f5-b1c7-676e2743dca3,4f7902da-2259-40bf-af6a-87f3aaa40d68,2025-10-26,出席,[2526出席CSV] 請堂或補堂紀錄（老師填寫）: 董 15:15補堂
0390c81e-b8b3-4d1e-a0f0-b2cdaae2c6a9,5142c9f1-a369-4ed4-a1bf-042d0f49b65b,2025-10-12,出席,
0390c81e-b8b3-4d1e-a0f0-b2cdaae2c6a9,5142c9f1-a369-4ed4-a1bf-042d0f49b65b,2025-10-19,出席,
ba7d09f2-5167-4418-b5ad-a83d20c67c63,529c3dc8-81dd-44e2-a849-061c93f73d0b,2025-10-26,出席,[2526出席CSV] 教學紀錄: Finished directed no | 請堂或補堂紀錄（老師填寫）: video錄影補堂
02bb5dac-c1fd-43a6-aa6b-0544929c0672,529c3dc8-81dd-44e2-a849-061c93f73d0b,2025-10-26,出席,[2526出席CSV] 教學紀錄: Finished directed no | 請堂或補堂紀錄（老師填寫）: video錄影補堂
108c284f-4f70-4689-a6c3-4af894eb74b4,ca098a4d-5d95-4846-9598-d76f112dd6ea,2025-10-19,出席,[2526出席CSV] 請堂或補堂紀錄（老師填寫）: 朱震軒無故缺席，家長亦無法找到人，正常扣課
c5ca6855-9331-4e61-af32-2d5dd9cd75cc,ca098a4d-5d95-4846-9598-d76f112dd6ea,2025-10-19,出席,[2526出席CSV] 請堂或補堂紀錄（老師填寫）: 朱震軒無故缺席，家長亦無法找到人，正常扣課
f93c9942-8f06-4354-9f95-30c01fd6b58d,ca098a4d-5d95-4846-9598-d76f112dd6ea,2025-10-19,出席,[2526出席CSV] 請堂或補堂紀錄（老師填寫）: 朱震軒無故缺席，家長亦無法找到人，正常扣課
aeaa29b9-9ca0-43c5-954c-ee4757266a3c,ca098a4d-5d95-4846-9598-d76f112dd6ea,2025-10-19,出席,[2526出席CSV] 請堂或補堂紀錄（老師填寫）: 朱震軒無故缺席，家長亦無法找到人，正常扣課
b1d2933b-0459-4f85-9e0c-dd9eb0bc403a,43c054d8-e240-48f5-b386-c597ae30ca7d,2025-10-26,出席,
813935d3-09f3-4f8c-b633-6a3be4692649,e78ac7ea-67f8-4b15-86c4-445a29635b1f,2025-10-15,出席,
065d4b56-88e3-4063-91f1-4a4792add0c0,e78ac7ea-67f8-4b15-86c4-445a29635b1f,2025-10-15,出席,
0069abd3-f16d-4ed6-a7b9-1d531d527cf3,e78ac7ea-67f8-4b15-86c4-445a29635b1f,2025-10-15,出席,
b1d2933b-0459-4f85-9e0c-dd9eb0bc403a,43c054d8-e240-48f5-b386-c597ae30ca7d,2025-10-12,出席,
b1d2933b-0459-4f85-9e0c-dd9eb0bc403a,43c054d8-e240-48f5-b386-c597ae30ca7d,2025-10-05,出席,
96cd39e1-d5c1-4994-b5a9-58e9cddfe5bf,20f8b798-8513-4df7-85f4-bcc36d3e3169,2025-10-12,出席,
3e92f8a4-49ab-42e9-9687-e6735b26411e,20f8b798-8513-4df7-85f4-bcc36d3e3169,2025-10-12,出席,
029ff376-ea0b-466e-8d78-6b71a4ca6e0e,20f8b798-8513-4df7-85f4-bcc36d3e3169,2025-10-12,出席,
65443d7d-dd95-4dcf-8ab3-287e19edbf76,20f8b798-8513-4df7-85f4-bcc36d3e3169,2025-10-12,出席,
96cd39e1-d5c1-4994-b5a9-58e9cddfe5bf,20f8b798-8513-4df7-85f4-bcc36d3e3169,2025-10-19,出席,
373884c8-2e56-4019-a8e7-a9d292fa870b,20f8b798-8513-4df7-85f4-bcc36d3e3169,2025-10-19,出席,
029ff376-ea0b-466e-8d78-6b71a4ca6e0e,20f8b798-8513-4df7-85f4-bcc36d3e3169,2025-10-19,出席,
65443d7d-dd95-4dcf-8ab3-287e19edbf76,20f8b798-8513-4df7-85f4-bcc36d3e3169,2025-10-19,出席,
96cd39e1-d5c1-4994-b5a9-58e9cddfe5bf,20f8b798-8513-4df7-85f4-bcc36d3e3169,2025-10-26,出席,
373884c8-2e56-4019-a8e7-a9d292fa870b,20f8b798-8513-4df7-85f4-bcc36d3e3169,2025-10-26,出席,
3e92f8a4-49ab-42e9-9687-e6735b26411e,20f8b798-8513-4df7-85f4-bcc36d3e3169,2025-10-26,出席,
029ff376-ea0b-466e-8d78-6b71a4ca6e0e,20f8b798-8513-4df7-85f4-bcc36d3e3169,2025-10-26,出席,
65443d7d-dd95-4dcf-8ab3-287e19edbf76,20f8b798-8513-4df7-85f4-bcc36d3e3169,2025-10-26,出席,
108c284f-4f70-4689-a6c3-4af894eb74b4,ca098a4d-5d95-4846-9598-d76f112dd6ea,2025-10-05,出席,
c5ca6855-9331-4e61-af32-2d5dd9cd75cc,ca098a4d-5d95-4846-9598-d76f112dd6ea,2025-10-05,出席,
f93c9942-8f06-4354-9f95-30c01fd6b58d,ca098a4d-5d95-4846-9598-d76f112dd6ea,2025-10-05,出席,
108c284f-4f70-4689-a6c3-4af894eb74b4,ca098a4d-5d95-4846-9598-d76f112dd6ea,2025-10-12,出席,
c5ca6855-9331-4e61-af32-2d5dd9cd75cc,ca098a4d-5d95-4846-9598-d76f112dd6ea,2025-10-12,出席,
f93c9942-8f06-4354-9f95-30c01fd6b58d,ca098a4d-5d95-4846-9598-d76f112dd6ea,2025-10-12,出席,
813935d3-09f3-4f8c-b633-6a3be4692649,e78ac7ea-67f8-4b15-86c4-445a29635b1f,2025-10-22,出席,
aeaa29b9-9ca0-43c5-954c-ee4757266a3c,e78ac7ea-67f8-4b15-86c4-445a29635b1f,2025-10-22,出席,
065d4b56-88e3-4063-91f1-4a4792add0c0,e78ac7ea-67f8-4b15-86c4-445a29635b1f,2025-10-22,出席,
0069abd3-f16d-4ed6-a7b9-1d531d527cf3,e78ac7ea-67f8-4b15-86c4-445a29635b1f,2025-10-22,出席,
108c284f-4f70-4689-a6c3-4af894eb74b4,ca098a4d-5d95-4846-9598-d76f112dd6ea,2025-10-26,出席,
c5ca6855-9331-4e61-af32-2d5dd9cd75cc,ca098a4d-5d95-4846-9598-d76f112dd6ea,2025-10-26,出席,
f93c9942-8f06-4354-9f95-30c01fd6b58d,ca098a4d-5d95-4846-9598-d76f112dd6ea,2025-10-26,出席,
3bf0758e-7f75-403c-82eb-a995ef71f447,72f4a923-5ac0-4183-bb70-bc64349ff3af,2025-10-26,出席,
0390c81e-b8b3-4d1e-a0f0-b2cdaae2c6a9,5142c9f1-a369-4ed4-a1bf-042d0f49b65b,2025-10-26,出席,
e937c6a5-9116-44f3-a203-318c48fa6aec,f3f6f42a-90e4-4bf2-b92b-3f12416db9f3,2025-10-26,出席,
813935d3-09f3-4f8c-b633-6a3be4692649,8e8dfabf-f571-4230-987a-53e717e9614a,2025-10-26,出席,
dde027ee-458a-48b6-88d9-f1ec6d819698,8e8dfabf-f571-4230-987a-53e717e9614a,2025-10-26,出席,
154bec19-0f58-47ee-9a40-1d33ff0e0f2a,1c610853-1733-40ad-90ed-5085baaea561,2025-10-26,出席,
411f1dad-c0d2-4205-b84e-3f342ee5c54c,1c610853-1733-40ad-90ed-5085baaea561,2025-10-26,出席,
fa7e5572-9889-486d-9ea6-29d17ce33e4f,cf2ed201-b3bf-45cc-ac38-011bd14d1c57,2025-10-24,出席,
b09a62d4-58b0-4ba8-a413-6263a03eec8c,cf2ed201-b3bf-45cc-ac38-011bd14d1c57,2025-10-24,出席,
8b67097c-4edf-4e5a-b370-a2972e4322ef,cf2ed201-b3bf-45cc-ac38-011bd14d1c57,2025-10-24,出席,
fc090614-5e34-4daf-b367-62b79b3ecb57,cf2ed201-b3bf-45cc-ac38-011bd14d1c57,2025-10-24,出席,
b066adc9-0d9b-4c00-a054-9604d1dfeb89,cf2ed201-b3bf-45cc-ac38-011bd14d1c57,2025-10-24,出席,
0d708d45-f2c3-4edc-bf6e-f11f4f37abc0,cf2ed201-b3bf-45cc-ac38-011bd14d1c57,2025-10-24,出席,
db303f37-2f92-4c35-8a7d-dd8773d1507a,cf2ed201-b3bf-45cc-ac38-011bd14d1c57,2025-10-24,出席,
82b909e4-70b0-49bf-928f-cce663b0f577,cf2ed201-b3bf-45cc-ac38-011bd14d1c57,2025-10-24,出席,
2f2cbe75-b1a6-4235-b2f5-05fc3a752aa6,1aad19f0-38ce-4787-9fbf-fa92d4774e0f,2025-10-26,出席,
a644ff5a-3115-47f4-ade3-7a2fca30897e,1aad19f0-38ce-4787-9fbf-fa92d4774e0f,2025-10-26,出席,
0ae337c5-615d-476e-9cb9-1544bbb8c439,1aad19f0-38ce-4787-9fbf-fa92d4774e0f,2025-10-26,出席,
20361dec-731e-4c2f-bf0b-0b8f474361ff,730ca500-137f-4c89-86d1-c835bd0c0273,2025-10-26,出席,
5174ab4c-3cf9-4640-97c8-78dd6f83c44e,730ca500-137f-4c89-86d1-c835bd0c0273,2025-10-26,出席,
47b7153c-1393-4bdf-bed2-47640213ec5e,730ca500-137f-4c89-86d1-c835bd0c0273,2025-10-26,出席,
521bdfcb-74ff-4166-9e6f-5721ac1650f4,d3bbaf3f-9465-443a-8507-19456e2e86c0,2025-10-27,出席,
c6cdae79-baa1-425e-8345-976e45c84315,210ee57a-12af-415e-8543-73862201a136,2025-10-27,出席,
bb8803c5-0b02-47ee-afc6-af3d0240705c,4669cf9a-0d02-450a-a0be-3b8907764d56,2025-10-18,出席,
521bdfcb-74ff-4166-9e6f-5721ac1650f4,4669cf9a-0d02-450a-a0be-3b8907764d56,2025-10-18,出席,
7a68bb12-3c7e-4a6e-918d-99caa4f3427a,4669cf9a-0d02-450a-a0be-3b8907764d56,2025-10-18,出席,
bdf4ef17-29f2-4d92-8ea9-ab06b9e47f1d,43aab94a-c3d2-4647-abbb-244d9ae970aa,2025-10-18,出席,
f11cc305-e7d8-4296-a524-421d7d53212f,43aab94a-c3d2-4647-abbb-244d9ae970aa,2025-10-18,出席,
5174ab4c-3cf9-4640-97c8-78dd6f83c44e,43aab94a-c3d2-4647-abbb-244d9ae970aa,2025-10-18,出席,
2d75a8f3-7d21-49e3-985c-6b7defb351fc,43aab94a-c3d2-4647-abbb-244d9ae970aa,2025-10-18,出席,
6ad0329a-ad2d-4df1-b07a-b340ee9a5c23,43aab94a-c3d2-4647-abbb-244d9ae970aa,2025-10-18,出席,
c5ca6855-9331-4e61-af32-2d5dd9cd75cc,43aab94a-c3d2-4647-abbb-244d9ae970aa,2025-10-18,出席,
0ae337c5-615d-476e-9cb9-1544bbb8c439,43aab94a-c3d2-4647-abbb-244d9ae970aa,2025-10-18,出席,
f93c9942-8f06-4354-9f95-30c01fd6b58d,43aab94a-c3d2-4647-abbb-244d9ae970aa,2025-10-18,出席,
a6d7e398-6053-4f3e-87e2-b28508728b8c,aaa3f0f8-bb13-4442-8e4f-27a4327f9f75,2025-10-24,出席,[2526出席CSV] 請堂或補堂紀錄（老師填寫）: 陳宣穎、高梓軒請假，影片補堂
e850f4ce-0e20-4280-9d14-b5f85b39dcdc,aaa3f0f8-bb13-4442-8e4f-27a4327f9f75,2025-10-24,出席,[2526出席CSV] 請堂或補堂紀錄（老師填寫）: 陳宣穎、高梓軒請假，影片補堂
40bfa36c-585d-47cd-ba07-effbda547a51,aaa3f0f8-bb13-4442-8e4f-27a4327f9f75,2025-10-24,出席,[2526出席CSV] 請堂或補堂紀錄（老師填寫）: 陳宣穎、高梓軒請假，影片補堂
915602a6-c807-465f-9d8f-f66f5f070ce9,aaa3f0f8-bb13-4442-8e4f-27a4327f9f75,2025-10-24,出席,[2526出席CSV] 請堂或補堂紀錄（老師填寫）: 陳宣穎、高梓軒請假，影片補堂
db2d4d1b-7b41-461f-bd22-8b86e0e27014,aaa3f0f8-bb13-4442-8e4f-27a4327f9f75,2025-10-24,出席,[2526出席CSV] 請堂或補堂紀錄（老師填寫）: 陳宣穎、高梓軒請假，影片補堂
223038a1-164b-482a-9408-1007dc373467,aaa3f0f8-bb13-4442-8e4f-27a4327f9f75,2025-10-24,出席,[2526出席CSV] 請堂或補堂紀錄（老師填寫）: 陳宣穎、高梓軒請假，影片補堂
174c983e-7ecf-432d-acc7-c60d0fa48623,aaa3f0f8-bb13-4442-8e4f-27a4327f9f75,2025-10-24,出席,[2526出席CSV] 請堂或補堂紀錄（老師填寫）: 陳宣穎、高梓軒請假，影片補堂
0b656f33-268d-4d21-a49f-a37818134fa2,4669cf9a-0d02-450a-a0be-3b8907764d56,2025-10-25,出席,
bb8803c5-0b02-47ee-afc6-af3d0240705c,4669cf9a-0d02-450a-a0be-3b8907764d56,2025-10-25,出席,
521bdfcb-74ff-4166-9e6f-5721ac1650f4,4669cf9a-0d02-450a-a0be-3b8907764d56,2025-10-25,出席,
7a68bb12-3c7e-4a6e-918d-99caa4f3427a,4669cf9a-0d02-450a-a0be-3b8907764d56,2025-10-25,出席,
bd5dca2f-d859-4792-9fa4-82f83fbaff28,4669cf9a-0d02-450a-a0be-3b8907764d56,2025-10-25,出席,
bdf4ef17-29f2-4d92-8ea9-ab06b9e47f1d,43aab94a-c3d2-4647-abbb-244d9ae970aa,2025-10-25,出席,[2526出席CSV] 請堂或補堂紀錄（老師填寫）: 張朗志影片補堂
f11cc305-e7d8-4296-a524-421d7d53212f,43aab94a-c3d2-4647-abbb-244d9ae970aa,2025-10-25,出席,[2526出席CSV] 請堂或補堂紀錄（老師填寫）: 張朗志影片補堂
5174ab4c-3cf9-4640-97c8-78dd6f83c44e,43aab94a-c3d2-4647-abbb-244d9ae970aa,2025-10-25,出席,[2526出席CSV] 請堂或補堂紀錄（老師填寫）: 張朗志影片補堂
2d75a8f3-7d21-49e3-985c-6b7defb351fc,43aab94a-c3d2-4647-abbb-244d9ae970aa,2025-10-25,出席,[2526出席CSV] 請堂或補堂紀錄（老師填寫）: 張朗志影片補堂
6ad0329a-ad2d-4df1-b07a-b340ee9a5c23,43aab94a-c3d2-4647-abbb-244d9ae970aa,2025-10-25,出席,[2526出席CSV] 請堂或補堂紀錄（老師填寫）: 張朗志影片補堂
c5ca6855-9331-4e61-af32-2d5dd9cd75cc,43aab94a-c3d2-4647-abbb-244d9ae970aa,2025-10-25,出席,[2526出席CSV] 請堂或補堂紀錄（老師填寫）: 張朗志影片補堂
d9b18c83-41c2-4e39-94f9-95513e096c39,43aab94a-c3d2-4647-abbb-244d9ae970aa,2025-10-25,出席,[2526出席CSV] 請堂或補堂紀錄（老師填寫）: 張朗志影片補堂
0ae337c5-615d-476e-9cb9-1544bbb8c439,43aab94a-c3d2-4647-abbb-244d9ae970aa,2025-10-25,出席,[2526出席CSV] 請堂或補堂紀錄（老師填寫）: 張朗志影片補堂
f93c9942-8f06-4354-9f95-30c01fd6b58d,43aab94a-c3d2-4647-abbb-244d9ae970aa,2025-10-25,出席,[2526出席CSV] 請堂或補堂紀錄（老師填寫）: 張朗志影片補堂
915602a6-c807-465f-9d8f-f66f5f070ce9,68e5db0d-0d0d-4b30-8b5c-24f9b3f56f73,2025-10-25,出席,
b79bc930-9d2f-412b-8069-84b75d61ad09,68e5db0d-0d0d-4b30-8b5c-24f9b3f56f73,2025-10-25,出席,
154bec19-0f58-47ee-9a40-1d33ff0e0f2a,68e5db0d-0d0d-4b30-8b5c-24f9b3f56f73,2025-10-25,出席,
3f44050b-d295-4ed4-ae90-6f58eafdcccd,68e5db0d-0d0d-4b30-8b5c-24f9b3f56f73,2025-10-25,出席,
d86901d2-1e2e-46b6-9f09-6f770bc683cb,68e5db0d-0d0d-4b30-8b5c-24f9b3f56f73,2025-10-25,出席,
f98aacc3-3dcb-477c-be80-50e4286a8c4a,68e5db0d-0d0d-4b30-8b5c-24f9b3f56f73,2025-10-25,出席,
a44e6718-427b-43d1-93de-1e34ba3c4535,68e5db0d-0d0d-4b30-8b5c-24f9b3f56f73,2025-10-25,出席,
5707f4fb-4f63-4098-86d8-8682033e5859,68e5db0d-0d0d-4b30-8b5c-24f9b3f56f73,2025-10-25,出席,
7ae2fc5c-ab2b-4dc5-80ad-328c43d53619,68e5db0d-0d0d-4b30-8b5c-24f9b3f56f73,2025-10-25,出席,
411f1dad-c0d2-4205-b84e-3f342ee5c54c,68e5db0d-0d0d-4b30-8b5c-24f9b3f56f73,2025-10-25,出席,
0069abd3-f16d-4ed6-a7b9-1d531d527cf3,68e5db0d-0d0d-4b30-8b5c-24f9b3f56f73,2025-10-25,出席,
597c7280-53c9-4327-a05d-843c89046796,68e5db0d-0d0d-4b30-8b5c-24f9b3f56f73,2025-10-25,出席,
f4317920-332c-445a-930d-7a5c230051e8,51696dbe-1d38-4112-9859-29ecb25d5a6d,2025-10-22,出席,
6febe4d0-557d-48a2-b283-07963139d5c3,51696dbe-1d38-4112-9859-29ecb25d5a6d,2025-10-22,出席,
ce174b57-1108-453b-bc60-f397ea0aacab,51696dbe-1d38-4112-9859-29ecb25d5a6d,2025-10-22,出席,
0ffa3f51-02b3-4bf8-a87e-f843b5bb038c,51696dbe-1d38-4112-9859-29ecb25d5a6d,2025-10-22,出席,
f13c6165-aeeb-4791-ba10-a2de49b58f49,51696dbe-1d38-4112-9859-29ecb25d5a6d,2025-10-22,出席,
ce8c4982-bf08-4213-86f7-99292a8f70ff,1db99818-f7fe-4e73-b8d5-c306ae33b0d2,2025-10-28,出席,"[2526出席CSV] 教學紀錄: assign quad hw: p.13-14,17-18"
879205e4-a499-445f-86ab-ff56f3569438,1db99818-f7fe-4e73-b8d5-c306ae33b0d2,2025-10-28,出席,"[2526出席CSV] 教學紀錄: assign quad hw: p.13-14,17-18"
854ea905-3880-4c43-a34d-e9a08b319a15,1db99818-f7fe-4e73-b8d5-c306ae33b0d2,2025-10-28,出席,"[2526出席CSV] 教學紀錄: assign quad hw: p.13-14,17-18"
d0490601-ab06-4b2f-b3e3-6e06007665c9,acc8f2a0-e390-4569-bd1c-494cc176fb84,2025-10-25,出席,
f4317920-332c-445a-930d-7a5c230051e8,d4ef9fff-d444-4edb-b25a-a77d540824cd,2025-10-28,出席,
f4317920-332c-445a-930d-7a5c230051e8,51696dbe-1d38-4112-9859-29ecb25d5a6d,2025-10-29,出席,
6febe4d0-557d-48a2-b283-07963139d5c3,51696dbe-1d38-4112-9859-29ecb25d5a6d,2025-10-29,出席,
ce174b57-1108-453b-bc60-f397ea0aacab,51696dbe-1d38-4112-9859-29ecb25d5a6d,2025-10-29,出席,
0ffa3f51-02b3-4bf8-a87e-f843b5bb038c,51696dbe-1d38-4112-9859-29ecb25d5a6d,2025-10-29,出席,
f13c6165-aeeb-4791-ba10-a2de49b58f49,51696dbe-1d38-4112-9859-29ecb25d5a6d,2025-10-29,出席,
c6cdae79-baa1-425e-8345-976e45c84315,717fc491-c5c3-4e59-a48a-ecaf23d168b5,2025-10-30,出席,"[2526出席CSV] 教學紀錄: Rate and ratio hw: p.7-8,11-12,15-16"
86d25c49-66d0-406b-a725-5b4973f21df3,717fc491-c5c3-4e59-a48a-ecaf23d168b5,2025-10-30,出席,"[2526出席CSV] 教學紀錄: Rate and ratio hw: p.7-8,11-12,15-16"
17575f59-9a5a-4d56-8e46-b75c6c2ae37c,717fc491-c5c3-4e59-a48a-ecaf23d168b5,2025-10-30,出席,"[2526出席CSV] 教學紀錄: Rate and ratio hw: p.7-8,11-12,15-16"
0390c81e-b8b3-4d1e-a0f0-b2cdaae2c6a9,717fc491-c5c3-4e59-a48a-ecaf23d168b5,2025-10-30,出席,"[2526出席CSV] 教學紀錄: Rate and ratio hw: p.7-8,11-12,15-16"
f4317920-332c-445a-930d-7a5c230051e8,1c46b037-f332-4eb0-9540-5f04a052570b,2025-10-30,出席,[2526出席CSV] 教學紀錄: finished function (completing the square）
a09da146-6195-4d68-a1f8-22a8202a1f3d,1c46b037-f332-4eb0-9540-5f04a052570b,2025-10-30,出席,[2526出席CSV] 教學紀錄: finished function (completing the square）
db2d4d1b-7b41-461f-bd22-8b86e0e27014,1c46b037-f332-4eb0-9540-5f04a052570b,2025-10-30,出席,[2526出席CSV] 教學紀錄: finished function (completing the square）
40740569-ed26-4b9c-9bca-1afb6eb920ab,1c46b037-f332-4eb0-9540-5f04a052570b,2025-10-30,出席,[2526出席CSV] 教學紀錄: finished function (completing the square）
b066adc9-0d9b-4c00-a054-9604d1dfeb89,4b932585-aee6-4d85-8d4f-53045a4ffdb5,2025-10-29,出席,
0d708d45-f2c3-4edc-bf6e-f11f4f37abc0,4b932585-aee6-4d85-8d4f-53045a4ffdb5,2025-10-29,出席,
db303f37-2f92-4c35-8a7d-dd8773d1507a,4b932585-aee6-4d85-8d4f-53045a4ffdb5,2025-10-29,出席,
20361dec-731e-4c2f-bf0b-0b8f474361ff,0fc0070f-98b1-49af-869d-4a5ce0776428,2025-10-31,出席,"[2526出席CSV] 教學紀錄: 蘇子航 梁顯民 吳俊羲video 楊俊熙調2/11 補堂 Finished Variation 開P&C hw p.86-88,90-91"
fbb27277-2d26-4d3f-9fd4-a8f0fa5cddee,0fc0070f-98b1-49af-869d-4a5ce0776428,2025-10-31,出席,"[2526出席CSV] 教學紀錄: 蘇子航 梁顯民 吳俊羲video 楊俊熙調2/11 補堂 Finished Variation 開P&C hw p.86-88,90-91"
93f8aab8-3eb4-43cb-aebb-d07764819b00,0fc0070f-98b1-49af-869d-4a5ce0776428,2025-10-31,出席,"[2526出席CSV] 教學紀錄: 蘇子航 梁顯民 吳俊羲video 楊俊熙調2/11 補堂 Finished Variation 開P&C hw p.86-88,90-91"
6febe4d0-557d-48a2-b283-07963139d5c3,0fc0070f-98b1-49af-869d-4a5ce0776428,2025-10-31,出席,"[2526出席CSV] 教學紀錄: 蘇子航 梁顯民 吳俊羲video 楊俊熙調2/11 補堂 Finished Variation 開P&C hw p.86-88,90-91"
597c7280-53c9-4327-a05d-843c89046796,0fc0070f-98b1-49af-869d-4a5ce0776428,2025-10-31,出席,"[2526出席CSV] 教學紀錄: 蘇子航 梁顯民 吳俊羲video 楊俊熙調2/11 補堂 Finished Variation 開P&C hw p.86-88,90-91"
301a4b5e-c55d-4b4d-91d7-0bc05aada67d,5563dfc9-cbb2-4dfb-8cc5-f3709ce0cb76,2025-10-31,出席,[2526出席CSV] 教學紀錄: 錄影 李映進調1/11 Joint US Set8 P2 Q1-20
a44e6718-427b-43d1-93de-1e34ba3c4535,5563dfc9-cbb2-4dfb-8cc5-f3709ce0cb76,2025-10-31,出席,[2526出席CSV] 教學紀錄: 錄影 李映進調1/11 Joint US Set8 P2 Q1-20
174c983e-7ecf-432d-acc7-c60d0fa48623,5563dfc9-cbb2-4dfb-8cc5-f3709ce0cb76,2025-10-31,出席,[2526出席CSV] 教學紀錄: 錄影 李映進調1/11 Joint US Set8 P2 Q1-20
223038a1-164b-482a-9408-1007dc373467,5563dfc9-cbb2-4dfb-8cc5-f3709ce0cb76,2025-10-31,出席,[2526出席CSV] 教學紀錄: 錄影 李映進調1/11 Joint US Set8 P2 Q1-20
395e0b9d-acc1-4ef8-97ea-5c3ab4eb1ac8,5563dfc9-cbb2-4dfb-8cc5-f3709ce0cb76,2025-10-31,出席,[2526出席CSV] 教學紀錄: 錄影 李映進調1/11 Joint US Set8 P2 Q1-20
04d4a09f-2b4e-4b2d-8820-271f0f8ffeb0,5563dfc9-cbb2-4dfb-8cc5-f3709ce0cb76,2025-10-31,出席,[2526出席CSV] 教學紀錄: 錄影 李映進調1/11 Joint US Set8 P2 Q1-20
ce174b57-1108-453b-bc60-f397ea0aacab,5563dfc9-cbb2-4dfb-8cc5-f3709ce0cb76,2025-10-31,出席,[2526出席CSV] 教學紀錄: 錄影 李映進調1/11 Joint US Set8 P2 Q1-20
b066adc9-0d9b-4c00-a054-9604d1dfeb89,4b932585-aee6-4d85-8d4f-53045a4ffdb5,2025-10-31,出席,
db303f37-2f92-4c35-8a7d-dd8773d1507a,4b932585-aee6-4d85-8d4f-53045a4ffdb5,2025-10-31,出席,
fa7e5572-9889-486d-9ea6-29d17ce33e4f,cf2ed201-b3bf-45cc-ac38-011bd14d1c57,2025-10-31,出席,
b09a62d4-58b0-4ba8-a413-6263a03eec8c,cf2ed201-b3bf-45cc-ac38-011bd14d1c57,2025-10-31,出席,
8b67097c-4edf-4e5a-b370-a2972e4322ef,cf2ed201-b3bf-45cc-ac38-011bd14d1c57,2025-10-31,出席,
a6d7e398-6053-4f3e-87e2-b28508728b8c,aaa3f0f8-bb13-4442-8e4f-27a4327f9f75,2025-10-31,出席,[2526出席CSV] 請堂或補堂紀錄（老師填寫）: 林靜、陳煒傑 影片補堂
e850f4ce-0e20-4280-9d14-b5f85b39dcdc,aaa3f0f8-bb13-4442-8e4f-27a4327f9f75,2025-10-31,出席,[2526出席CSV] 請堂或補堂紀錄（老師填寫）: 林靜、陳煒傑 影片補堂
915602a6-c807-465f-9d8f-f66f5f070ce9,aaa3f0f8-bb13-4442-8e4f-27a4327f9f75,2025-10-31,出席,[2526出席CSV] 請堂或補堂紀錄（老師填寫）: 林靜、陳煒傑 影片補堂
174c983e-7ecf-432d-acc7-c60d0fa48623,aaa3f0f8-bb13-4442-8e4f-27a4327f9f75,2025-10-31,出席,[2526出席CSV] 請堂或補堂紀錄（老師填寫）: 林靜、陳煒傑 影片補堂
223038a1-164b-482a-9408-1007dc373467,aaa3f0f8-bb13-4442-8e4f-27a4327f9f75,2025-10-31,出席,[2526出席CSV] 請堂或補堂紀錄（老師填寫）: 林靜、陳煒傑 影片補堂
db2d4d1b-7b41-461f-bd22-8b86e0e27014,aaa3f0f8-bb13-4442-8e4f-27a4327f9f75,2025-10-31,出席,[2526出席CSV] 請堂或補堂紀錄（老師填寫）: 林靜、陳煒傑 影片補堂
40bfa36c-585d-47cd-ba07-effbda547a51,aaa3f0f8-bb13-4442-8e4f-27a4327f9f75,2025-10-31,出席,[2526出席CSV] 請堂或補堂紀錄（老師填寫）: 林靜、陳煒傑 影片補堂
2f2cbe75-b1a6-4235-b2f5-05fc3a752aa6,36de22e8-74e0-41e0-af01-a6cfaf72651f,2025-11-01,出席,
20361dec-731e-4c2f-bf0b-0b8f474361ff,eb9d88d8-cb5c-4ea5-aae2-ada9dd4a99ba,2025-11-01,出席,
813935d3-09f3-4f8c-b633-6a3be4692649,eb9d88d8-cb5c-4ea5-aae2-ada9dd4a99ba,2025-11-01,出席,
aeaa29b9-9ca0-43c5-954c-ee4757266a3c,eb9d88d8-cb5c-4ea5-aae2-ada9dd4a99ba,2025-11-01,出席,
3bf0758e-7f75-403c-82eb-a995ef71f447,72f4a923-5ac0-4183-bb70-bc64349ff3af,2025-11-01,出席,
b1d2933b-0459-4f85-9e0c-dd9eb0bc403a,21627141-68b0-4be0-a072-8cc7c4878654,2025-11-01,出席,
28396f5a-c066-43bf-bcc6-cfd4fee72e92,e45bc7fb-1ce4-4f71-b50b-601791a48a9a,2025-11-01,出席,
5214a841-39c8-4805-8720-c20a7f202d98,e45bc7fb-1ce4-4f71-b50b-601791a48a9a,2025-11-01,出席,
0b656f33-268d-4d21-a49f-a37818134fa2,e4aa21ce-1d5e-4e6a-b13a-6e274a27a1d2,2025-11-01,出席,
550ef8fa-8579-42a7-904c-e634a697ae5c,e4aa21ce-1d5e-4e6a-b13a-6e274a27a1d2,2025-11-01,出席,
025a1e5d-1af3-4ca9-bb2e-42e636b03ffb,0ad6a2f9-a31f-4e3b-a04a-d23c3cd1e405,2025-11-01,出席,
f9d50fe3-6546-46ff-9f67-630bfda1d63f,0ad6a2f9-a31f-4e3b-a04a-d23c3cd1e405,2025-11-01,出席,
915602a6-c807-465f-9d8f-f66f5f070ce9,68e5db0d-0d0d-4b30-8b5c-24f9b3f56f73,2025-11-01,出席,
b79bc930-9d2f-412b-8069-84b75d61ad09,68e5db0d-0d0d-4b30-8b5c-24f9b3f56f73,2025-11-01,出席,
154bec19-0f58-47ee-9a40-1d33ff0e0f2a,68e5db0d-0d0d-4b30-8b5c-24f9b3f56f73,2025-11-01,出席,
3f44050b-d295-4ed4-ae90-6f58eafdcccd,68e5db0d-0d0d-4b30-8b5c-24f9b3f56f73,2025-11-01,出席,
d86901d2-1e2e-46b6-9f09-6f770bc683cb,68e5db0d-0d0d-4b30-8b5c-24f9b3f56f73,2025-11-01,出席,
f98aacc3-3dcb-477c-be80-50e4286a8c4a,68e5db0d-0d0d-4b30-8b5c-24f9b3f56f73,2025-11-01,出席,
a44e6718-427b-43d1-93de-1e34ba3c4535,68e5db0d-0d0d-4b30-8b5c-24f9b3f56f73,2025-11-01,出席,
5707f4fb-4f63-4098-86d8-8682033e5859,68e5db0d-0d0d-4b30-8b5c-24f9b3f56f73,2025-11-01,出席,
7ae2fc5c-ab2b-4dc5-80ad-328c43d53619,68e5db0d-0d0d-4b30-8b5c-24f9b3f56f73,2025-11-01,出席,
411f1dad-c0d2-4205-b84e-3f342ee5c54c,68e5db0d-0d0d-4b30-8b5c-24f9b3f56f73,2025-11-01,出席,
0069abd3-f16d-4ed6-a7b9-1d531d527cf3,68e5db0d-0d0d-4b30-8b5c-24f9b3f56f73,2025-11-01,出席,
597c7280-53c9-4327-a05d-843c89046796,68e5db0d-0d0d-4b30-8b5c-24f9b3f56f73,2025-11-01,出席,
154bec19-0f58-47ee-9a40-1d33ff0e0f2a,370475e2-9a1e-4778-84b1-d097b4133f93,2025-11-01,出席,[2526出席CSV] 教學紀錄: Set8 Joints US P2 | 請堂或補堂紀錄（老師填寫）: 李映進補31/10 林靜、譚仲景順延
0ffa3f51-02b3-4bf8-a87e-f843b5bb038c,370475e2-9a1e-4778-84b1-d097b4133f93,2025-11-01,出席,[2526出席CSV] 教學紀錄: Set8 Joints US P2 | 請堂或補堂紀錄（老師填寫）: 李映進補31/10 林靜、譚仲景順延
813935d3-09f3-4f8c-b633-6a3be4692649,167607d0-b816-4485-9030-ff617f8b4382,2025-11-01,出席,[2526出席CSV] 教學紀錄: 培喬S5 1st term 21-22 MC unfinished
c5ca6855-9331-4e61-af32-2d5dd9cd75cc,167607d0-b816-4485-9030-ff617f8b4382,2025-11-01,出席,[2526出席CSV] 教學紀錄: 培喬S5 1st term 21-22 MC unfinished
aeaa29b9-9ca0-43c5-954c-ee4757266a3c,167607d0-b816-4485-9030-ff617f8b4382,2025-11-01,出席,[2526出席CSV] 教學紀錄: 培喬S5 1st term 21-22 MC unfinished
37650bf2-f0b2-4ae7-bf68-da963d4e5d1a,167607d0-b816-4485-9030-ff617f8b4382,2025-11-01,出席,[2526出席CSV] 教學紀錄: 培喬S5 1st term 21-22 MC unfinished
f93c9942-8f06-4354-9f95-30c01fd6b58d,167607d0-b816-4485-9030-ff617f8b4382,2025-11-01,出席,[2526出席CSV] 教學紀錄: 培喬S5 1st term 21-22 MC unfinished
b173bc1e-153d-4ef7-9ed6-a36be060319c,94194de7-9fd3-4c44-9b29-0030c7616f08,2025-11-01,出席,[2526出席CSV] 教學紀錄: 對上堂EC UT卷finished assign 1718 CCH F4 1st Exam P1 | 請堂或補堂紀錄（老師填寫）: 霍健一、吳晉銘請假調6/11
96cd39e1-d5c1-4994-b5a9-58e9cddfe5bf,94194de7-9fd3-4c44-9b29-0030c7616f08,2025-11-01,出席,[2526出席CSV] 教學紀錄: 對上堂EC UT卷finished assign 1718 CCH F4 1st Exam P1 | 請堂或補堂紀錄（老師填寫）: 霍健一、吳晉銘請假調6/11
97f16885-242d-47f8-bc22-f80468c8fb70,94194de7-9fd3-4c44-9b29-0030c7616f08,2025-11-01,出席,[2526出席CSV] 教學紀錄: 對上堂EC UT卷finished assign 1718 CCH F4 1st Exam P1 | 請堂或補堂紀錄（老師填寫）: 霍健一、吳晉銘請假調6/11
3e92f8a4-49ab-42e9-9687-e6735b26411e,94194de7-9fd3-4c44-9b29-0030c7616f08,2025-11-01,出席,[2526出席CSV] 教學紀錄: 對上堂EC UT卷finished assign 1718 CCH F4 1st Exam P1 | 請堂或補堂紀錄（老師填寫）: 霍健一、吳晉銘請假調6/11
f13c6165-aeeb-4791-ba10-a2de49b58f49,94194de7-9fd3-4c44-9b29-0030c7616f08,2025-11-01,出席,[2526出席CSV] 教學紀錄: 對上堂EC UT卷finished assign 1718 CCH F4 1st Exam P1 | 請堂或補堂紀錄（老師填寫）: 霍健一、吳晉銘請假調6/11
ba7d09f2-5167-4418-b5ad-a83d20c67c63,529c3dc8-81dd-44e2-a849-061c93f73d0b,2025-11-02,出席,
02bb5dac-c1fd-43a6-aa6b-0544929c0672,529c3dc8-81dd-44e2-a849-061c93f73d0b,2025-11-02,出席,
5eaf6c4a-eb16-4992-948d-641652fe639f,1a00cbaf-079f-56f5-a8ec-c706ea085bd5,2025-10-23,出席,
5eaf6c4a-eb16-4992-948d-641652fe639f,1c46b037-f332-4eb0-9540-5f04a052570b,2025-10-23,出席,
5eaf6c4a-eb16-4992-948d-641652fe639f,43aab94a-c3d2-4647-abbb-244d9ae970aa,2025-10-25,出席,
5eaf6c4a-eb16-4992-948d-641652fe639f,807945d5-5ceb-4343-a937-48c34478341a,2025-10-28,出席,
6e060632-9bd7-4a69-9aa7-e4d9dea292a7,51696dbe-1d38-4112-9859-29ecb25d5a6d,2025-10-22,出席,
c21d45bc-fd44-4c45-a764-2cea83e7ff57,51696dbe-1d38-4112-9859-29ecb25d5a6d,2025-10-22,出席,
6e060632-9bd7-4a69-9aa7-e4d9dea292a7,1a00cbaf-079f-56f5-a8ec-c706ea085bd5,2025-10-23,出席,
c21d45bc-fd44-4c45-a764-2cea83e7ff57,1a00cbaf-079f-56f5-a8ec-c706ea085bd5,2025-10-23,出席,
6e060632-9bd7-4a69-9aa7-e4d9dea292a7,51696dbe-1d38-4112-9859-29ecb25d5a6d,2025-10-29,出席,
c21d45bc-fd44-4c45-a764-2cea83e7ff57,51696dbe-1d38-4112-9859-29ecb25d5a6d,2025-10-29,出席,
6e060632-9bd7-4a69-9aa7-e4d9dea292a7,1a00cbaf-079f-56f5-a8ec-c706ea085bd5,2025-10-30,出席,
c21d45bc-fd44-4c45-a764-2cea83e7ff57,1a00cbaf-079f-56f5-a8ec-c706ea085bd5,2025-10-30,出席,
c21d45bc-fd44-4c45-a764-2cea83e7ff57,32d27b30-3c72-5de1-ac94-12e4f0ab4652,2025-10-28,出席,
813935d3-09f3-4f8c-b633-6a3be4692649,4f7902da-2259-40bf-af6a-87f3aaa40d68,2025-11-02,出席,
082ae102-2471-45f5-b1c7-676e2743dca3,4f7902da-2259-40bf-af6a-87f3aaa40d68,2025-11-02,出席,
813935d3-09f3-4f8c-b633-6a3be4692649,8e8dfabf-f571-4230-987a-53e717e9614a,2025-11-02,出席,
dde027ee-458a-48b6-88d9-f1ec6d819698,8e8dfabf-f571-4230-987a-53e717e9614a,2025-11-02,出席,
082ae102-2471-45f5-b1c7-676e2743dca3,8e8dfabf-f571-4230-987a-53e717e9614a,2025-11-02,出席,
154bec19-0f58-47ee-9a40-1d33ff0e0f2a,1c610853-1733-40ad-90ed-5085baaea561,2025-11-02,出席,[2526出席CSV] 請堂或補堂紀錄（老師填寫）: 駱詠請假
411f1dad-c0d2-4205-b84e-3f342ee5c54c,1c610853-1733-40ad-90ed-5085baaea561,2025-11-02,出席,[2526出席CSV] 請堂或補堂紀錄（老師填寫）: 駱詠請假
0390c81e-b8b3-4d1e-a0f0-b2cdaae2c6a9,5142c9f1-a369-4ed4-a1bf-042d0f49b65b,2025-11-02,出席,
e937c6a5-9116-44f3-a203-318c48fa6aec,f3f6f42a-90e4-4bf2-b92b-3f12416db9f3,2025-11-02,出席,
ae179fbf-9d71-4bfa-90e5-1326f5c05087,f3f6f42a-90e4-4bf2-b92b-3f12416db9f3,2025-11-02,出席,
2f2cbe75-b1a6-4235-b2f5-05fc3a752aa6,1aad19f0-38ce-4787-9fbf-fa92d4774e0f,2025-11-02,出席,
a644ff5a-3115-47f4-ade3-7a2fca30897e,1aad19f0-38ce-4787-9fbf-fa92d4774e0f,2025-11-02,出席,
0ae337c5-615d-476e-9cb9-1544bbb8c439,1aad19f0-38ce-4787-9fbf-fa92d4774e0f,2025-11-02,出席,
20361dec-731e-4c2f-bf0b-0b8f474361ff,730ca500-137f-4c89-86d1-c835bd0c0273,2025-11-02,出席,
5174ab4c-3cf9-4640-97c8-78dd6f83c44e,730ca500-137f-4c89-86d1-c835bd0c0273,2025-11-02,出席,
b1d2933b-0459-4f85-9e0c-dd9eb0bc403a,43c054d8-e240-48f5-b386-c597ae30ca7d,2025-11-02,出席,
96cd39e1-d5c1-4994-b5a9-58e9cddfe5bf,20f8b798-8513-4df7-85f4-bcc36d3e3169,2025-11-02,出席,
373884c8-2e56-4019-a8e7-a9d292fa870b,20f8b798-8513-4df7-85f4-bcc36d3e3169,2025-11-02,出席,
3e92f8a4-49ab-42e9-9687-e6735b26411e,20f8b798-8513-4df7-85f4-bcc36d3e3169,2025-11-02,出席,
029ff376-ea0b-466e-8d78-6b71a4ca6e0e,20f8b798-8513-4df7-85f4-bcc36d3e3169,2025-11-02,出席,
65443d7d-dd95-4dcf-8ab3-287e19edbf76,20f8b798-8513-4df7-85f4-bcc36d3e3169,2025-11-02,出席,
108c284f-4f70-4689-a6c3-4af894eb74b4,ca098a4d-5d95-4846-9598-d76f112dd6ea,2025-11-02,出席,
c5ca6855-9331-4e61-af32-2d5dd9cd75cc,ca098a4d-5d95-4846-9598-d76f112dd6ea,2025-11-02,出席,
f93c9942-8f06-4354-9f95-30c01fd6b58d,ca098a4d-5d95-4846-9598-d76f112dd6ea,2025-11-02,出席,
15b93f72-82ce-4fbe-920c-ca0c96931b6a,2e46f56e-0265-4fae-84ff-5679015d5dba,2025-11-02,出席,
b81410b2-eb80-4af4-8d00-528ce073d5bd,2e46f56e-0265-4fae-84ff-5679015d5dba,2025-11-02,出席,
ce174b57-1108-453b-bc60-f397ea0aacab,2e46f56e-0265-4fae-84ff-5679015d5dba,2025-11-02,出席,
0ae337c5-615d-476e-9cb9-1544bbb8c439,2e46f56e-0265-4fae-84ff-5679015d5dba,2025-11-02,出席,
d86901d2-1e2e-46b6-9f09-6f770bc683cb,2e46f56e-0265-4fae-84ff-5679015d5dba,2025-11-02,出席,
610d001f-ea5c-416b-88bc-4239498ff49a,2e46f56e-0265-4fae-84ff-5679015d5dba,2025-11-02,出席,
0ffa3f51-02b3-4bf8-a87e-f843b5bb038c,2e46f56e-0265-4fae-84ff-5679015d5dba,2025-11-02,出席,
395e0b9d-acc1-4ef8-97ea-5c3ab4eb1ac8,2e46f56e-0265-4fae-84ff-5679015d5dba,2025-11-02,出席,
99d984ce-1e92-4741-9d2a-f6b588082de4,2e46f56e-0265-4fae-84ff-5679015d5dba,2025-11-02,出席,
40bfa36c-585d-47cd-ba07-effbda547a51,9d18b4f6-a4f5-4029-abb0-5c8926e16d19,2025-10-29,出席,
915602a6-c807-465f-9d8f-f66f5f070ce9,9d18b4f6-a4f5-4029-abb0-5c8926e16d19,2025-10-29,出席,
f98aacc3-3dcb-477c-be80-50e4286a8c4a,9d18b4f6-a4f5-4029-abb0-5c8926e16d19,2025-10-29,出席,
a44e6718-427b-43d1-93de-1e34ba3c4535,9d18b4f6-a4f5-4029-abb0-5c8926e16d19,2025-10-29,出席,
4f9e4c16-0f95-4adf-b383-593811de4c13,9d18b4f6-a4f5-4029-abb0-5c8926e16d19,2025-10-29,出席,
813935d3-09f3-4f8c-b633-6a3be4692649,e78ac7ea-67f8-4b15-86c4-445a29635b1f,2025-10-29,出席,
aeaa29b9-9ca0-43c5-954c-ee4757266a3c,e78ac7ea-67f8-4b15-86c4-445a29635b1f,2025-10-29,出席,
065d4b56-88e3-4063-91f1-4a4792add0c0,e78ac7ea-67f8-4b15-86c4-445a29635b1f,2025-10-29,出席,
0069abd3-f16d-4ed6-a7b9-1d531d527cf3,e78ac7ea-67f8-4b15-86c4-445a29635b1f,2025-10-29,出席,
879205e4-a499-445f-86ab-ff56f3569438,934f3f3a-5ba0-47a0-879a-3158e92416b8,2025-10-27,出席,
ce8c4982-bf08-4213-86f7-99292a8f70ff,934f3f3a-5ba0-47a0-879a-3158e92416b8,2025-10-27,出席,
15b93f72-82ce-4fbe-920c-ca0c96931b6a,2e46f56e-0265-4fae-84ff-5679015d5dba,2025-10-26,出席,
b81410b2-eb80-4af4-8d00-528ce073d5bd,2e46f56e-0265-4fae-84ff-5679015d5dba,2025-10-26,出席,
ce174b57-1108-453b-bc60-f397ea0aacab,2e46f56e-0265-4fae-84ff-5679015d5dba,2025-10-26,出席,
0ae337c5-615d-476e-9cb9-1544bbb8c439,2e46f56e-0265-4fae-84ff-5679015d5dba,2025-10-26,出席,
d86901d2-1e2e-46b6-9f09-6f770bc683cb,2e46f56e-0265-4fae-84ff-5679015d5dba,2025-10-26,出席,
610d001f-ea5c-416b-88bc-4239498ff49a,2e46f56e-0265-4fae-84ff-5679015d5dba,2025-10-26,出席,
0ffa3f51-02b3-4bf8-a87e-f843b5bb038c,2e46f56e-0265-4fae-84ff-5679015d5dba,2025-10-26,出席,
395e0b9d-acc1-4ef8-97ea-5c3ab4eb1ac8,2e46f56e-0265-4fae-84ff-5679015d5dba,2025-10-26,出席,
99d984ce-1e92-4741-9d2a-f6b588082de4,2e46f56e-0265-4fae-84ff-5679015d5dba,2025-10-26,出席,
40bfa36c-585d-47cd-ba07-effbda547a51,9d18b4f6-a4f5-4029-abb0-5c8926e16d19,2025-10-22,出席,
915602a6-c807-465f-9d8f-f66f5f070ce9,9d18b4f6-a4f5-4029-abb0-5c8926e16d19,2025-10-22,出席,
f98aacc3-3dcb-477c-be80-50e4286a8c4a,9d18b4f6-a4f5-4029-abb0-5c8926e16d19,2025-10-22,出席,
a44e6718-427b-43d1-93de-1e34ba3c4535,9d18b4f6-a4f5-4029-abb0-5c8926e16d19,2025-10-22,出席,
4f9e4c16-0f95-4adf-b383-593811de4c13,9d18b4f6-a4f5-4029-abb0-5c8926e16d19,2025-10-22,出席,
879205e4-a499-445f-86ab-ff56f3569438,934f3f3a-5ba0-47a0-879a-3158e92416b8,2025-10-20,出席,
ce8c4982-bf08-4213-86f7-99292a8f70ff,934f3f3a-5ba0-47a0-879a-3158e92416b8,2025-10-20,出席,
15b93f72-82ce-4fbe-920c-ca0c96931b6a,2e46f56e-0265-4fae-84ff-5679015d5dba,2025-10-19,出席,
b81410b2-eb80-4af4-8d00-528ce073d5bd,2e46f56e-0265-4fae-84ff-5679015d5dba,2025-10-19,出席,
ce174b57-1108-453b-bc60-f397ea0aacab,2e46f56e-0265-4fae-84ff-5679015d5dba,2025-10-19,出席,
0ae337c5-615d-476e-9cb9-1544bbb8c439,2e46f56e-0265-4fae-84ff-5679015d5dba,2025-10-19,出席,
d86901d2-1e2e-46b6-9f09-6f770bc683cb,2e46f56e-0265-4fae-84ff-5679015d5dba,2025-10-19,出席,
610d001f-ea5c-416b-88bc-4239498ff49a,2e46f56e-0265-4fae-84ff-5679015d5dba,2025-10-19,出席,
0ffa3f51-02b3-4bf8-a87e-f843b5bb038c,2e46f56e-0265-4fae-84ff-5679015d5dba,2025-10-19,出席,
395e0b9d-acc1-4ef8-97ea-5c3ab4eb1ac8,2e46f56e-0265-4fae-84ff-5679015d5dba,2025-10-19,出席,
99d984ce-1e92-4741-9d2a-f6b588082de4,2e46f56e-0265-4fae-84ff-5679015d5dba,2025-10-19,出席,
40bfa36c-585d-47cd-ba07-effbda547a51,9d18b4f6-a4f5-4029-abb0-5c8926e16d19,2025-10-15,出席,
915602a6-c807-465f-9d8f-f66f5f070ce9,9d18b4f6-a4f5-4029-abb0-5c8926e16d19,2025-10-15,出席,
f98aacc3-3dcb-477c-be80-50e4286a8c4a,9d18b4f6-a4f5-4029-abb0-5c8926e16d19,2025-10-15,出席,
a44e6718-427b-43d1-93de-1e34ba3c4535,9d18b4f6-a4f5-4029-abb0-5c8926e16d19,2025-10-15,出席,
4f9e4c16-0f95-4adf-b383-593811de4c13,9d18b4f6-a4f5-4029-abb0-5c8926e16d19,2025-10-15,出席,
879205e4-a499-445f-86ab-ff56f3569438,934f3f3a-5ba0-47a0-879a-3158e92416b8,2025-10-13,出席,
ce8c4982-bf08-4213-86f7-99292a8f70ff,934f3f3a-5ba0-47a0-879a-3158e92416b8,2025-10-13,出席,
15b93f72-82ce-4fbe-920c-ca0c96931b6a,2e46f56e-0265-4fae-84ff-5679015d5dba,2025-10-12,出席,
b81410b2-eb80-4af4-8d00-528ce073d5bd,2e46f56e-0265-4fae-84ff-5679015d5dba,2025-10-12,出席,
ce174b57-1108-453b-bc60-f397ea0aacab,2e46f56e-0265-4fae-84ff-5679015d5dba,2025-10-12,出席,
0ae337c5-615d-476e-9cb9-1544bbb8c439,2e46f56e-0265-4fae-84ff-5679015d5dba,2025-10-12,出席,
d86901d2-1e2e-46b6-9f09-6f770bc683cb,2e46f56e-0265-4fae-84ff-5679015d5dba,2025-10-12,出席,
610d001f-ea5c-416b-88bc-4239498ff49a,2e46f56e-0265-4fae-84ff-5679015d5dba,2025-10-12,出席,
0ffa3f51-02b3-4bf8-a87e-f843b5bb038c,2e46f56e-0265-4fae-84ff-5679015d5dba,2025-10-12,出席,
395e0b9d-acc1-4ef8-97ea-5c3ab4eb1ac8,2e46f56e-0265-4fae-84ff-5679015d5dba,2025-10-12,出席,
99d984ce-1e92-4741-9d2a-f6b588082de4,2e46f56e-0265-4fae-84ff-5679015d5dba,2025-10-12,出席,
40bfa36c-585d-47cd-ba07-effbda547a51,9d18b4f6-a4f5-4029-abb0-5c8926e16d19,2025-10-08,出席,
915602a6-c807-465f-9d8f-f66f5f070ce9,9d18b4f6-a4f5-4029-abb0-5c8926e16d19,2025-10-08,出席,
f98aacc3-3dcb-477c-be80-50e4286a8c4a,9d18b4f6-a4f5-4029-abb0-5c8926e16d19,2025-10-08,出席,
a44e6718-427b-43d1-93de-1e34ba3c4535,9d18b4f6-a4f5-4029-abb0-5c8926e16d19,2025-10-08,出席,
4f9e4c16-0f95-4adf-b383-593811de4c13,9d18b4f6-a4f5-4029-abb0-5c8926e16d19,2025-10-08,出席,
15b93f72-82ce-4fbe-920c-ca0c96931b6a,2e46f56e-0265-4fae-84ff-5679015d5dba,2025-10-05,出席,
b81410b2-eb80-4af4-8d00-528ce073d5bd,2e46f56e-0265-4fae-84ff-5679015d5dba,2025-10-05,出席,
ce174b57-1108-453b-bc60-f397ea0aacab,2e46f56e-0265-4fae-84ff-5679015d5dba,2025-10-05,出席,
0ae337c5-615d-476e-9cb9-1544bbb8c439,2e46f56e-0265-4fae-84ff-5679015d5dba,2025-10-05,出席,
d86901d2-1e2e-46b6-9f09-6f770bc683cb,2e46f56e-0265-4fae-84ff-5679015d5dba,2025-10-05,出席,
610d001f-ea5c-416b-88bc-4239498ff49a,2e46f56e-0265-4fae-84ff-5679015d5dba,2025-10-05,出席,
0ffa3f51-02b3-4bf8-a87e-f843b5bb038c,2e46f56e-0265-4fae-84ff-5679015d5dba,2025-10-05,出席,
395e0b9d-acc1-4ef8-97ea-5c3ab4eb1ac8,2e46f56e-0265-4fae-84ff-5679015d5dba,2025-10-05,出席,
99d984ce-1e92-4741-9d2a-f6b588082de4,2e46f56e-0265-4fae-84ff-5679015d5dba,2025-10-05,出席,
879205e4-a499-445f-86ab-ff56f3569438,934f3f3a-5ba0-47a0-879a-3158e92416b8,2025-11-03,出席,
ce8c4982-bf08-4213-86f7-99292a8f70ff,934f3f3a-5ba0-47a0-879a-3158e92416b8,2025-11-03,出席,
ce8c4982-bf08-4213-86f7-99292a8f70ff,1db99818-f7fe-4e73-b8d5-c306ae33b0d2,2025-11-04,出席,[2526出席CSV] 教學紀錄: cont and finished %
879205e4-a499-445f-86ab-ff56f3569438,1db99818-f7fe-4e73-b8d5-c306ae33b0d2,2025-11-04,出席,[2526出席CSV] 教學紀錄: cont and finished %
854ea905-3880-4c43-a34d-e9a08b319a15,1db99818-f7fe-4e73-b8d5-c306ae33b0d2,2025-11-04,出席,[2526出席CSV] 教學紀錄: cont and finished %
b1d2933b-0459-4f85-9e0c-dd9eb0bc403a,43c054d8-e240-48f5-b386-c597ae30ca7d,2025-10-19,出席,
082ae102-2471-45f5-b1c7-676e2743dca3,8e8dfabf-f571-4230-987a-53e717e9614a,2025-10-24,出席,
c6cdae79-baa1-425e-8345-976e45c84315,717fc491-c5c3-4e59-a48a-ecaf23d168b5,2025-11-06,出席,[2526出席CSV] 教學紀錄: finished rate and ratio
86d25c49-66d0-406b-a725-5b4973f21df3,717fc491-c5c3-4e59-a48a-ecaf23d168b5,2025-11-06,出席,[2526出席CSV] 教學紀錄: finished rate and ratio
17575f59-9a5a-4d56-8e46-b75c6c2ae37c,717fc491-c5c3-4e59-a48a-ecaf23d168b5,2025-11-06,出席,[2526出席CSV] 教學紀錄: finished rate and ratio
0390c81e-b8b3-4d1e-a0f0-b2cdaae2c6a9,717fc491-c5c3-4e59-a48a-ecaf23d168b5,2025-11-06,出席,[2526出席CSV] 教學紀錄: finished rate and ratio
f4317920-332c-445a-930d-7a5c230051e8,1c46b037-f332-4eb0-9540-5f04a052570b,2025-11-06,出席,[2526出席CSV] 教學紀錄: function and graph mc ws | 請堂或補堂紀錄（老師填寫）: 陳煒傑Zoom 李承峰無故缺席(今天照點名，8/11補堂）
a09da146-6195-4d68-a1f8-22a8202a1f3d,1c46b037-f332-4eb0-9540-5f04a052570b,2025-11-06,出席,[2526出席CSV] 教學紀錄: function and graph mc ws | 請堂或補堂紀錄（老師填寫）: 陳煒傑Zoom 李承峰無故缺席(今天照點名，8/11補堂）
db2d4d1b-7b41-461f-bd22-8b86e0e27014,1c46b037-f332-4eb0-9540-5f04a052570b,2025-11-06,出席,[2526出席CSV] 教學紀錄: function and graph mc ws | 請堂或補堂紀錄（老師填寫）: 陳煒傑Zoom 李承峰無故缺席(今天照點名，8/11補堂）
40740569-ed26-4b9c-9bca-1afb6eb920ab,1c46b037-f332-4eb0-9540-5f04a052570b,2025-11-06,出席,[2526出席CSV] 教學紀錄: function and graph mc ws | 請堂或補堂紀錄（老師填寫）: 陳煒傑Zoom 李承峰無故缺席(今天照點名，8/11補堂）
20361dec-731e-4c2f-bf0b-0b8f474361ff,0fc0070f-98b1-49af-869d-4a5ce0776428,2025-11-07,出席,[2526出席CSV] 教學紀錄: finished P&C | 請堂或補堂紀錄（老師填寫）: 曾穎skip一堂 吳俊羲、梁顯民video
fbb27277-2d26-4d3f-9fd4-a8f0fa5cddee,0fc0070f-98b1-49af-869d-4a5ce0776428,2025-11-07,出席,[2526出席CSV] 教學紀錄: finished P&C | 請堂或補堂紀錄（老師填寫）: 曾穎skip一堂 吳俊羲、梁顯民video
93f8aab8-3eb4-43cb-aebb-d07764819b00,0fc0070f-98b1-49af-869d-4a5ce0776428,2025-11-07,出席,[2526出席CSV] 教學紀錄: finished P&C | 請堂或補堂紀錄（老師填寫）: 曾穎skip一堂 吳俊羲、梁顯民video
597c7280-53c9-4327-a05d-843c89046796,0fc0070f-98b1-49af-869d-4a5ce0776428,2025-11-07,出席,[2526出席CSV] 教學紀錄: finished P&C | 請堂或補堂紀錄（老師填寫）: 曾穎skip一堂 吳俊羲、梁顯民video
35893dd5-f77e-4ef4-b6b2-4baabb14f357,0fc0070f-98b1-49af-869d-4a5ce0776428,2025-11-07,出席,[2526出席CSV] 教學紀錄: finished P&C | 請堂或補堂紀錄（老師填寫）: 曾穎skip一堂 吳俊羲、梁顯民video
082ae102-2471-45f5-b1c7-676e2743dca3,93560085-b304-4169-b604-0cc96af25cc8,2025-11-07,出席,
065d4b56-88e3-4063-91f1-4a4792add0c0,93560085-b304-4169-b604-0cc96af25cc8,2025-11-07,出席,
f93c9942-8f06-4354-9f95-30c01fd6b58d,93560085-b304-4169-b604-0cc96af25cc8,2025-11-07,出席,
301a4b5e-c55d-4b4d-91d7-0bc05aada67d,5563dfc9-cbb2-4dfb-8cc5-f3709ce0cb76,2025-11-07,出席,[2526出席CSV] 教學紀錄: cont Joint US set8 Q21-45 | 請堂或補堂紀錄（老師填寫）: 陳宣穎、高梓軒、袁焯楠錄影
a44e6718-427b-43d1-93de-1e34ba3c4535,5563dfc9-cbb2-4dfb-8cc5-f3709ce0cb76,2025-11-07,出席,[2526出席CSV] 教學紀錄: cont Joint US set8 Q21-45 | 請堂或補堂紀錄（老師填寫）: 陳宣穎、高梓軒、袁焯楠錄影
174c983e-7ecf-432d-acc7-c60d0fa48623,5563dfc9-cbb2-4dfb-8cc5-f3709ce0cb76,2025-11-07,出席,[2526出席CSV] 教學紀錄: cont Joint US set8 Q21-45 | 請堂或補堂紀錄（老師填寫）: 陳宣穎、高梓軒、袁焯楠錄影
223038a1-164b-482a-9408-1007dc373467,5563dfc9-cbb2-4dfb-8cc5-f3709ce0cb76,2025-11-07,出席,[2526出席CSV] 教學紀錄: cont Joint US set8 Q21-45 | 請堂或補堂紀錄（老師填寫）: 陳宣穎、高梓軒、袁焯楠錄影
0ffa3f51-02b3-4bf8-a87e-f843b5bb038c,5563dfc9-cbb2-4dfb-8cc5-f3709ce0cb76,2025-11-07,出席,[2526出席CSV] 教學紀錄: cont Joint US set8 Q21-45 | 請堂或補堂紀錄（老師填寫）: 陳宣穎、高梓軒、袁焯楠錄影
395e0b9d-acc1-4ef8-97ea-5c3ab4eb1ac8,5563dfc9-cbb2-4dfb-8cc5-f3709ce0cb76,2025-11-07,出席,[2526出席CSV] 教學紀錄: cont Joint US set8 Q21-45 | 請堂或補堂紀錄（老師填寫）: 陳宣穎、高梓軒、袁焯楠錄影
04d4a09f-2b4e-4b2d-8820-271f0f8ffeb0,5563dfc9-cbb2-4dfb-8cc5-f3709ce0cb76,2025-11-07,出席,[2526出席CSV] 教學紀錄: cont Joint US set8 Q21-45 | 請堂或補堂紀錄（老師填寫）: 陳宣穎、高梓軒、袁焯楠錄影
ce174b57-1108-453b-bc60-f397ea0aacab,5563dfc9-cbb2-4dfb-8cc5-f3709ce0cb76,2025-11-07,出席,[2526出席CSV] 教學紀錄: cont Joint US set8 Q21-45 | 請堂或補堂紀錄（老師填寫）: 陳宣穎、高梓軒、袁焯楠錄影
521bdfcb-74ff-4166-9e6f-5721ac1650f4,d3bbaf3f-9465-443a-8507-19456e2e86c0,2025-11-03,出席,
b1d2933b-0459-4f85-9e0c-dd9eb0bc403a,21627141-68b0-4be0-a072-8cc7c4878654,2025-11-08,出席,
c6cdae79-baa1-425e-8345-976e45c84315,21627141-68b0-4be0-a072-8cc7c4878654,2025-11-08,出席,
2f2cbe75-b1a6-4235-b2f5-05fc3a752aa6,36de22e8-74e0-41e0-af01-a6cfaf72651f,2025-11-08,出席,[2526出席CSV] 教學紀錄: 2022
20361dec-731e-4c2f-bf0b-0b8f474361ff,eb9d88d8-cb5c-4ea5-aae2-ada9dd4a99ba,2025-11-08,出席,
aeaa29b9-9ca0-43c5-954c-ee4757266a3c,eb9d88d8-cb5c-4ea5-aae2-ada9dd4a99ba,2025-11-08,出席,
813935d3-09f3-4f8c-b633-6a3be4692649,eb9d88d8-cb5c-4ea5-aae2-ada9dd4a99ba,2025-11-08,出席,
3bf0758e-7f75-403c-82eb-a995ef71f447,72f4a923-5ac0-4183-bb70-bc64349ff3af,2025-11-08,出席,
6febe4d0-557d-48a2-b283-07963139d5c3,51696dbe-1d38-4112-9859-29ecb25d5a6d,2025-11-05,出席,
ce174b57-1108-453b-bc60-f397ea0aacab,51696dbe-1d38-4112-9859-29ecb25d5a6d,2025-11-05,出席,
0ffa3f51-02b3-4bf8-a87e-f843b5bb038c,51696dbe-1d38-4112-9859-29ecb25d5a6d,2025-11-05,出席,
f13c6165-aeeb-4791-ba10-a2de49b58f49,51696dbe-1d38-4112-9859-29ecb25d5a6d,2025-11-05,出席,
d0490601-ab06-4b2f-b3e3-6e06007665c9,acc8f2a0-e390-4569-bd1c-494cc176fb84,2025-11-08,出席,
025a1e5d-1af3-4ca9-bb2e-42e636b03ffb,0ad6a2f9-a31f-4e3b-a04a-d23c3cd1e405,2025-11-08,出席,
28396f5a-c066-43bf-bcc6-cfd4fee72e92,e45bc7fb-1ce4-4f71-b50b-601791a48a9a,2025-11-08,出席,
5214a841-39c8-4805-8720-c20a7f202d98,e45bc7fb-1ce4-4f71-b50b-601791a48a9a,2025-11-08,出席,
4ddd2ba1-1d17-46e8-b9c3-11c38a584254,e45bc7fb-1ce4-4f71-b50b-601791a48a9a,2025-11-08,出席,
0b656f33-268d-4d21-a49f-a37818134fa2,e4aa21ce-1d5e-4e6a-b13a-6e274a27a1d2,2025-11-08,出席,
550ef8fa-8579-42a7-904c-e634a697ae5c,e4aa21ce-1d5e-4e6a-b13a-6e274a27a1d2,2025-11-08,出席,
915602a6-c807-465f-9d8f-f66f5f070ce9,68e5db0d-0d0d-4b30-8b5c-24f9b3f56f73,2025-11-08,出席,
b79bc930-9d2f-412b-8069-84b75d61ad09,68e5db0d-0d0d-4b30-8b5c-24f9b3f56f73,2025-11-08,出席,
154bec19-0f58-47ee-9a40-1d33ff0e0f2a,68e5db0d-0d0d-4b30-8b5c-24f9b3f56f73,2025-11-08,出席,
d86901d2-1e2e-46b6-9f09-6f770bc683cb,68e5db0d-0d0d-4b30-8b5c-24f9b3f56f73,2025-11-08,出席,
f98aacc3-3dcb-477c-be80-50e4286a8c4a,68e5db0d-0d0d-4b30-8b5c-24f9b3f56f73,2025-11-08,出席,
a44e6718-427b-43d1-93de-1e34ba3c4535,68e5db0d-0d0d-4b30-8b5c-24f9b3f56f73,2025-11-08,出席,
5707f4fb-4f63-4098-86d8-8682033e5859,68e5db0d-0d0d-4b30-8b5c-24f9b3f56f73,2025-11-08,出席,
7ae2fc5c-ab2b-4dc5-80ad-328c43d53619,68e5db0d-0d0d-4b30-8b5c-24f9b3f56f73,2025-11-08,出席,
411f1dad-c0d2-4205-b84e-3f342ee5c54c,68e5db0d-0d0d-4b30-8b5c-24f9b3f56f73,2025-11-08,出席,
0069abd3-f16d-4ed6-a7b9-1d531d527cf3,68e5db0d-0d0d-4b30-8b5c-24f9b3f56f73,2025-11-08,出席,
597c7280-53c9-4327-a05d-843c89046796,68e5db0d-0d0d-4b30-8b5c-24f9b3f56f73,2025-11-08,出席,
c5ca6855-9331-4e61-af32-2d5dd9cd75cc,167607d0-b816-4485-9030-ff617f8b4382,2025-11-08,出席,[2526出席CSV] 教學紀錄: assign P&C | 請堂或補堂紀錄（老師填寫）: 蕭馥鎣Video
aeaa29b9-9ca0-43c5-954c-ee4757266a3c,167607d0-b816-4485-9030-ff617f8b4382,2025-11-08,出席,[2526出席CSV] 教學紀錄: assign P&C | 請堂或補堂紀錄（老師填寫）: 蕭馥鎣Video
f93c9942-8f06-4354-9f95-30c01fd6b58d,167607d0-b816-4485-9030-ff617f8b4382,2025-11-08,出席,[2526出席CSV] 教學紀錄: assign P&C | 請堂或補堂紀錄（老師填寫）: 蕭馥鎣Video
813935d3-09f3-4f8c-b633-6a3be4692649,167607d0-b816-4485-9030-ff617f8b4382,2025-11-08,出席,[2526出席CSV] 教學紀錄: assign P&C | 請堂或補堂紀錄（老師填寫）: 蕭馥鎣Video
154bec19-0f58-47ee-9a40-1d33ff0e0f2a,370475e2-9a1e-4778-84b1-d097b4133f93,2025-11-08,出席,[2526出席CSV] 教學紀錄: La Salle 20-21 P1 Mock Q1-14 | 請堂或補堂紀錄（老師填寫）: 林靜網課
40bfa36c-585d-47cd-ba07-effbda547a51,370475e2-9a1e-4778-84b1-d097b4133f93,2025-11-08,出席,[2526出席CSV] 教學紀錄: La Salle 20-21 P1 Mock Q1-14 | 請堂或補堂紀錄（老師填寫）: 林靜網課
411f1dad-c0d2-4205-b84e-3f342ee5c54c,370475e2-9a1e-4778-84b1-d097b4133f93,2025-11-08,出席,[2526出席CSV] 教學紀錄: La Salle 20-21 P1 Mock Q1-14 | 請堂或補堂紀錄（老師填寫）: 林靜網課
b173bc1e-153d-4ef7-9ed6-a36be060319c,94194de7-9fd3-4c44-9b29-0030c7616f08,2025-11-08,出席,[2526出席CSV] 教學紀錄: Finished function and graph Function and graph mc ws 下堂繼續mc Q26-60 | 請堂或補堂紀錄（老師填寫）: 李承峰補6/11 不用額外點名 video 關智博請假順延
029ff376-ea0b-466e-8d78-6b71a4ca6e0e,94194de7-9fd3-4c44-9b29-0030c7616f08,2025-11-08,出席,[2526出席CSV] 教學紀錄: Finished function and graph Function and graph mc ws 下堂繼續mc Q26-60 | 請堂或補堂紀錄（老師填寫）: 李承峰補6/11 不用額外點名 video 關智博請假順延
96cd39e1-d5c1-4994-b5a9-58e9cddfe5bf,94194de7-9fd3-4c44-9b29-0030c7616f08,2025-11-08,出席,[2526出席CSV] 教學紀錄: Finished function and graph Function and graph mc ws 下堂繼續mc Q26-60 | 請堂或補堂紀錄（老師填寫）: 李承峰補6/11 不用額外點名 video 關智博請假順延
97f16885-242d-47f8-bc22-f80468c8fb70,94194de7-9fd3-4c44-9b29-0030c7616f08,2025-11-08,出席,[2526出席CSV] 教學紀錄: Finished function and graph Function and graph mc ws 下堂繼續mc Q26-60 | 請堂或補堂紀錄（老師填寫）: 李承峰補6/11 不用額外點名 video 關智博請假順延
3e92f8a4-49ab-42e9-9687-e6735b26411e,94194de7-9fd3-4c44-9b29-0030c7616f08,2025-11-08,出席,[2526出席CSV] 教學紀錄: Finished function and graph Function and graph mc ws 下堂繼續mc Q26-60 | 請堂或補堂紀錄（老師填寫）: 李承峰補6/11 不用額外點名 video 關智博請假順延
65443d7d-dd95-4dcf-8ab3-287e19edbf76,94194de7-9fd3-4c44-9b29-0030c7616f08,2025-11-08,出席,[2526出席CSV] 教學紀錄: Finished function and graph Function and graph mc ws 下堂繼續mc Q26-60 | 請堂或補堂紀錄（老師填寫）: 李承峰補6/11 不用額外點名 video 關智博請假順延
f4317920-332c-445a-930d-7a5c230051e8,d4ef9fff-d444-4edb-b25a-a77d540824cd,2025-11-04,出席,
b066adc9-0d9b-4c00-a054-9604d1dfeb89,4b932585-aee6-4d85-8d4f-53045a4ffdb5,2025-11-07,出席,
db303f37-2f92-4c35-8a7d-dd8773d1507a,4b932585-aee6-4d85-8d4f-53045a4ffdb5,2025-11-07,出席,
fa7e5572-9889-486d-9ea6-29d17ce33e4f,cf2ed201-b3bf-45cc-ac38-011bd14d1c57,2025-11-07,出席,
b09a62d4-58b0-4ba8-a413-6263a03eec8c,cf2ed201-b3bf-45cc-ac38-011bd14d1c57,2025-11-07,出席,
8b67097c-4edf-4e5a-b370-a2972e4322ef,cf2ed201-b3bf-45cc-ac38-011bd14d1c57,2025-11-07,出席,
15b93f72-82ce-4fbe-920c-ca0c96931b6a,2e46f56e-0265-4fae-84ff-5679015d5dba,2025-11-09,出席,
ce174b57-1108-453b-bc60-f397ea0aacab,2e46f56e-0265-4fae-84ff-5679015d5dba,2025-11-09,出席,
0ae337c5-615d-476e-9cb9-1544bbb8c439,2e46f56e-0265-4fae-84ff-5679015d5dba,2025-11-09,出席,
d86901d2-1e2e-46b6-9f09-6f770bc683cb,2e46f56e-0265-4fae-84ff-5679015d5dba,2025-11-09,出席,
0ffa3f51-02b3-4bf8-a87e-f843b5bb038c,2e46f56e-0265-4fae-84ff-5679015d5dba,2025-11-09,出席,
395e0b9d-acc1-4ef8-97ea-5c3ab4eb1ac8,2e46f56e-0265-4fae-84ff-5679015d5dba,2025-11-09,出席,
99d984ce-1e92-4741-9d2a-f6b588082de4,2e46f56e-0265-4fae-84ff-5679015d5dba,2025-11-09,出席,
ce8c4982-bf08-4213-86f7-99292a8f70ff,1db99818-f7fe-4e73-b8d5-c306ae33b0d2,2025-11-11,出席,"[2526出席CSV] 教學紀錄: Assign geometry, finished distance part"
879205e4-a499-445f-86ab-ff56f3569438,1db99818-f7fe-4e73-b8d5-c306ae33b0d2,2025-11-11,出席,"[2526出席CSV] 教學紀錄: Assign geometry, finished distance part"
5eaf6c4a-eb16-4992-948d-641652fe639f,807945d5-5ceb-4343-a937-48c34478341a,2025-11-04,出席,
5eaf6c4a-eb16-4992-948d-641652fe639f,f3f6f42a-90e4-4bf2-b92b-3f12416db9f3,2025-11-09,出席,
5eaf6c4a-eb16-4992-948d-641652fe639f,807945d5-5ceb-4343-a937-48c34478341a,2025-11-11,出席,
6e060632-9bd7-4a69-9aa7-e4d9dea292a7,1a00cbaf-079f-56f5-a8ec-c706ea085bd5,2025-11-03,出席,
c21d45bc-fd44-4c45-a764-2cea83e7ff57,1a00cbaf-079f-56f5-a8ec-c706ea085bd5,2025-11-03,出席,
6e060632-9bd7-4a69-9aa7-e4d9dea292a7,1a00cbaf-079f-56f5-a8ec-c706ea085bd5,2025-11-06,出席,
c21d45bc-fd44-4c45-a764-2cea83e7ff57,1a00cbaf-079f-56f5-a8ec-c706ea085bd5,2025-11-06,出席,
c21d45bc-fd44-4c45-a764-2cea83e7ff57,b636d4f0-c3f7-4d12-b2cc-f432ee520251,2025-11-04,出席,
c21d45bc-fd44-4c45-a764-2cea83e7ff57,b636d4f0-c3f7-4d12-b2cc-f432ee520251,2025-11-11,出席,
b066adc9-0d9b-4c00-a054-9604d1dfeb89,4b932585-aee6-4d85-8d4f-53045a4ffdb5,2025-11-14,出席,
0d708d45-f2c3-4edc-bf6e-f11f4f37abc0,4b932585-aee6-4d85-8d4f-53045a4ffdb5,2025-11-14,出席,
db303f37-2f92-4c35-8a7d-dd8773d1507a,4b932585-aee6-4d85-8d4f-53045a4ffdb5,2025-11-14,出席,
6febe4d0-557d-48a2-b283-07963139d5c3,51696dbe-1d38-4112-9859-29ecb25d5a6d,2025-11-12,出席,
ce174b57-1108-453b-bc60-f397ea0aacab,51696dbe-1d38-4112-9859-29ecb25d5a6d,2025-11-12,出席,
0ffa3f51-02b3-4bf8-a87e-f843b5bb038c,51696dbe-1d38-4112-9859-29ecb25d5a6d,2025-11-12,出席,
f13c6165-aeeb-4791-ba10-a2de49b58f49,51696dbe-1d38-4112-9859-29ecb25d5a6d,2025-11-12,出席,
0ae337c5-615d-476e-9cb9-1544bbb8c439,51696dbe-1d38-4112-9859-29ecb25d5a6d,2025-11-12,出席,
47b7153c-1393-4bdf-bed2-47640213ec5e,5c865266-89ac-5657-a4b8-b5481181d0dd,2025-11-02,出席,
c6cdae79-baa1-425e-8345-976e45c84315,717fc491-c5c3-4e59-a48a-ecaf23d168b5,2025-11-13,出席,"[2526出席CSV] 教學紀錄: polygon ws, last 2 pg unfinished"
86d25c49-66d0-406b-a725-5b4973f21df3,717fc491-c5c3-4e59-a48a-ecaf23d168b5,2025-11-13,出席,"[2526出席CSV] 教學紀錄: polygon ws, last 2 pg unfinished"
17575f59-9a5a-4d56-8e46-b75c6c2ae37c,717fc491-c5c3-4e59-a48a-ecaf23d168b5,2025-11-13,出席,"[2526出席CSV] 教學紀錄: polygon ws, last 2 pg unfinished"
0390c81e-b8b3-4d1e-a0f0-b2cdaae2c6a9,717fc491-c5c3-4e59-a48a-ecaf23d168b5,2025-11-13,出席,"[2526出席CSV] 教學紀錄: polygon ws, last 2 pg unfinished"
f4317920-332c-445a-930d-7a5c230051e8,1c46b037-f332-4eb0-9540-5f04a052570b,2025-11-13,出席,[2526出席CSV] 教學紀錄: Relations of root test finished | 請堂或補堂紀錄（老師填寫）: 霍健一補1/11 李承峰調15/11 陳煒傑Video
a09da146-6195-4d68-a1f8-22a8202a1f3d,1c46b037-f332-4eb0-9540-5f04a052570b,2025-11-13,出席,[2526出席CSV] 教學紀錄: Relations of root test finished | 請堂或補堂紀錄（老師填寫）: 霍健一補1/11 李承峰調15/11 陳煒傑Video
db2d4d1b-7b41-461f-bd22-8b86e0e27014,1c46b037-f332-4eb0-9540-5f04a052570b,2025-11-13,出席,[2526出席CSV] 教學紀錄: Relations of root test finished | 請堂或補堂紀錄（老師填寫）: 霍健一補1/11 李承峰調15/11 陳煒傑Video
029ff376-ea0b-466e-8d78-6b71a4ca6e0e,1c46b037-f332-4eb0-9540-5f04a052570b,2025-11-13,出席,[2526出席CSV] 教學紀錄: Relations of root test finished | 請堂或補堂紀錄（老師填寫）: 霍健一補1/11 李承峰調15/11 陳煒傑Video
20361dec-731e-4c2f-bf0b-0b8f474361ff,0fc0070f-98b1-49af-869d-4a5ce0776428,2025-11-14,出席,[2526出席CSV] 教學紀錄: 對PC功課 Assign more about Probi hw: p117-120
fbb27277-2d26-4d3f-9fd4-a8f0fa5cddee,0fc0070f-98b1-49af-869d-4a5ce0776428,2025-11-14,出席,[2526出席CSV] 教學紀錄: 對PC功課 Assign more about Probi hw: p117-120
93f8aab8-3eb4-43cb-aebb-d07764819b00,0fc0070f-98b1-49af-869d-4a5ce0776428,2025-11-14,出席,[2526出席CSV] 教學紀錄: 對PC功課 Assign more about Probi hw: p117-120
6febe4d0-557d-48a2-b283-07963139d5c3,0fc0070f-98b1-49af-869d-4a5ce0776428,2025-11-14,出席,[2526出席CSV] 教學紀錄: 對PC功課 Assign more about Probi hw: p117-120
597c7280-53c9-4327-a05d-843c89046796,0fc0070f-98b1-49af-869d-4a5ce0776428,2025-11-14,出席,[2526出席CSV] 教學紀錄: 對PC功課 Assign more about Probi hw: p117-120
35893dd5-f77e-4ef4-b6b2-4baabb14f357,0fc0070f-98b1-49af-869d-4a5ce0776428,2025-11-14,出席,[2526出席CSV] 教學紀錄: 對PC功課 Assign more about Probi hw: p117-120
301a4b5e-c55d-4b4d-91d7-0bc05aada67d,5563dfc9-cbb2-4dfb-8cc5-f3709ce0cb76,2025-11-14,出席,[2526出席CSV] 教學紀錄: 學友社2017-2018 P1 Q1-12 | 請堂或補堂紀錄（老師填寫）: 袁焯楠 李映進 Video
a44e6718-427b-43d1-93de-1e34ba3c4535,5563dfc9-cbb2-4dfb-8cc5-f3709ce0cb76,2025-11-14,出席,[2526出席CSV] 教學紀錄: 學友社2017-2018 P1 Q1-12 | 請堂或補堂紀錄（老師填寫）: 袁焯楠 李映進 Video
174c983e-7ecf-432d-acc7-c60d0fa48623,5563dfc9-cbb2-4dfb-8cc5-f3709ce0cb76,2025-11-14,出席,[2526出席CSV] 教學紀錄: 學友社2017-2018 P1 Q1-12 | 請堂或補堂紀錄（老師填寫）: 袁焯楠 李映進 Video
223038a1-164b-482a-9408-1007dc373467,5563dfc9-cbb2-4dfb-8cc5-f3709ce0cb76,2025-11-14,出席,[2526出席CSV] 教學紀錄: 學友社2017-2018 P1 Q1-12 | 請堂或補堂紀錄（老師填寫）: 袁焯楠 李映進 Video
04d4a09f-2b4e-4b2d-8820-271f0f8ffeb0,5563dfc9-cbb2-4dfb-8cc5-f3709ce0cb76,2025-11-14,出席,[2526出席CSV] 教學紀錄: 學友社2017-2018 P1 Q1-12 | 請堂或補堂紀錄（老師填寫）: 袁焯楠 李映進 Video
ce174b57-1108-453b-bc60-f397ea0aacab,5563dfc9-cbb2-4dfb-8cc5-f3709ce0cb76,2025-11-14,出席,[2526出席CSV] 教學紀錄: 學友社2017-2018 P1 Q1-12 | 請堂或補堂紀錄（老師填寫）: 袁焯楠 李映進 Video
395e0b9d-acc1-4ef8-97ea-5c3ab4eb1ac8,5563dfc9-cbb2-4dfb-8cc5-f3709ce0cb76,2025-11-14,出席,[2526出席CSV] 教學紀錄: 學友社2017-2018 P1 Q1-12 | 請堂或補堂紀錄（老師填寫）: 袁焯楠 李映進 Video
0ffa3f51-02b3-4bf8-a87e-f843b5bb038c,5563dfc9-cbb2-4dfb-8cc5-f3709ce0cb76,2025-11-14,出席,[2526出席CSV] 教學紀錄: 學友社2017-2018 P1 Q1-12 | 請堂或補堂紀錄（老師填寫）: 袁焯楠 李映進 Video
521bdfcb-74ff-4166-9e6f-5721ac1650f4,d3bbaf3f-9465-443a-8507-19456e2e86c0,2025-11-10,出席,
b1d2933b-0459-4f85-9e0c-dd9eb0bc403a,21627141-68b0-4be0-a072-8cc7c4878654,2025-11-15,出席,
c6cdae79-baa1-425e-8345-976e45c84315,21627141-68b0-4be0-a072-8cc7c4878654,2025-11-15,出席,
2f2cbe75-b1a6-4235-b2f5-05fc3a752aa6,36de22e8-74e0-41e0-af01-a6cfaf72651f,2025-11-15,出席,
20361dec-731e-4c2f-bf0b-0b8f474361ff,eb9d88d8-cb5c-4ea5-aae2-ada9dd4a99ba,2025-11-15,出席,
aeaa29b9-9ca0-43c5-954c-ee4757266a3c,eb9d88d8-cb5c-4ea5-aae2-ada9dd4a99ba,2025-11-15,出席,
3bf0758e-7f75-403c-82eb-a995ef71f447,72f4a923-5ac0-4183-bb70-bc64349ff3af,2025-11-15,出席,
c5ca6855-9331-4e61-af32-2d5dd9cd75cc,167607d0-b816-4485-9030-ff617f8b4382,2025-11-15,出席,"[2526出席CSV] 教學紀錄: 對PC HW, assign more about probablity | 請堂或補堂紀錄（老師填寫）: 蕭馥鎣請病假順延"
aeaa29b9-9ca0-43c5-954c-ee4757266a3c,167607d0-b816-4485-9030-ff617f8b4382,2025-11-15,出席,"[2526出席CSV] 教學紀錄: 對PC HW, assign more about probablity | 請堂或補堂紀錄（老師填寫）: 蕭馥鎣請病假順延"
f93c9942-8f06-4354-9f95-30c01fd6b58d,167607d0-b816-4485-9030-ff617f8b4382,2025-11-15,出席,"[2526出席CSV] 教學紀錄: 對PC HW, assign more about probablity | 請堂或補堂紀錄（老師填寫）: 蕭馥鎣請病假順延"
3f44050b-d295-4ed4-ae90-6f58eafdcccd,167607d0-b816-4485-9030-ff617f8b4382,2025-11-15,出席,"[2526出席CSV] 教學紀錄: 對PC HW, assign more about probablity | 請堂或補堂紀錄（老師填寫）: 蕭馥鎣請病假順延"
b173bc1e-153d-4ef7-9ed6-a36be060319c,94194de7-9fd3-4c44-9b29-0030c7616f08,2025-11-15,出席,[2526出席CSV] 教學紀錄: Relations of root test finished | 請堂或補堂紀錄（老師填寫）: 霍健一請假調21/11 李承峰補13/11
96cd39e1-d5c1-4994-b5a9-58e9cddfe5bf,94194de7-9fd3-4c44-9b29-0030c7616f08,2025-11-15,出席,[2526出席CSV] 教學紀錄: Relations of root test finished | 請堂或補堂紀錄（老師填寫）: 霍健一請假調21/11 李承峰補13/11
97f16885-242d-47f8-bc22-f80468c8fb70,94194de7-9fd3-4c44-9b29-0030c7616f08,2025-11-15,出席,[2526出席CSV] 教學紀錄: Relations of root test finished | 請堂或補堂紀錄（老師填寫）: 霍健一請假調21/11 李承峰補13/11
3e92f8a4-49ab-42e9-9687-e6735b26411e,94194de7-9fd3-4c44-9b29-0030c7616f08,2025-11-15,出席,[2526出席CSV] 教學紀錄: Relations of root test finished | 請堂或補堂紀錄（老師填寫）: 霍健一請假調21/11 李承峰補13/11
f13c6165-aeeb-4791-ba10-a2de49b58f49,94194de7-9fd3-4c44-9b29-0030c7616f08,2025-11-15,出席,[2526出席CSV] 教學紀錄: Relations of root test finished | 請堂或補堂紀錄（老師填寫）: 霍健一請假調21/11 李承峰補13/11
65443d7d-dd95-4dcf-8ab3-287e19edbf76,94194de7-9fd3-4c44-9b29-0030c7616f08,2025-11-15,出席,[2526出席CSV] 教學紀錄: Relations of root test finished | 請堂或補堂紀錄（老師填寫）: 霍健一請假調21/11 李承峰補13/11
40740569-ed26-4b9c-9bca-1afb6eb920ab,94194de7-9fd3-4c44-9b29-0030c7616f08,2025-11-15,出席,[2526出席CSV] 教學紀錄: Relations of root test finished | 請堂或補堂紀錄（老師填寫）: 霍健一請假調21/11 李承峰補13/11
154bec19-0f58-47ee-9a40-1d33ff0e0f2a,370475e2-9a1e-4778-84b1-d097b4133f93,2025-11-15,出席,[2526出席CSV] 教學紀錄: 學友社2017-2018 P1 Q1-14 | 請堂或補堂紀錄（老師填寫）: 林靜順延
411f1dad-c0d2-4205-b84e-3f342ee5c54c,370475e2-9a1e-4778-84b1-d097b4133f93,2025-11-15,出席,[2526出席CSV] 教學紀錄: 學友社2017-2018 P1 Q1-14 | 請堂或補堂紀錄（老師填寫）: 林靜順延
d0490601-ab06-4b2f-b3e3-6e06007665c9,ede15113-4017-4806-9109-3f5bee9a35d0,2025-11-14,出席,
ba7d09f2-5167-4418-b5ad-a83d20c67c63,529c3dc8-81dd-44e2-a849-061c93f73d0b,2025-11-16,出席,[2526出席CSV] 教學紀錄: 正負乘數
02bb5dac-c1fd-43a6-aa6b-0544929c0672,529c3dc8-81dd-44e2-a849-061c93f73d0b,2025-11-16,出席,[2526出席CSV] 教學紀錄: 正負乘數
065d4b56-88e3-4063-91f1-4a4792add0c0,93560085-b304-4169-b604-0cc96af25cc8,2025-11-16,出席,
3bf0758e-7f75-403c-82eb-a995ef71f447,72f4a923-5ac0-4183-bb70-bc64349ff3af,2025-11-09,出席,
0390c81e-b8b3-4d1e-a0f0-b2cdaae2c6a9,5142c9f1-a369-4ed4-a1bf-042d0f49b65b,2025-11-09,出席,
20361dec-731e-4c2f-bf0b-0b8f474361ff,730ca500-137f-4c89-86d1-c835bd0c0273,2025-11-16,出席,
5174ab4c-3cf9-4640-97c8-78dd6f83c44e,730ca500-137f-4c89-86d1-c835bd0c0273,2025-11-16,出席,
47b7153c-1393-4bdf-bed2-47640213ec5e,730ca500-137f-4c89-86d1-c835bd0c0273,2025-11-16,出席,
fc090614-5e34-4daf-b367-62b79b3ecb57,730ca500-137f-4c89-86d1-c835bd0c0273,2025-11-16,出席,
154bec19-0f58-47ee-9a40-1d33ff0e0f2a,1c610853-1733-40ad-90ed-5085baaea561,2025-11-16,出席,
411f1dad-c0d2-4205-b84e-3f342ee5c54c,1c610853-1733-40ad-90ed-5085baaea561,2025-11-16,出席,
28396f5a-c066-43bf-bcc6-cfd4fee72e92,e45bc7fb-1ce4-4f71-b50b-601791a48a9a,2025-11-15,出席,
4ddd2ba1-1d17-46e8-b9c3-11c38a584254,e45bc7fb-1ce4-4f71-b50b-601791a48a9a,2025-11-15,出席,
025a1e5d-1af3-4ca9-bb2e-42e636b03ffb,0ad6a2f9-a31f-4e3b-a04a-d23c3cd1e405,2025-11-15,出席,
f9d50fe3-6546-46ff-9f67-630bfda1d63f,0ad6a2f9-a31f-4e3b-a04a-d23c3cd1e405,2025-11-15,出席,
ce8c4982-bf08-4213-86f7-99292a8f70ff,1db99818-f7fe-4e73-b8d5-c306ae33b0d2,2025-11-18,出席,[2526出席CSV] 教學紀錄: cont Cogeo up to 10.3B Hw: 10.3 B(I)
879205e4-a499-445f-86ab-ff56f3569438,1db99818-f7fe-4e73-b8d5-c306ae33b0d2,2025-11-18,出席,[2526出席CSV] 教學紀錄: cont Cogeo up to 10.3B Hw: 10.3 B(I)
0b656f33-268d-4d21-a49f-a37818134fa2,4669cf9a-0d02-450a-a0be-3b8907764d56,2025-11-01,出席,
bb8803c5-0b02-47ee-afc6-af3d0240705c,4669cf9a-0d02-450a-a0be-3b8907764d56,2025-11-01,出席,
521bdfcb-74ff-4166-9e6f-5721ac1650f4,4669cf9a-0d02-450a-a0be-3b8907764d56,2025-11-01,出席,
7a68bb12-3c7e-4a6e-918d-99caa4f3427a,4669cf9a-0d02-450a-a0be-3b8907764d56,2025-11-01,出席,
f11cc305-e7d8-4296-a524-421d7d53212f,43aab94a-c3d2-4647-abbb-244d9ae970aa,2025-11-01,出席,
5174ab4c-3cf9-4640-97c8-78dd6f83c44e,43aab94a-c3d2-4647-abbb-244d9ae970aa,2025-11-01,出席,
2d75a8f3-7d21-49e3-985c-6b7defb351fc,43aab94a-c3d2-4647-abbb-244d9ae970aa,2025-11-01,出席,
c5ca6855-9331-4e61-af32-2d5dd9cd75cc,43aab94a-c3d2-4647-abbb-244d9ae970aa,2025-11-01,出席,
d9b18c83-41c2-4e39-94f9-95513e096c39,43aab94a-c3d2-4647-abbb-244d9ae970aa,2025-11-01,出席,
f93c9942-8f06-4354-9f95-30c01fd6b58d,43aab94a-c3d2-4647-abbb-244d9ae970aa,2025-11-01,出席,
bdf4ef17-29f2-4d92-8ea9-ab06b9e47f1d,43aab94a-c3d2-4647-abbb-244d9ae970aa,2025-11-01,出席,
0ae337c5-615d-476e-9cb9-1544bbb8c439,43aab94a-c3d2-4647-abbb-244d9ae970aa,2025-11-01,出席,
915602a6-c807-465f-9d8f-f66f5f070ce9,68e5db0d-0d0d-4b30-8b5c-24f9b3f56f73,2025-11-15,出席,
b79bc930-9d2f-412b-8069-84b75d61ad09,68e5db0d-0d0d-4b30-8b5c-24f9b3f56f73,2025-11-15,出席,
154bec19-0f58-47ee-9a40-1d33ff0e0f2a,68e5db0d-0d0d-4b30-8b5c-24f9b3f56f73,2025-11-15,出席,
d86901d2-1e2e-46b6-9f09-6f770bc683cb,68e5db0d-0d0d-4b30-8b5c-24f9b3f56f73,2025-11-15,出席,
f98aacc3-3dcb-477c-be80-50e4286a8c4a,68e5db0d-0d0d-4b30-8b5c-24f9b3f56f73,2025-11-15,出席,
a44e6718-427b-43d1-93de-1e34ba3c4535,68e5db0d-0d0d-4b30-8b5c-24f9b3f56f73,2025-11-15,出席,
5707f4fb-4f63-4098-86d8-8682033e5859,68e5db0d-0d0d-4b30-8b5c-24f9b3f56f73,2025-11-15,出席,
7ae2fc5c-ab2b-4dc5-80ad-328c43d53619,68e5db0d-0d0d-4b30-8b5c-24f9b3f56f73,2025-11-15,出席,
411f1dad-c0d2-4205-b84e-3f342ee5c54c,68e5db0d-0d0d-4b30-8b5c-24f9b3f56f73,2025-11-15,出席,
0069abd3-f16d-4ed6-a7b9-1d531d527cf3,68e5db0d-0d0d-4b30-8b5c-24f9b3f56f73,2025-11-15,出席,
597c7280-53c9-4327-a05d-843c89046796,68e5db0d-0d0d-4b30-8b5c-24f9b3f56f73,2025-11-15,出席,
6febe4d0-557d-48a2-b283-07963139d5c3,51696dbe-1d38-4112-9859-29ecb25d5a6d,2025-11-19,出席,
ce174b57-1108-453b-bc60-f397ea0aacab,51696dbe-1d38-4112-9859-29ecb25d5a6d,2025-11-19,出席,
0ffa3f51-02b3-4bf8-a87e-f843b5bb038c,51696dbe-1d38-4112-9859-29ecb25d5a6d,2025-11-19,出席,
f13c6165-aeeb-4791-ba10-a2de49b58f49,51696dbe-1d38-4112-9859-29ecb25d5a6d,2025-11-19,出席,
0ae337c5-615d-476e-9cb9-1544bbb8c439,51696dbe-1d38-4112-9859-29ecb25d5a6d,2025-11-19,出席,
fa7e5572-9889-486d-9ea6-29d17ce33e4f,cf2ed201-b3bf-45cc-ac38-011bd14d1c57,2025-11-14,出席,
b09a62d4-58b0-4ba8-a413-6263a03eec8c,cf2ed201-b3bf-45cc-ac38-011bd14d1c57,2025-11-14,出席,
8b67097c-4edf-4e5a-b370-a2972e4322ef,cf2ed201-b3bf-45cc-ac38-011bd14d1c57,2025-11-14,出席,
fc090614-5e34-4daf-b367-62b79b3ecb57,cf2ed201-b3bf-45cc-ac38-011bd14d1c57,2025-11-14,出席,
40bfa36c-585d-47cd-ba07-effbda547a51,aaa3f0f8-bb13-4442-8e4f-27a4327f9f75,2025-11-07,出席,
915602a6-c807-465f-9d8f-f66f5f070ce9,aaa3f0f8-bb13-4442-8e4f-27a4327f9f75,2025-11-07,出席,
174c983e-7ecf-432d-acc7-c60d0fa48623,aaa3f0f8-bb13-4442-8e4f-27a4327f9f75,2025-11-07,出席,
db2d4d1b-7b41-461f-bd22-8b86e0e27014,aaa3f0f8-bb13-4442-8e4f-27a4327f9f75,2025-11-07,出席,
223038a1-164b-482a-9408-1007dc373467,aaa3f0f8-bb13-4442-8e4f-27a4327f9f75,2025-11-07,出席,
0b656f33-268d-4d21-a49f-a37818134fa2,4669cf9a-0d02-450a-a0be-3b8907764d56,2025-11-08,出席,
bb8803c5-0b02-47ee-afc6-af3d0240705c,4669cf9a-0d02-450a-a0be-3b8907764d56,2025-11-08,出席,
521bdfcb-74ff-4166-9e6f-5721ac1650f4,4669cf9a-0d02-450a-a0be-3b8907764d56,2025-11-08,出席,
7a68bb12-3c7e-4a6e-918d-99caa4f3427a,4669cf9a-0d02-450a-a0be-3b8907764d56,2025-11-08,出席,
bdf4ef17-29f2-4d92-8ea9-ab06b9e47f1d,43aab94a-c3d2-4647-abbb-244d9ae970aa,2025-11-08,出席,
f11cc305-e7d8-4296-a524-421d7d53212f,43aab94a-c3d2-4647-abbb-244d9ae970aa,2025-11-08,出席,
5174ab4c-3cf9-4640-97c8-78dd6f83c44e,43aab94a-c3d2-4647-abbb-244d9ae970aa,2025-11-08,出席,
2d75a8f3-7d21-49e3-985c-6b7defb351fc,43aab94a-c3d2-4647-abbb-244d9ae970aa,2025-11-08,出席,
c5ca6855-9331-4e61-af32-2d5dd9cd75cc,43aab94a-c3d2-4647-abbb-244d9ae970aa,2025-11-08,出席,
d9b18c83-41c2-4e39-94f9-95513e096c39,43aab94a-c3d2-4647-abbb-244d9ae970aa,2025-11-08,出席,
f93c9942-8f06-4354-9f95-30c01fd6b58d,43aab94a-c3d2-4647-abbb-244d9ae970aa,2025-11-08,出席,
a6d7e398-6053-4f3e-87e2-b28508728b8c,43aab94a-c3d2-4647-abbb-244d9ae970aa,2025-11-08,出席,
e850f4ce-0e20-4280-9d14-b5f85b39dcdc,43aab94a-c3d2-4647-abbb-244d9ae970aa,2025-11-08,出席,
a6d7e398-6053-4f3e-87e2-b28508728b8c,aaa3f0f8-bb13-4442-8e4f-27a4327f9f75,2025-11-14,出席,
e850f4ce-0e20-4280-9d14-b5f85b39dcdc,aaa3f0f8-bb13-4442-8e4f-27a4327f9f75,2025-11-14,出席,
915602a6-c807-465f-9d8f-f66f5f070ce9,aaa3f0f8-bb13-4442-8e4f-27a4327f9f75,2025-11-14,出席,
174c983e-7ecf-432d-acc7-c60d0fa48623,aaa3f0f8-bb13-4442-8e4f-27a4327f9f75,2025-11-14,出席,
db2d4d1b-7b41-461f-bd22-8b86e0e27014,aaa3f0f8-bb13-4442-8e4f-27a4327f9f75,2025-11-14,出席,
223038a1-164b-482a-9408-1007dc373467,aaa3f0f8-bb13-4442-8e4f-27a4327f9f75,2025-11-14,出席,
0b656f33-268d-4d21-a49f-a37818134fa2,4669cf9a-0d02-450a-a0be-3b8907764d56,2025-11-15,出席,
bb8803c5-0b02-47ee-afc6-af3d0240705c,4669cf9a-0d02-450a-a0be-3b8907764d56,2025-11-15,出席,
521bdfcb-74ff-4166-9e6f-5721ac1650f4,4669cf9a-0d02-450a-a0be-3b8907764d56,2025-11-15,出席,
7a68bb12-3c7e-4a6e-918d-99caa4f3427a,4669cf9a-0d02-450a-a0be-3b8907764d56,2025-11-15,出席,
bdf4ef17-29f2-4d92-8ea9-ab06b9e47f1d,43aab94a-c3d2-4647-abbb-244d9ae970aa,2025-11-15,出席,
f11cc305-e7d8-4296-a524-421d7d53212f,43aab94a-c3d2-4647-abbb-244d9ae970aa,2025-11-15,出席,
5174ab4c-3cf9-4640-97c8-78dd6f83c44e,43aab94a-c3d2-4647-abbb-244d9ae970aa,2025-11-15,出席,
2d75a8f3-7d21-49e3-985c-6b7defb351fc,43aab94a-c3d2-4647-abbb-244d9ae970aa,2025-11-15,出席,
c5ca6855-9331-4e61-af32-2d5dd9cd75cc,43aab94a-c3d2-4647-abbb-244d9ae970aa,2025-11-15,出席,
d9b18c83-41c2-4e39-94f9-95513e096c39,43aab94a-c3d2-4647-abbb-244d9ae970aa,2025-11-15,出席,
f93c9942-8f06-4354-9f95-30c01fd6b58d,43aab94a-c3d2-4647-abbb-244d9ae970aa,2025-11-15,出席,
86d25c49-66d0-406b-a725-5b4973f21df3,717fc491-c5c3-4e59-a48a-ecaf23d168b5,2025-11-20,出席,[2526出席CSV] 教學紀錄: finished polygon assign linear equation in 2 unknowns | 請堂或補堂紀錄（老師填寫）: 陸玉瓏學校活動請假調22/11 Natalie
17575f59-9a5a-4d56-8e46-b75c6c2ae37c,717fc491-c5c3-4e59-a48a-ecaf23d168b5,2025-11-20,出席,[2526出席CSV] 教學紀錄: finished polygon assign linear equation in 2 unknowns | 請堂或補堂紀錄（老師填寫）: 陸玉瓏學校活動請假調22/11 Natalie
0390c81e-b8b3-4d1e-a0f0-b2cdaae2c6a9,717fc491-c5c3-4e59-a48a-ecaf23d168b5,2025-11-20,出席,[2526出席CSV] 教學紀錄: finished polygon assign linear equation in 2 unknowns | 請堂或補堂紀錄（老師填寫）: 陸玉瓏學校活動請假調22/11 Natalie
f4317920-332c-445a-930d-7a5c230051e8,1c46b037-f332-4eb0-9540-5f04a052570b,2025-11-20,出席,[2526出席CSV] 教學紀錄: assign more about polynomial hw: p.12-14 | 請堂或補堂紀錄（老師填寫）: 李承峰調22/11補堂
a09da146-6195-4d68-a1f8-22a8202a1f3d,1c46b037-f332-4eb0-9540-5f04a052570b,2025-11-20,出席,[2526出席CSV] 教學紀錄: assign more about polynomial hw: p.12-14 | 請堂或補堂紀錄（老師填寫）: 李承峰調22/11補堂
db2d4d1b-7b41-461f-bd22-8b86e0e27014,1c46b037-f332-4eb0-9540-5f04a052570b,2025-11-20,出席,[2526出席CSV] 教學紀錄: assign more about polynomial hw: p.12-14 | 請堂或補堂紀錄（老師填寫）: 李承峰調22/11補堂
65443d7d-dd95-4dcf-8ab3-287e19edbf76,1c46b037-f332-4eb0-9540-5f04a052570b,2025-11-20,出席,[2526出席CSV] 教學紀錄: assign more about polynomial hw: p.12-14 | 請堂或補堂紀錄（老師填寫）: 李承峰調22/11補堂
20361dec-731e-4c2f-bf0b-0b8f474361ff,0fc0070f-98b1-49af-869d-4a5ce0776428,2025-11-21,出席,[2526出席CSV] 教學紀錄: cont more about probability p.135-136 | 請堂或補堂紀錄（老師填寫）: Zoom 曾穎 吳俊羲 蘇子航Video
fbb27277-2d26-4d3f-9fd4-a8f0fa5cddee,0fc0070f-98b1-49af-869d-4a5ce0776428,2025-11-21,出席,[2526出席CSV] 教學紀錄: cont more about probability p.135-136 | 請堂或補堂紀錄（老師填寫）: Zoom 曾穎 吳俊羲 蘇子航Video
93f8aab8-3eb4-43cb-aebb-d07764819b00,0fc0070f-98b1-49af-869d-4a5ce0776428,2025-11-21,出席,[2526出席CSV] 教學紀錄: cont more about probability p.135-136 | 請堂或補堂紀錄（老師填寫）: Zoom 曾穎 吳俊羲 蘇子航Video
6febe4d0-557d-48a2-b283-07963139d5c3,0fc0070f-98b1-49af-869d-4a5ce0776428,2025-11-21,出席,[2526出席CSV] 教學紀錄: cont more about probability p.135-136 | 請堂或補堂紀錄（老師填寫）: Zoom 曾穎 吳俊羲 蘇子航Video
597c7280-53c9-4327-a05d-843c89046796,0fc0070f-98b1-49af-869d-4a5ce0776428,2025-11-21,出席,[2526出席CSV] 教學紀錄: cont more about probability p.135-136 | 請堂或補堂紀錄（老師填寫）: Zoom 曾穎 吳俊羲 蘇子航Video
35893dd5-f77e-4ef4-b6b2-4baabb14f357,0fc0070f-98b1-49af-869d-4a5ce0776428,2025-11-21,出席,[2526出席CSV] 教學紀錄: cont more about probability p.135-136 | 請堂或補堂紀錄（老師填寫）: Zoom 曾穎 吳俊羲 蘇子航Video
0d708d45-f2c3-4edc-bf6e-f11f4f37abc0,4b932585-aee6-4d85-8d4f-53045a4ffdb5,2025-11-21,出席,
db303f37-2f92-4c35-8a7d-dd8773d1507a,4b932585-aee6-4d85-8d4f-53045a4ffdb5,2025-11-21,出席,
fa7e5572-9889-486d-9ea6-29d17ce33e4f,cf2ed201-b3bf-45cc-ac38-011bd14d1c57,2025-11-21,出席,
b09a62d4-58b0-4ba8-a413-6263a03eec8c,cf2ed201-b3bf-45cc-ac38-011bd14d1c57,2025-11-21,出席,
8b67097c-4edf-4e5a-b370-a2972e4322ef,cf2ed201-b3bf-45cc-ac38-011bd14d1c57,2025-11-21,出席,
fc090614-5e34-4daf-b367-62b79b3ecb57,cf2ed201-b3bf-45cc-ac38-011bd14d1c57,2025-11-21,出席,
301a4b5e-c55d-4b4d-91d7-0bc05aada67d,5563dfc9-cbb2-4dfb-8cc5-f3709ce0cb76,2025-11-21,出席,[2526出席CSV] 教學紀錄: 學友社17-18 P1 Mock finished | 請堂或補堂紀錄（老師填寫）: 高梓軒 Video 李映進 Zoom
a44e6718-427b-43d1-93de-1e34ba3c4535,5563dfc9-cbb2-4dfb-8cc5-f3709ce0cb76,2025-11-21,出席,[2526出席CSV] 教學紀錄: 學友社17-18 P1 Mock finished | 請堂或補堂紀錄（老師填寫）: 高梓軒 Video 李映進 Zoom
174c983e-7ecf-432d-acc7-c60d0fa48623,5563dfc9-cbb2-4dfb-8cc5-f3709ce0cb76,2025-11-21,出席,[2526出席CSV] 教學紀錄: 學友社17-18 P1 Mock finished | 請堂或補堂紀錄（老師填寫）: 高梓軒 Video 李映進 Zoom
223038a1-164b-482a-9408-1007dc373467,5563dfc9-cbb2-4dfb-8cc5-f3709ce0cb76,2025-11-21,出席,[2526出席CSV] 教學紀錄: 學友社17-18 P1 Mock finished | 請堂或補堂紀錄（老師填寫）: 高梓軒 Video 李映進 Zoom
0ffa3f51-02b3-4bf8-a87e-f843b5bb038c,5563dfc9-cbb2-4dfb-8cc5-f3709ce0cb76,2025-11-21,出席,[2526出席CSV] 教學紀錄: 學友社17-18 P1 Mock finished | 請堂或補堂紀錄（老師填寫）: 高梓軒 Video 李映進 Zoom
395e0b9d-acc1-4ef8-97ea-5c3ab4eb1ac8,5563dfc9-cbb2-4dfb-8cc5-f3709ce0cb76,2025-11-21,出席,[2526出席CSV] 教學紀錄: 學友社17-18 P1 Mock finished | 請堂或補堂紀錄（老師填寫）: 高梓軒 Video 李映進 Zoom
04d4a09f-2b4e-4b2d-8820-271f0f8ffeb0,5563dfc9-cbb2-4dfb-8cc5-f3709ce0cb76,2025-11-21,出席,[2526出席CSV] 教學紀錄: 學友社17-18 P1 Mock finished | 請堂或補堂紀錄（老師填寫）: 高梓軒 Video 李映進 Zoom
ce174b57-1108-453b-bc60-f397ea0aacab,5563dfc9-cbb2-4dfb-8cc5-f3709ce0cb76,2025-11-21,出席,[2526出席CSV] 教學紀錄: 學友社17-18 P1 Mock finished | 請堂或補堂紀錄（老師填寫）: 高梓軒 Video 李映進 Zoom
521bdfcb-74ff-4166-9e6f-5721ac1650f4,d3bbaf3f-9465-443a-8507-19456e2e86c0,2025-11-17,出席,
a6d7e398-6053-4f3e-87e2-b28508728b8c,aaa3f0f8-bb13-4442-8e4f-27a4327f9f75,2025-11-21,出席,[2526出席CSV] 請堂或補堂紀錄（老師填寫）: 高梓軒影片補堂
e850f4ce-0e20-4280-9d14-b5f85b39dcdc,aaa3f0f8-bb13-4442-8e4f-27a4327f9f75,2025-11-21,出席,[2526出席CSV] 請堂或補堂紀錄（老師填寫）: 高梓軒影片補堂
174c983e-7ecf-432d-acc7-c60d0fa48623,aaa3f0f8-bb13-4442-8e4f-27a4327f9f75,2025-11-21,出席,[2526出席CSV] 請堂或補堂紀錄（老師填寫）: 高梓軒影片補堂
db2d4d1b-7b41-461f-bd22-8b86e0e27014,aaa3f0f8-bb13-4442-8e4f-27a4327f9f75,2025-11-21,出席,[2526出席CSV] 請堂或補堂紀錄（老師填寫）: 高梓軒影片補堂
223038a1-164b-482a-9408-1007dc373467,aaa3f0f8-bb13-4442-8e4f-27a4327f9f75,2025-11-21,出席,[2526出席CSV] 請堂或補堂紀錄（老師填寫）: 高梓軒影片補堂
025a1e5d-1af3-4ca9-bb2e-42e636b03ffb,0ad6a2f9-a31f-4e3b-a04a-d23c3cd1e405,2025-11-22,出席,
f9d50fe3-6546-46ff-9f67-630bfda1d63f,0ad6a2f9-a31f-4e3b-a04a-d23c3cd1e405,2025-11-22,出席,
28396f5a-c066-43bf-bcc6-cfd4fee72e92,e45bc7fb-1ce4-4f71-b50b-601791a48a9a,2025-11-22,出席,
5214a841-39c8-4805-8720-c20a7f202d98,e45bc7fb-1ce4-4f71-b50b-601791a48a9a,2025-11-22,出席,
4ddd2ba1-1d17-46e8-b9c3-11c38a584254,e45bc7fb-1ce4-4f71-b50b-601791a48a9a,2025-11-22,出席,
0390c81e-b8b3-4d1e-a0f0-b2cdaae2c6a9,5142c9f1-a369-4ed4-a1bf-042d0f49b65b,2025-11-16,出席,
e937c6a5-9116-44f3-a203-318c48fa6aec,f3f6f42a-90e4-4bf2-b92b-3f12416db9f3,2025-11-16,出席,
be92832a-1bb7-46db-ac6e-831f5503f4e6,f3f6f42a-90e4-4bf2-b92b-3f12416db9f3,2025-11-16,出席,
b1d2933b-0459-4f85-9e0c-dd9eb0bc403a,21627141-68b0-4be0-a072-8cc7c4878654,2025-11-22,出席,
c6cdae79-baa1-425e-8345-976e45c84315,21627141-68b0-4be0-a072-8cc7c4878654,2025-11-22,出席,
2f2cbe75-b1a6-4235-b2f5-05fc3a752aa6,36de22e8-74e0-41e0-af01-a6cfaf72651f,2025-11-22,出席,
20361dec-731e-4c2f-bf0b-0b8f474361ff,eb9d88d8-cb5c-4ea5-aae2-ada9dd4a99ba,2025-11-22,出席,
aeaa29b9-9ca0-43c5-954c-ee4757266a3c,eb9d88d8-cb5c-4ea5-aae2-ada9dd4a99ba,2025-11-22,出席,
813935d3-09f3-4f8c-b633-6a3be4692649,eb9d88d8-cb5c-4ea5-aae2-ada9dd4a99ba,2025-11-22,出席,
3bf0758e-7f75-403c-82eb-a995ef71f447,72f4a923-5ac0-4183-bb70-bc64349ff3af,2025-11-22,出席,
082ae102-2471-45f5-b1c7-676e2743dca3,4f7902da-2259-40bf-af6a-87f3aaa40d68,2025-11-23,出席,
3bf0758e-7f75-403c-82eb-a995ef71f447,72f4a923-5ac0-4183-bb70-bc64349ff3af,2025-11-23,出席,
0390c81e-b8b3-4d1e-a0f0-b2cdaae2c6a9,5142c9f1-a369-4ed4-a1bf-042d0f49b65b,2025-11-23,出席,
e937c6a5-9116-44f3-a203-318c48fa6aec,f3f6f42a-90e4-4bf2-b92b-3f12416db9f3,2025-11-23,出席,
ae179fbf-9d71-4bfa-90e5-1326f5c05087,f3f6f42a-90e4-4bf2-b92b-3f12416db9f3,2025-11-23,出席,
c5ca6855-9331-4e61-af32-2d5dd9cd75cc,167607d0-b816-4485-9030-ff617f8b4382,2025-11-22,出席,[2526出席CSV] 教學紀錄: Cont Probi hw p.134-136
aeaa29b9-9ca0-43c5-954c-ee4757266a3c,167607d0-b816-4485-9030-ff617f8b4382,2025-11-22,出席,[2526出席CSV] 教學紀錄: Cont Probi hw p.134-136
f93c9942-8f06-4354-9f95-30c01fd6b58d,167607d0-b816-4485-9030-ff617f8b4382,2025-11-22,出席,[2526出席CSV] 教學紀錄: Cont Probi hw p.134-136
3f44050b-d295-4ed4-ae90-6f58eafdcccd,167607d0-b816-4485-9030-ff617f8b4382,2025-11-22,出席,[2526出席CSV] 教學紀錄: Cont Probi hw p.134-136
813935d3-09f3-4f8c-b633-6a3be4692649,167607d0-b816-4485-9030-ff617f8b4382,2025-11-22,出席,[2526出席CSV] 教學紀錄: Cont Probi hw p.134-136
b173bc1e-153d-4ef7-9ed6-a36be060319c,94194de7-9fd3-4c44-9b29-0030c7616f08,2025-11-22,出席,[2526出席CSV] 教學紀錄: 開Polynomial | 請堂或補堂紀錄（老師填寫）: 吳晉銘(補1/11） Video 李承峰(補20/11） 李靖彤video
029ff376-ea0b-466e-8d78-6b71a4ca6e0e,94194de7-9fd3-4c44-9b29-0030c7616f08,2025-11-22,出席,[2526出席CSV] 教學紀錄: 開Polynomial | 請堂或補堂紀錄（老師填寫）: 吳晉銘(補1/11） Video 李承峰(補20/11） 李靖彤video
96cd39e1-d5c1-4994-b5a9-58e9cddfe5bf,94194de7-9fd3-4c44-9b29-0030c7616f08,2025-11-22,出席,[2526出席CSV] 教學紀錄: 開Polynomial | 請堂或補堂紀錄（老師填寫）: 吳晉銘(補1/11） Video 李承峰(補20/11） 李靖彤video
97f16885-242d-47f8-bc22-f80468c8fb70,94194de7-9fd3-4c44-9b29-0030c7616f08,2025-11-22,出席,[2526出席CSV] 教學紀錄: 開Polynomial | 請堂或補堂紀錄（老師填寫）: 吳晉銘(補1/11） Video 李承峰(補20/11） 李靖彤video
3e92f8a4-49ab-42e9-9687-e6735b26411e,94194de7-9fd3-4c44-9b29-0030c7616f08,2025-11-22,出席,[2526出席CSV] 教學紀錄: 開Polynomial | 請堂或補堂紀錄（老師填寫）: 吳晉銘(補1/11） Video 李承峰(補20/11） 李靖彤video
f13c6165-aeeb-4791-ba10-a2de49b58f49,94194de7-9fd3-4c44-9b29-0030c7616f08,2025-11-22,出席,[2526出席CSV] 教學紀錄: 開Polynomial | 請堂或補堂紀錄（老師填寫）: 吳晉銘(補1/11） Video 李承峰(補20/11） 李靖彤video
65443d7d-dd95-4dcf-8ab3-287e19edbf76,94194de7-9fd3-4c44-9b29-0030c7616f08,2025-11-22,出席,[2526出席CSV] 教學紀錄: 開Polynomial | 請堂或補堂紀錄（老師填寫）: 吳晉銘(補1/11） Video 李承峰(補20/11） 李靖彤video
40740569-ed26-4b9c-9bca-1afb6eb920ab,94194de7-9fd3-4c44-9b29-0030c7616f08,2025-11-22,出席,[2526出席CSV] 教學紀錄: 開Polynomial | 請堂或補堂紀錄（老師填寫）: 吳晉銘(補1/11） Video 李承峰(補20/11） 李靖彤video
154bec19-0f58-47ee-9a40-1d33ff0e0f2a,370475e2-9a1e-4778-84b1-d097b4133f93,2025-11-22,出席,[2526出席CSV] 教學紀錄: cont 學友社17-18 P1 Q15-18 Assign La Salle 2020-2021. P2 Q1-20
411f1dad-c0d2-4205-b84e-3f342ee5c54c,370475e2-9a1e-4778-84b1-d097b4133f93,2025-11-22,出席,[2526出席CSV] 教學紀錄: cont 學友社17-18 P1 Q15-18 Assign La Salle 2020-2021. P2 Q1-20
879205e4-a499-445f-86ab-ff56f3569438,934f3f3a-5ba0-47a0-879a-3158e92416b8,2025-11-24,出席,
ce8c4982-bf08-4213-86f7-99292a8f70ff,934f3f3a-5ba0-47a0-879a-3158e92416b8,2025-11-24,出席,
15b93f72-82ce-4fbe-920c-ca0c96931b6a,2e46f56e-0265-4fae-84ff-5679015d5dba,2025-11-23,出席,
b81410b2-eb80-4af4-8d00-528ce073d5bd,2e46f56e-0265-4fae-84ff-5679015d5dba,2025-11-23,出席,
ce174b57-1108-453b-bc60-f397ea0aacab,2e46f56e-0265-4fae-84ff-5679015d5dba,2025-11-23,出席,
0ae337c5-615d-476e-9cb9-1544bbb8c439,2e46f56e-0265-4fae-84ff-5679015d5dba,2025-11-23,出席,
d86901d2-1e2e-46b6-9f09-6f770bc683cb,2e46f56e-0265-4fae-84ff-5679015d5dba,2025-11-23,出席,
0ffa3f51-02b3-4bf8-a87e-f843b5bb038c,2e46f56e-0265-4fae-84ff-5679015d5dba,2025-11-23,出席,
395e0b9d-acc1-4ef8-97ea-5c3ab4eb1ac8,2e46f56e-0265-4fae-84ff-5679015d5dba,2025-11-23,出席,
99d984ce-1e92-4741-9d2a-f6b588082de4,2e46f56e-0265-4fae-84ff-5679015d5dba,2025-11-23,出席,
915602a6-c807-465f-9d8f-f66f5f070ce9,9d18b4f6-a4f5-4029-abb0-5c8926e16d19,2025-11-26,出席,
f98aacc3-3dcb-477c-be80-50e4286a8c4a,9d18b4f6-a4f5-4029-abb0-5c8926e16d19,2025-11-26,出席,
a44e6718-427b-43d1-93de-1e34ba3c4535,9d18b4f6-a4f5-4029-abb0-5c8926e16d19,2025-11-26,出席,
4f9e4c16-0f95-4adf-b383-593811de4c13,9d18b4f6-a4f5-4029-abb0-5c8926e16d19,2025-11-26,出席,
108c284f-4f70-4689-a6c3-4af894eb74b4,ca098a4d-5d95-4846-9598-d76f112dd6ea,2025-11-23,出席,
c5ca6855-9331-4e61-af32-2d5dd9cd75cc,ca098a4d-5d95-4846-9598-d76f112dd6ea,2025-11-23,出席,
f93c9942-8f06-4354-9f95-30c01fd6b58d,ca098a4d-5d95-4846-9598-d76f112dd6ea,2025-11-23,出席,
b1d2933b-0459-4f85-9e0c-dd9eb0bc403a,43c054d8-e240-48f5-b386-c597ae30ca7d,2025-11-23,出席,
96cd39e1-d5c1-4994-b5a9-58e9cddfe5bf,20f8b798-8513-4df7-85f4-bcc36d3e3169,2025-11-23,出席,
3e92f8a4-49ab-42e9-9687-e6735b26411e,20f8b798-8513-4df7-85f4-bcc36d3e3169,2025-11-23,出席,
029ff376-ea0b-466e-8d78-6b71a4ca6e0e,20f8b798-8513-4df7-85f4-bcc36d3e3169,2025-11-23,出席,
65443d7d-dd95-4dcf-8ab3-287e19edbf76,20f8b798-8513-4df7-85f4-bcc36d3e3169,2025-11-23,出席,
915602a6-c807-465f-9d8f-f66f5f070ce9,9d18b4f6-a4f5-4029-abb0-5c8926e16d19,2025-11-19,出席,
f98aacc3-3dcb-477c-be80-50e4286a8c4a,9d18b4f6-a4f5-4029-abb0-5c8926e16d19,2025-11-19,出席,
a44e6718-427b-43d1-93de-1e34ba3c4535,9d18b4f6-a4f5-4029-abb0-5c8926e16d19,2025-11-19,出席,
4f9e4c16-0f95-4adf-b383-593811de4c13,9d18b4f6-a4f5-4029-abb0-5c8926e16d19,2025-11-19,出席,
879205e4-a499-445f-86ab-ff56f3569438,934f3f3a-5ba0-47a0-879a-3158e92416b8,2025-11-10,出席,
ce8c4982-bf08-4213-86f7-99292a8f70ff,934f3f3a-5ba0-47a0-879a-3158e92416b8,2025-11-10,出席,
b1d2933b-0459-4f85-9e0c-dd9eb0bc403a,43c054d8-e240-48f5-b386-c597ae30ca7d,2025-11-09,出席,
d0490601-ab06-4b2f-b3e3-6e06007665c9,51696dbe-1d38-4112-9859-29ecb25d5a6d,2025-11-26,出席,
d0490601-ab06-4b2f-b3e3-6e06007665c9,acc8f2a0-e390-4569-bd1c-494cc176fb84,2025-11-01,出席,
b066adc9-0d9b-4c00-a054-9604d1dfeb89,4b932585-aee6-4d85-8d4f-53045a4ffdb5,2025-11-28,出席,
0d708d45-f2c3-4edc-bf6e-f11f4f37abc0,4b932585-aee6-4d85-8d4f-53045a4ffdb5,2025-11-28,出席,
db303f37-2f92-4c35-8a7d-dd8773d1507a,4b932585-aee6-4d85-8d4f-53045a4ffdb5,2025-11-28,出席,
915602a6-c807-465f-9d8f-f66f5f070ce9,68e5db0d-0d0d-4b30-8b5c-24f9b3f56f73,2025-11-22,出席,
b79bc930-9d2f-412b-8069-84b75d61ad09,68e5db0d-0d0d-4b30-8b5c-24f9b3f56f73,2025-11-22,出席,
154bec19-0f58-47ee-9a40-1d33ff0e0f2a,68e5db0d-0d0d-4b30-8b5c-24f9b3f56f73,2025-11-22,出席,
d86901d2-1e2e-46b6-9f09-6f770bc683cb,68e5db0d-0d0d-4b30-8b5c-24f9b3f56f73,2025-11-22,出席,
f98aacc3-3dcb-477c-be80-50e4286a8c4a,68e5db0d-0d0d-4b30-8b5c-24f9b3f56f73,2025-11-22,出席,
a44e6718-427b-43d1-93de-1e34ba3c4535,68e5db0d-0d0d-4b30-8b5c-24f9b3f56f73,2025-11-22,出席,
5707f4fb-4f63-4098-86d8-8682033e5859,68e5db0d-0d0d-4b30-8b5c-24f9b3f56f73,2025-11-22,出席,
7ae2fc5c-ab2b-4dc5-80ad-328c43d53619,68e5db0d-0d0d-4b30-8b5c-24f9b3f56f73,2025-11-22,出席,
411f1dad-c0d2-4205-b84e-3f342ee5c54c,68e5db0d-0d0d-4b30-8b5c-24f9b3f56f73,2025-11-22,出席,
0069abd3-f16d-4ed6-a7b9-1d531d527cf3,68e5db0d-0d0d-4b30-8b5c-24f9b3f56f73,2025-11-22,出席,
597c7280-53c9-4327-a05d-843c89046796,68e5db0d-0d0d-4b30-8b5c-24f9b3f56f73,2025-11-22,出席,
6febe4d0-557d-48a2-b283-07963139d5c3,51696dbe-1d38-4112-9859-29ecb25d5a6d,2025-11-26,出席,
ce174b57-1108-453b-bc60-f397ea0aacab,51696dbe-1d38-4112-9859-29ecb25d5a6d,2025-11-26,出席,
0ffa3f51-02b3-4bf8-a87e-f843b5bb038c,51696dbe-1d38-4112-9859-29ecb25d5a6d,2025-11-26,出席,
f13c6165-aeeb-4791-ba10-a2de49b58f49,51696dbe-1d38-4112-9859-29ecb25d5a6d,2025-11-26,出席,
0ae337c5-615d-476e-9cb9-1544bbb8c439,51696dbe-1d38-4112-9859-29ecb25d5a6d,2025-11-26,出席,
5eaf6c4a-eb16-4992-948d-641652fe639f,1a00cbaf-079f-56f5-a8ec-c706ea085bd5,2025-11-13,出席,
5eaf6c4a-eb16-4992-948d-641652fe639f,5142c9f1-a369-4ed4-a1bf-042d0f49b65b,2025-11-16,出席,
5eaf6c4a-eb16-4992-948d-641652fe639f,f3f6f42a-90e4-4bf2-b92b-3f12416db9f3,2025-11-16,出席,
5eaf6c4a-eb16-4992-948d-641652fe639f,807945d5-5ceb-4343-a937-48c34478341a,2025-11-18,出席,
5eaf6c4a-eb16-4992-948d-641652fe639f,1c46b037-f332-4eb0-9540-5f04a052570b,2025-11-20,出席,
5eaf6c4a-eb16-4992-948d-641652fe639f,1a00cbaf-079f-56f5-a8ec-c706ea085bd5,2025-11-20,出席,
6e060632-9bd7-4a69-9aa7-e4d9dea292a7,51696dbe-1d38-4112-9859-29ecb25d5a6d,2025-11-12,出席,
c21d45bc-fd44-4c45-a764-2cea83e7ff57,51696dbe-1d38-4112-9859-29ecb25d5a6d,2025-11-12,出席,
6e060632-9bd7-4a69-9aa7-e4d9dea292a7,aaa3f0f8-bb13-4442-8e4f-27a4327f9f75,2025-11-14,出席,
c21d45bc-fd44-4c45-a764-2cea83e7ff57,aaa3f0f8-bb13-4442-8e4f-27a4327f9f75,2025-11-14,出席,
6e060632-9bd7-4a69-9aa7-e4d9dea292a7,1a00cbaf-079f-56f5-a8ec-c706ea085bd5,2025-11-20,出席,
c21d45bc-fd44-4c45-a764-2cea83e7ff57,1a00cbaf-079f-56f5-a8ec-c706ea085bd5,2025-11-20,出席,
025a1e5d-1af3-4ca9-bb2e-42e636b03ffb,0ad6a2f9-a31f-4e3b-a04a-d23c3cd1e405,2025-11-29,出席,
f9d50fe3-6546-46ff-9f67-630bfda1d63f,0ad6a2f9-a31f-4e3b-a04a-d23c3cd1e405,2025-11-29,出席,
28396f5a-c066-43bf-bcc6-cfd4fee72e92,e45bc7fb-1ce4-4f71-b50b-601791a48a9a,2025-11-29,出席,
5214a841-39c8-4805-8720-c20a7f202d98,e45bc7fb-1ce4-4f71-b50b-601791a48a9a,2025-11-29,出席,
4ddd2ba1-1d17-46e8-b9c3-11c38a584254,e45bc7fb-1ce4-4f71-b50b-601791a48a9a,2025-11-29,出席,
879205e4-a499-445f-86ab-ff56f3569438,e45bc7fb-1ce4-4f71-b50b-601791a48a9a,2025-11-29,出席,
1a034fbe-7be1-4a3a-954a-0e6e371cd52f,f3f6f42a-90e4-4bf2-b92b-3f12416db9f3,2025-11-30,出席,
b1d2933b-0459-4f85-9e0c-dd9eb0bc403a,21627141-68b0-4be0-a072-8cc7c4878654,2025-11-30,出席,
c6cdae79-baa1-425e-8345-976e45c84315,21627141-68b0-4be0-a072-8cc7c4878654,2025-11-30,出席,
813935d3-09f3-4f8c-b633-6a3be4692649,4f7902da-2259-40bf-af6a-87f3aaa40d68,2025-11-30,出席,
3bf0758e-7f75-403c-82eb-a995ef71f447,72f4a923-5ac0-4183-bb70-bc64349ff3af,2025-11-30,出席,
0390c81e-b8b3-4d1e-a0f0-b2cdaae2c6a9,5142c9f1-a369-4ed4-a1bf-042d0f49b65b,2025-11-30,出席,
e937c6a5-9116-44f3-a203-318c48fa6aec,f3f6f42a-90e4-4bf2-b92b-3f12416db9f3,2025-11-30,出席,
ae179fbf-9d71-4bfa-90e5-1326f5c05087,f3f6f42a-90e4-4bf2-b92b-3f12416db9f3,2025-11-30,出席,
be92832a-1bb7-46db-ac6e-831f5503f4e6,f3f6f42a-90e4-4bf2-b92b-3f12416db9f3,2025-11-30,出席,
fa7e5572-9889-486d-9ea6-29d17ce33e4f,cf2ed201-b3bf-45cc-ac38-011bd14d1c57,2025-11-28,出席,
b09a62d4-58b0-4ba8-a413-6263a03eec8c,cf2ed201-b3bf-45cc-ac38-011bd14d1c57,2025-11-28,出席,
8b67097c-4edf-4e5a-b370-a2972e4322ef,cf2ed201-b3bf-45cc-ac38-011bd14d1c57,2025-11-28,出席,
fc090614-5e34-4daf-b367-62b79b3ecb57,cf2ed201-b3bf-45cc-ac38-011bd14d1c57,2025-11-28,出席,
d0490601-ab06-4b2f-b3e3-6e06007665c9,acc8f2a0-e390-4569-bd1c-494cc176fb84,2025-11-29,出席,
ba7d09f2-5167-4418-b5ad-a83d20c67c63,529c3dc8-81dd-44e2-a849-061c93f73d0b,2025-11-30,出席,
02bb5dac-c1fd-43a6-aa6b-0544929c0672,529c3dc8-81dd-44e2-a849-061c93f73d0b,2025-11-30,出席,
915602a6-c807-465f-9d8f-f66f5f070ce9,68e5db0d-0d0d-4b30-8b5c-24f9b3f56f73,2025-11-29,出席,
154bec19-0f58-47ee-9a40-1d33ff0e0f2a,68e5db0d-0d0d-4b30-8b5c-24f9b3f56f73,2025-11-29,出席,
d86901d2-1e2e-46b6-9f09-6f770bc683cb,68e5db0d-0d0d-4b30-8b5c-24f9b3f56f73,2025-11-29,出席,
f98aacc3-3dcb-477c-be80-50e4286a8c4a,68e5db0d-0d0d-4b30-8b5c-24f9b3f56f73,2025-11-29,出席,
a44e6718-427b-43d1-93de-1e34ba3c4535,68e5db0d-0d0d-4b30-8b5c-24f9b3f56f73,2025-11-29,出席,
5707f4fb-4f63-4098-86d8-8682033e5859,68e5db0d-0d0d-4b30-8b5c-24f9b3f56f73,2025-11-29,出席,
7ae2fc5c-ab2b-4dc5-80ad-328c43d53619,68e5db0d-0d0d-4b30-8b5c-24f9b3f56f73,2025-11-29,出席,
411f1dad-c0d2-4205-b84e-3f342ee5c54c,68e5db0d-0d0d-4b30-8b5c-24f9b3f56f73,2025-11-29,出席,
0069abd3-f16d-4ed6-a7b9-1d531d527cf3,68e5db0d-0d0d-4b30-8b5c-24f9b3f56f73,2025-11-29,出席,
879205e4-a499-445f-86ab-ff56f3569438,1db99818-f7fe-4e73-b8d5-c306ae33b0d2,2025-12-02,出席,[2526出席CSV] 教學紀錄: finished cogeo | 請堂或補堂紀錄（老師填寫）: 莫凱晴請假待約補堂
521bdfcb-74ff-4166-9e6f-5721ac1650f4,d3bbaf3f-9465-443a-8507-19456e2e86c0,2025-12-01,出席,
0b656f33-268d-4d21-a49f-a37818134fa2,4669cf9a-0d02-450a-a0be-3b8907764d56,2025-11-22,出席,
bb8803c5-0b02-47ee-afc6-af3d0240705c,4669cf9a-0d02-450a-a0be-3b8907764d56,2025-11-22,出席,
521bdfcb-74ff-4166-9e6f-5721ac1650f4,4669cf9a-0d02-450a-a0be-3b8907764d56,2025-11-22,出席,
7a68bb12-3c7e-4a6e-918d-99caa4f3427a,4669cf9a-0d02-450a-a0be-3b8907764d56,2025-11-22,出席,
bdf4ef17-29f2-4d92-8ea9-ab06b9e47f1d,43aab94a-c3d2-4647-abbb-244d9ae970aa,2025-11-22,出席,
f11cc305-e7d8-4296-a524-421d7d53212f,43aab94a-c3d2-4647-abbb-244d9ae970aa,2025-11-22,出席,
5174ab4c-3cf9-4640-97c8-78dd6f83c44e,43aab94a-c3d2-4647-abbb-244d9ae970aa,2025-11-22,出席,
2d75a8f3-7d21-49e3-985c-6b7defb351fc,43aab94a-c3d2-4647-abbb-244d9ae970aa,2025-11-22,出席,
c5ca6855-9331-4e61-af32-2d5dd9cd75cc,43aab94a-c3d2-4647-abbb-244d9ae970aa,2025-11-22,出席,
d9b18c83-41c2-4e39-94f9-95513e096c39,43aab94a-c3d2-4647-abbb-244d9ae970aa,2025-11-22,出席,
f93c9942-8f06-4354-9f95-30c01fd6b58d,43aab94a-c3d2-4647-abbb-244d9ae970aa,2025-11-22,出席,
a6d7e398-6053-4f3e-87e2-b28508728b8c,aaa3f0f8-bb13-4442-8e4f-27a4327f9f75,2025-11-28,出席,
915602a6-c807-465f-9d8f-f66f5f070ce9,aaa3f0f8-bb13-4442-8e4f-27a4327f9f75,2025-11-28,出席,
223038a1-164b-482a-9408-1007dc373467,aaa3f0f8-bb13-4442-8e4f-27a4327f9f75,2025-11-28,出席,
e850f4ce-0e20-4280-9d14-b5f85b39dcdc,aaa3f0f8-bb13-4442-8e4f-27a4327f9f75,2025-11-28,出席,
174c983e-7ecf-432d-acc7-c60d0fa48623,aaa3f0f8-bb13-4442-8e4f-27a4327f9f75,2025-11-28,出席,
db2d4d1b-7b41-461f-bd22-8b86e0e27014,aaa3f0f8-bb13-4442-8e4f-27a4327f9f75,2025-11-28,出席,
0b656f33-268d-4d21-a49f-a37818134fa2,4669cf9a-0d02-450a-a0be-3b8907764d56,2025-11-29,出席,
bb8803c5-0b02-47ee-afc6-af3d0240705c,4669cf9a-0d02-450a-a0be-3b8907764d56,2025-11-29,出席,
521bdfcb-74ff-4166-9e6f-5721ac1650f4,4669cf9a-0d02-450a-a0be-3b8907764d56,2025-11-29,出席,
7a68bb12-3c7e-4a6e-918d-99caa4f3427a,4669cf9a-0d02-450a-a0be-3b8907764d56,2025-11-29,出席,
5174ab4c-3cf9-4640-97c8-78dd6f83c44e,43aab94a-c3d2-4647-abbb-244d9ae970aa,2025-11-29,出席,
c5ca6855-9331-4e61-af32-2d5dd9cd75cc,43aab94a-c3d2-4647-abbb-244d9ae970aa,2025-11-29,出席,
d9b18c83-41c2-4e39-94f9-95513e096c39,43aab94a-c3d2-4647-abbb-244d9ae970aa,2025-11-29,出席,
f93c9942-8f06-4354-9f95-30c01fd6b58d,43aab94a-c3d2-4647-abbb-244d9ae970aa,2025-11-29,出席,
bdf4ef17-29f2-4d92-8ea9-ab06b9e47f1d,43aab94a-c3d2-4647-abbb-244d9ae970aa,2025-11-29,出席,
f11cc305-e7d8-4296-a524-421d7d53212f,43aab94a-c3d2-4647-abbb-244d9ae970aa,2025-11-29,出席,
2d75a8f3-7d21-49e3-985c-6b7defb351fc,43aab94a-c3d2-4647-abbb-244d9ae970aa,2025-11-29,出席,
813935d3-09f3-4f8c-b633-6a3be4692649,e78ac7ea-67f8-4b15-86c4-445a29635b1f,2025-12-03,出席,
aeaa29b9-9ca0-43c5-954c-ee4757266a3c,e78ac7ea-67f8-4b15-86c4-445a29635b1f,2025-12-03,出席,
065d4b56-88e3-4063-91f1-4a4792add0c0,e78ac7ea-67f8-4b15-86c4-445a29635b1f,2025-12-03,出席,
0069abd3-f16d-4ed6-a7b9-1d531d527cf3,e78ac7ea-67f8-4b15-86c4-445a29635b1f,2025-12-03,出席,
6febe4d0-557d-48a2-b283-07963139d5c3,51696dbe-1d38-4112-9859-29ecb25d5a6d,2025-12-03,出席,
ce174b57-1108-453b-bc60-f397ea0aacab,51696dbe-1d38-4112-9859-29ecb25d5a6d,2025-12-03,出席,
0ffa3f51-02b3-4bf8-a87e-f843b5bb038c,51696dbe-1d38-4112-9859-29ecb25d5a6d,2025-12-03,出席,
f13c6165-aeeb-4791-ba10-a2de49b58f49,51696dbe-1d38-4112-9859-29ecb25d5a6d,2025-12-03,出席,
0ae337c5-615d-476e-9cb9-1544bbb8c439,51696dbe-1d38-4112-9859-29ecb25d5a6d,2025-12-03,出席,
c6cdae79-baa1-425e-8345-976e45c84315,717fc491-c5c3-4e59-a48a-ecaf23d168b5,2025-12-04,出席,[2526出席CSV] 教學紀錄: cont 2 unknowns
86d25c49-66d0-406b-a725-5b4973f21df3,717fc491-c5c3-4e59-a48a-ecaf23d168b5,2025-12-04,出席,[2526出席CSV] 教學紀錄: cont 2 unknowns
17575f59-9a5a-4d56-8e46-b75c6c2ae37c,717fc491-c5c3-4e59-a48a-ecaf23d168b5,2025-12-04,出席,[2526出席CSV] 教學紀錄: cont 2 unknowns
0390c81e-b8b3-4d1e-a0f0-b2cdaae2c6a9,717fc491-c5c3-4e59-a48a-ecaf23d168b5,2025-12-04,出席,[2526出席CSV] 教學紀錄: cont 2 unknowns
5eaf6c4a-eb16-4992-948d-641652fe639f,94194de7-9fd3-4c44-9b29-0030c7616f08,2025-11-29,出席,
301a4b5e-c55d-4b4d-91d7-0bc05aada67d,5563dfc9-cbb2-4dfb-8cc5-f3709ce0cb76,2025-12-05,出席,[2526出席CSV] 教學紀錄: Ying Wa Girl 1314 P2 Mock | 請堂或補堂紀錄（老師填寫）: 袁卓楠Video 李映進網課
a44e6718-427b-43d1-93de-1e34ba3c4535,5563dfc9-cbb2-4dfb-8cc5-f3709ce0cb76,2025-12-05,出席,[2526出席CSV] 教學紀錄: Ying Wa Girl 1314 P2 Mock | 請堂或補堂紀錄（老師填寫）: 袁卓楠Video 李映進網課
174c983e-7ecf-432d-acc7-c60d0fa48623,5563dfc9-cbb2-4dfb-8cc5-f3709ce0cb76,2025-12-05,出席,[2526出席CSV] 教學紀錄: Ying Wa Girl 1314 P2 Mock | 請堂或補堂紀錄（老師填寫）: 袁卓楠Video 李映進網課
223038a1-164b-482a-9408-1007dc373467,5563dfc9-cbb2-4dfb-8cc5-f3709ce0cb76,2025-12-05,出席,[2526出席CSV] 教學紀錄: Ying Wa Girl 1314 P2 Mock | 請堂或補堂紀錄（老師填寫）: 袁卓楠Video 李映進網課
395e0b9d-acc1-4ef8-97ea-5c3ab4eb1ac8,5563dfc9-cbb2-4dfb-8cc5-f3709ce0cb76,2025-12-05,出席,[2526出席CSV] 教學紀錄: Ying Wa Girl 1314 P2 Mock | 請堂或補堂紀錄（老師填寫）: 袁卓楠Video 李映進網課
ce174b57-1108-453b-bc60-f397ea0aacab,5563dfc9-cbb2-4dfb-8cc5-f3709ce0cb76,2025-12-05,出席,[2526出席CSV] 教學紀錄: Ying Wa Girl 1314 P2 Mock | 請堂或補堂紀錄（老師填寫）: 袁卓楠Video 李映進網課
6febe4d0-557d-48a2-b283-07963139d5c3,0fc0070f-98b1-49af-869d-4a5ce0776428,2025-12-05,出席,"[2526出席CSV] 教學紀錄: finished probi Assign locus, finished teaching"
35893dd5-f77e-4ef4-b6b2-4baabb14f357,0fc0070f-98b1-49af-869d-4a5ce0776428,2025-12-05,出席,"[2526出席CSV] 教學紀錄: finished probi Assign locus, finished teaching"
20361dec-731e-4c2f-bf0b-0b8f474361ff,0fc0070f-98b1-49af-869d-4a5ce0776428,2025-12-05,出席,"[2526出席CSV] 教學紀錄: finished probi Assign locus, finished teaching"
6e060632-9bd7-4a69-9aa7-e4d9dea292a7,1a00cbaf-079f-56f5-a8ec-c706ea085bd5,2025-11-27,出席,
c21d45bc-fd44-4c45-a764-2cea83e7ff57,1a00cbaf-079f-56f5-a8ec-c706ea085bd5,2025-11-27,出席,
6e060632-9bd7-4a69-9aa7-e4d9dea292a7,4afcd2a6-b089-4010-b02c-8d36924eaebb,2025-11-29,出席,
c21d45bc-fd44-4c45-a764-2cea83e7ff57,4afcd2a6-b089-4010-b02c-8d36924eaebb,2025-11-29,出席,
6e060632-9bd7-4a69-9aa7-e4d9dea292a7,e78ac7ea-67f8-4b15-86c4-445a29635b1f,2025-11-26,出席,
c21d45bc-fd44-4c45-a764-2cea83e7ff57,e78ac7ea-67f8-4b15-86c4-445a29635b1f,2025-11-26,出席,
025a1e5d-1af3-4ca9-bb2e-42e636b03ffb,0ad6a2f9-a31f-4e3b-a04a-d23c3cd1e405,2025-12-06,出席,
f9d50fe3-6546-46ff-9f67-630bfda1d63f,0ad6a2f9-a31f-4e3b-a04a-d23c3cd1e405,2025-12-06,出席,
b1d2933b-0459-4f85-9e0c-dd9eb0bc403a,21627141-68b0-4be0-a072-8cc7c4878654,2025-12-06,出席,
c6cdae79-baa1-425e-8345-976e45c84315,21627141-68b0-4be0-a072-8cc7c4878654,2025-12-06,出席,
813935d3-09f3-4f8c-b633-6a3be4692649,167607d0-b816-4485-9030-ff617f8b4382,2025-12-06,出席,[2526出席CSV] 教學紀錄: finished probability Assign locus finished teaching | 請堂或補堂紀錄（老師填寫）: 蕭錄影 葉Video
c5ca6855-9331-4e61-af32-2d5dd9cd75cc,167607d0-b816-4485-9030-ff617f8b4382,2025-12-06,出席,[2526出席CSV] 教學紀錄: finished probability Assign locus finished teaching | 請堂或補堂紀錄（老師填寫）: 蕭錄影 葉Video
aeaa29b9-9ca0-43c5-954c-ee4757266a3c,167607d0-b816-4485-9030-ff617f8b4382,2025-12-06,出席,[2526出席CSV] 教學紀錄: finished probability Assign locus finished teaching | 請堂或補堂紀錄（老師填寫）: 蕭錄影 葉Video
f93c9942-8f06-4354-9f95-30c01fd6b58d,167607d0-b816-4485-9030-ff617f8b4382,2025-12-06,出席,[2526出席CSV] 教學紀錄: finished probability Assign locus finished teaching | 請堂或補堂紀錄（老師填寫）: 蕭錄影 葉Video
3f44050b-d295-4ed4-ae90-6f58eafdcccd,167607d0-b816-4485-9030-ff617f8b4382,2025-12-06,出席,[2526出席CSV] 教學紀錄: finished probability Assign locus finished teaching | 請堂或補堂紀錄（老師填寫）: 蕭錄影 葉Video
029ff376-ea0b-466e-8d78-6b71a4ca6e0e,94194de7-9fd3-4c44-9b29-0030c7616f08,2025-12-06,出席,[2526出席CSV] 教學紀錄: cont polynomial finished | 請堂或補堂紀錄（老師填寫）: 王晴怡(補27/1）
96cd39e1-d5c1-4994-b5a9-58e9cddfe5bf,94194de7-9fd3-4c44-9b29-0030c7616f08,2025-12-06,出席,[2526出席CSV] 教學紀錄: cont polynomial finished | 請堂或補堂紀錄（老師填寫）: 王晴怡(補27/1）
97f16885-242d-47f8-bc22-f80468c8fb70,94194de7-9fd3-4c44-9b29-0030c7616f08,2025-12-06,出席,[2526出席CSV] 教學紀錄: cont polynomial finished | 請堂或補堂紀錄（老師填寫）: 王晴怡(補27/1）
3e92f8a4-49ab-42e9-9687-e6735b26411e,94194de7-9fd3-4c44-9b29-0030c7616f08,2025-12-06,出席,[2526出席CSV] 教學紀錄: cont polynomial finished | 請堂或補堂紀錄（老師填寫）: 王晴怡(補27/1）
f13c6165-aeeb-4791-ba10-a2de49b58f49,94194de7-9fd3-4c44-9b29-0030c7616f08,2025-12-06,出席,[2526出席CSV] 教學紀錄: cont polynomial finished | 請堂或補堂紀錄（老師填寫）: 王晴怡(補27/1）
40740569-ed26-4b9c-9bca-1afb6eb920ab,94194de7-9fd3-4c44-9b29-0030c7616f08,2025-12-06,出席,[2526出席CSV] 教學紀錄: cont polynomial finished | 請堂或補堂紀錄（老師填寫）: 王晴怡(補27/1）
a09da146-6195-4d68-a1f8-22a8202a1f3d,94194de7-9fd3-4c44-9b29-0030c7616f08,2025-12-06,出席,[2526出席CSV] 教學紀錄: cont polynomial finished | 請堂或補堂紀錄（老師填寫）: 王晴怡(補27/1）
154bec19-0f58-47ee-9a40-1d33ff0e0f2a,370475e2-9a1e-4778-84b1-d097b4133f93,2025-12-06,出席,[2526出席CSV] 教學紀錄: YingWa Gril 1314 P2 finished
411f1dad-c0d2-4205-b84e-3f342ee5c54c,370475e2-9a1e-4778-84b1-d097b4133f93,2025-12-06,出席,[2526出席CSV] 教學紀錄: YingWa Gril 1314 P2 finished
fa7e5572-9889-486d-9ea6-29d17ce33e4f,cf2ed201-b3bf-45cc-ac38-011bd14d1c57,2025-12-05,出席,
b09a62d4-58b0-4ba8-a413-6263a03eec8c,cf2ed201-b3bf-45cc-ac38-011bd14d1c57,2025-12-05,出席,
8b67097c-4edf-4e5a-b370-a2972e4322ef,cf2ed201-b3bf-45cc-ac38-011bd14d1c57,2025-12-05,出席,
ba7d09f2-5167-4418-b5ad-a83d20c67c63,529c3dc8-81dd-44e2-a849-061c93f73d0b,2025-12-07,出席,
02bb5dac-c1fd-43a6-aa6b-0544929c0672,529c3dc8-81dd-44e2-a849-061c93f73d0b,2025-12-07,出席,
813935d3-09f3-4f8c-b633-6a3be4692649,4f7902da-2259-40bf-af6a-87f3aaa40d68,2025-12-07,出席,
3bf0758e-7f75-403c-82eb-a995ef71f447,72f4a923-5ac0-4183-bb70-bc64349ff3af,2025-12-07,出席,
2f2cbe75-b1a6-4235-b2f5-05fc3a752aa6,1aad19f0-38ce-4787-9fbf-fa92d4774e0f,2025-12-07,出席,
a644ff5a-3115-47f4-ade3-7a2fca30897e,1aad19f0-38ce-4787-9fbf-fa92d4774e0f,2025-12-07,出席,
0ae337c5-615d-476e-9cb9-1544bbb8c439,1aad19f0-38ce-4787-9fbf-fa92d4774e0f,2025-12-07,出席,
521bdfcb-74ff-4166-9e6f-5721ac1650f4,d3bbaf3f-9465-443a-8507-19456e2e86c0,2025-12-08,出席,
ce8c4982-bf08-4213-86f7-99292a8f70ff,1db99818-f7fe-4e73-b8d5-c306ae33b0d2,2025-12-09,出席,[2526出席CSV] 教學紀錄: finished 23-24 F3 1st Exam LSK
879205e4-a499-445f-86ab-ff56f3569438,1db99818-f7fe-4e73-b8d5-c306ae33b0d2,2025-12-09,出席,[2526出席CSV] 教學紀錄: finished 23-24 F3 1st Exam LSK
f4317920-332c-445a-930d-7a5c230051e8,d4ef9fff-d444-4edb-b25a-a77d540824cd,2025-12-09,出席,
0390c81e-b8b3-4d1e-a0f0-b2cdaae2c6a9,5142c9f1-a369-4ed4-a1bf-042d0f49b65b,2025-12-07,出席,
e937c6a5-9116-44f3-a203-318c48fa6aec,f3f6f42a-90e4-4bf2-b92b-3f12416db9f3,2025-12-07,出席,
ae179fbf-9d71-4bfa-90e5-1326f5c05087,f3f6f42a-90e4-4bf2-b92b-3f12416db9f3,2025-12-07,出席,
e850f4ce-0e20-4280-9d14-b5f85b39dcdc,aaa3f0f8-bb13-4442-8e4f-27a4327f9f75,2025-12-05,出席,[2526出席CSV] 請堂或補堂紀錄（老師填寫）: 煒傑、傲姿 video補堂；高梓軒 延期
915602a6-c807-465f-9d8f-f66f5f070ce9,aaa3f0f8-bb13-4442-8e4f-27a4327f9f75,2025-12-05,出席,[2526出席CSV] 請堂或補堂紀錄（老師填寫）: 煒傑、傲姿 video補堂；高梓軒 延期
174c983e-7ecf-432d-acc7-c60d0fa48623,aaa3f0f8-bb13-4442-8e4f-27a4327f9f75,2025-12-05,出席,[2526出席CSV] 請堂或補堂紀錄（老師填寫）: 煒傑、傲姿 video補堂；高梓軒 延期
db2d4d1b-7b41-461f-bd22-8b86e0e27014,aaa3f0f8-bb13-4442-8e4f-27a4327f9f75,2025-12-05,出席,[2526出席CSV] 請堂或補堂紀錄（老師填寫）: 煒傑、傲姿 video補堂；高梓軒 延期
a6d7e398-6053-4f3e-87e2-b28508728b8c,aaa3f0f8-bb13-4442-8e4f-27a4327f9f75,2025-12-05,出席,[2526出席CSV] 請堂或補堂紀錄（老師填寫）: 煒傑、傲姿 video補堂；高梓軒 延期
0b656f33-268d-4d21-a49f-a37818134fa2,4669cf9a-0d02-450a-a0be-3b8907764d56,2025-12-06,出席,
bb8803c5-0b02-47ee-afc6-af3d0240705c,4669cf9a-0d02-450a-a0be-3b8907764d56,2025-12-06,出席,
521bdfcb-74ff-4166-9e6f-5721ac1650f4,4669cf9a-0d02-450a-a0be-3b8907764d56,2025-12-06,出席,
7a68bb12-3c7e-4a6e-918d-99caa4f3427a,4669cf9a-0d02-450a-a0be-3b8907764d56,2025-12-06,出席,
5174ab4c-3cf9-4640-97c8-78dd6f83c44e,43aab94a-c3d2-4647-abbb-244d9ae970aa,2025-12-06,出席,[2526出席CSV] 請堂或補堂紀錄（老師填寫）: 李昭儀 今堂有出席，但要補回上月已計算之延期課數，因次人數上不計昭儀
c5ca6855-9331-4e61-af32-2d5dd9cd75cc,43aab94a-c3d2-4647-abbb-244d9ae970aa,2025-12-06,出席,[2526出席CSV] 請堂或補堂紀錄（老師填寫）: 李昭儀 今堂有出席，但要補回上月已計算之延期課數，因次人數上不計昭儀
d9b18c83-41c2-4e39-94f9-95513e096c39,43aab94a-c3d2-4647-abbb-244d9ae970aa,2025-12-06,出席,[2526出席CSV] 請堂或補堂紀錄（老師填寫）: 李昭儀 今堂有出席，但要補回上月已計算之延期課數，因次人數上不計昭儀
f93c9942-8f06-4354-9f95-30c01fd6b58d,43aab94a-c3d2-4647-abbb-244d9ae970aa,2025-12-06,出席,[2526出席CSV] 請堂或補堂紀錄（老師填寫）: 李昭儀 今堂有出席，但要補回上月已計算之延期課數，因次人數上不計昭儀
c6cdae79-baa1-425e-8345-976e45c84315,717fc491-c5c3-4e59-a48a-ecaf23d168b5,2025-12-11,出席,[2526出席CSV] 教學紀錄: finished linear eqt in 2 unknowns | 請堂或補堂紀錄（老師填寫）: 劉子軒video
86d25c49-66d0-406b-a725-5b4973f21df3,717fc491-c5c3-4e59-a48a-ecaf23d168b5,2025-12-11,出席,[2526出席CSV] 教學紀錄: finished linear eqt in 2 unknowns | 請堂或補堂紀錄（老師填寫）: 劉子軒video
17575f59-9a5a-4d56-8e46-b75c6c2ae37c,717fc491-c5c3-4e59-a48a-ecaf23d168b5,2025-12-11,出席,[2526出席CSV] 教學紀錄: finished linear eqt in 2 unknowns | 請堂或補堂紀錄（老師填寫）: 劉子軒video
bb8803c5-0b02-47ee-afc6-af3d0240705c,717fc491-c5c3-4e59-a48a-ecaf23d168b5,2025-12-11,出席,[2526出席CSV] 教學紀錄: finished linear eqt in 2 unknowns | 請堂或補堂紀錄（老師填寫）: 劉子軒video
0390c81e-b8b3-4d1e-a0f0-b2cdaae2c6a9,717fc491-c5c3-4e59-a48a-ecaf23d168b5,2025-12-11,出席,[2526出席CSV] 教學紀錄: finished linear eqt in 2 unknowns | 請堂或補堂紀錄（老師填寫）: 劉子軒video
f4317920-332c-445a-930d-7a5c230051e8,1c46b037-f332-4eb0-9540-5f04a052570b,2025-12-11,出席,[2526出席CSV] 教學紀錄: finished polynomial I and assign CY 23-24 1st exam (MCQ part) | 請堂或補堂紀錄（老師填寫）: 梁天因補13/12 關智博 李靖彤 霍健一 (補29/11) 王晴怡請假 邱浩傑、陳煒傑video
db2d4d1b-7b41-461f-bd22-8b86e0e27014,1c46b037-f332-4eb0-9540-5f04a052570b,2025-12-11,出席,[2526出席CSV] 教學紀錄: finished polynomial I and assign CY 23-24 1st exam (MCQ part) | 請堂或補堂紀錄（老師填寫）: 梁天因補13/12 關智博 李靖彤 霍健一 (補29/11) 王晴怡請假 邱浩傑、陳煒傑video
96cd39e1-d5c1-4994-b5a9-58e9cddfe5bf,1c46b037-f332-4eb0-9540-5f04a052570b,2025-12-11,出席,[2526出席CSV] 教學紀錄: finished polynomial I and assign CY 23-24 1st exam (MCQ part) | 請堂或補堂紀錄（老師填寫）: 梁天因補13/12 關智博 李靖彤 霍健一 (補29/11) 王晴怡請假 邱浩傑、陳煒傑video
f13c6165-aeeb-4791-ba10-a2de49b58f49,1c46b037-f332-4eb0-9540-5f04a052570b,2025-12-11,出席,[2526出席CSV] 教學紀錄: finished polynomial I and assign CY 23-24 1st exam (MCQ part) | 請堂或補堂紀錄（老師填寫）: 梁天因補13/12 關智博 李靖彤 霍健一 (補29/11) 王晴怡請假 邱浩傑、陳煒傑video
97f16885-242d-47f8-bc22-f80468c8fb70,1c46b037-f332-4eb0-9540-5f04a052570b,2025-12-11,出席,[2526出席CSV] 教學紀錄: finished polynomial I and assign CY 23-24 1st exam (MCQ part) | 請堂或補堂紀錄（老師填寫）: 梁天因補13/12 關智博 李靖彤 霍健一 (補29/11) 王晴怡請假 邱浩傑、陳煒傑video
029ff376-ea0b-466e-8d78-6b71a4ca6e0e,1c46b037-f332-4eb0-9540-5f04a052570b,2025-12-11,出席,[2526出席CSV] 教學紀錄: finished polynomial I and assign CY 23-24 1st exam (MCQ part) | 請堂或補堂紀錄（老師填寫）: 梁天因補13/12 關智博 李靖彤 霍健一 (補29/11) 王晴怡請假 邱浩傑、陳煒傑video
65443d7d-dd95-4dcf-8ab3-287e19edbf76,1c46b037-f332-4eb0-9540-5f04a052570b,2025-12-11,出席,[2526出席CSV] 教學紀錄: finished polynomial I and assign CY 23-24 1st exam (MCQ part) | 請堂或補堂紀錄（老師填寫）: 梁天因補13/12 關智博 李靖彤 霍健一 (補29/11) 王晴怡請假 邱浩傑、陳煒傑video
e850f4ce-0e20-4280-9d14-b5f85b39dcdc,aaa3f0f8-bb13-4442-8e4f-27a4327f9f75,2025-12-12,出席,
915602a6-c807-465f-9d8f-f66f5f070ce9,aaa3f0f8-bb13-4442-8e4f-27a4327f9f75,2025-12-12,出席,
174c983e-7ecf-432d-acc7-c60d0fa48623,aaa3f0f8-bb13-4442-8e4f-27a4327f9f75,2025-12-12,出席,
db2d4d1b-7b41-461f-bd22-8b86e0e27014,aaa3f0f8-bb13-4442-8e4f-27a4327f9f75,2025-12-12,出席,
6febe4d0-557d-48a2-b283-07963139d5c3,51696dbe-1d38-4112-9859-29ecb25d5a6d,2025-12-10,出席,
ce174b57-1108-453b-bc60-f397ea0aacab,51696dbe-1d38-4112-9859-29ecb25d5a6d,2025-12-10,出席,
0ffa3f51-02b3-4bf8-a87e-f843b5bb038c,51696dbe-1d38-4112-9859-29ecb25d5a6d,2025-12-10,出席,
f13c6165-aeeb-4791-ba10-a2de49b58f49,51696dbe-1d38-4112-9859-29ecb25d5a6d,2025-12-10,出席,
0ae337c5-615d-476e-9cb9-1544bbb8c439,51696dbe-1d38-4112-9859-29ecb25d5a6d,2025-12-10,出席,
301a4b5e-c55d-4b4d-91d7-0bc05aada67d,5563dfc9-cbb2-4dfb-8cc5-f3709ce0cb76,2025-12-12,出席,[2526出席CSV] 請堂或補堂紀錄（老師填寫）: finished checking 1314 Ying Wa Girl P2; Assign Mok Sau Zeng 1617_2
a44e6718-427b-43d1-93de-1e34ba3c4535,5563dfc9-cbb2-4dfb-8cc5-f3709ce0cb76,2025-12-12,出席,[2526出席CSV] 請堂或補堂紀錄（老師填寫）: finished checking 1314 Ying Wa Girl P2; Assign Mok Sau Zeng 1617_2
174c983e-7ecf-432d-acc7-c60d0fa48623,5563dfc9-cbb2-4dfb-8cc5-f3709ce0cb76,2025-12-12,出席,[2526出席CSV] 請堂或補堂紀錄（老師填寫）: finished checking 1314 Ying Wa Girl P2; Assign Mok Sau Zeng 1617_2
0ffa3f51-02b3-4bf8-a87e-f843b5bb038c,5563dfc9-cbb2-4dfb-8cc5-f3709ce0cb76,2025-12-12,出席,[2526出席CSV] 請堂或補堂紀錄（老師填寫）: finished checking 1314 Ying Wa Girl P2; Assign Mok Sau Zeng 1617_2
395e0b9d-acc1-4ef8-97ea-5c3ab4eb1ac8,5563dfc9-cbb2-4dfb-8cc5-f3709ce0cb76,2025-12-12,出席,[2526出席CSV] 請堂或補堂紀錄（老師填寫）: finished checking 1314 Ying Wa Girl P2; Assign Mok Sau Zeng 1617_2
ce174b57-1108-453b-bc60-f397ea0aacab,5563dfc9-cbb2-4dfb-8cc5-f3709ce0cb76,2025-12-12,出席,[2526出席CSV] 請堂或補堂紀錄（老師填寫）: finished checking 1314 Ying Wa Girl P2; Assign Mok Sau Zeng 1617_2
411f1dad-c0d2-4205-b84e-3f342ee5c54c,5563dfc9-cbb2-4dfb-8cc5-f3709ce0cb76,2025-12-12,出席,[2526出席CSV] 請堂或補堂紀錄（老師填寫）: finished checking 1314 Ying Wa Girl P2; Assign Mok Sau Zeng 1617_2
5707f4fb-4f63-4098-86d8-8682033e5859,36de22e8-74e0-41e0-af01-a6cfaf72651f,2025-12-06,出席,
1a034fbe-7be1-4a3a-954a-0e6e371cd52f,6e0c9d6f-029a-4966-9612-6a580ba54aeb,2025-12-06,出席,
20361dec-731e-4c2f-bf0b-0b8f474361ff,eb9d88d8-cb5c-4ea5-aae2-ada9dd4a99ba,2025-12-06,出席,[2526出席CSV] 行政紀錄: ＋2f1
813935d3-09f3-4f8c-b633-6a3be4692649,eb9d88d8-cb5c-4ea5-aae2-ada9dd4a99ba,2025-12-06,出席,[2526出席CSV] 行政紀錄: ＋2f1
aeaa29b9-9ca0-43c5-954c-ee4757266a3c,eb9d88d8-cb5c-4ea5-aae2-ada9dd4a99ba,2025-12-06,出席,[2526出席CSV] 行政紀錄: ＋2f1
b1d2933b-0459-4f85-9e0c-dd9eb0bc403a,21627141-68b0-4be0-a072-8cc7c4878654,2025-12-13,出席,
c6cdae79-baa1-425e-8345-976e45c84315,21627141-68b0-4be0-a072-8cc7c4878654,2025-12-13,出席,
28396f5a-c066-43bf-bcc6-cfd4fee72e92,e45bc7fb-1ce4-4f71-b50b-601791a48a9a,2025-12-06,出席,
5214a841-39c8-4805-8720-c20a7f202d98,e45bc7fb-1ce4-4f71-b50b-601791a48a9a,2025-12-06,出席,
4ddd2ba1-1d17-46e8-b9c3-11c38a584254,e45bc7fb-1ce4-4f71-b50b-601791a48a9a,2025-12-06,出席,
d0490601-ab06-4b2f-b3e3-6e06007665c9,acc8f2a0-e390-4569-bd1c-494cc176fb84,2025-12-06,出席,
025a1e5d-1af3-4ca9-bb2e-42e636b03ffb,0ad6a2f9-a31f-4e3b-a04a-d23c3cd1e405,2025-12-13,出席,
f9d50fe3-6546-46ff-9f67-630bfda1d63f,0ad6a2f9-a31f-4e3b-a04a-d23c3cd1e405,2025-12-13,出席,
2f2cbe75-b1a6-4235-b2f5-05fc3a752aa6,36de22e8-74e0-41e0-af01-a6cfaf72651f,2025-12-13,出席,[2526出席CSV] 教學紀錄: 2021 dse part 2
5707f4fb-4f63-4098-86d8-8682033e5859,36de22e8-74e0-41e0-af01-a6cfaf72651f,2025-12-13,出席,[2526出席CSV] 教學紀錄: 2021 dse part 2
6febe4d0-557d-48a2-b283-07963139d5c3,0fc0070f-98b1-49af-869d-4a5ce0776428,2025-12-12,出席,[2526出席CSV] 教學紀錄: finished locus 下堂操卷
35893dd5-f77e-4ef4-b6b2-4baabb14f357,0fc0070f-98b1-49af-869d-4a5ce0776428,2025-12-12,出席,[2526出席CSV] 教學紀錄: finished locus 下堂操卷
20361dec-731e-4c2f-bf0b-0b8f474361ff,0fc0070f-98b1-49af-869d-4a5ce0776428,2025-12-12,出席,[2526出席CSV] 教學紀錄: finished locus 下堂操卷
223038a1-164b-482a-9408-1007dc373467,e4aa21ce-1d5e-4e6a-b13a-6e274a27a1d2,2025-12-13,出席,"[2526出席CSV] 教學紀錄: MKM A1 training A1 T1-T3, 下堂繼續%+AV"
550ef8fa-8579-42a7-904c-e634a697ae5c,e4aa21ce-1d5e-4e6a-b13a-6e274a27a1d2,2025-12-13,出席,
28396f5a-c066-43bf-bcc6-cfd4fee72e92,e45bc7fb-1ce4-4f71-b50b-601791a48a9a,2025-12-13,出席,
5214a841-39c8-4805-8720-c20a7f202d98,e45bc7fb-1ce4-4f71-b50b-601791a48a9a,2025-12-13,出席,
4ddd2ba1-1d17-46e8-b9c3-11c38a584254,e45bc7fb-1ce4-4f71-b50b-601791a48a9a,2025-12-13,出席,
ce8c4982-bf08-4213-86f7-99292a8f70ff,e45bc7fb-1ce4-4f71-b50b-601791a48a9a,2025-12-13,出席,
1a034fbe-7be1-4a3a-954a-0e6e371cd52f,6e0c9d6f-029a-4966-9612-6a580ba54aeb,2025-12-13,出席,"[2526出席CSV] 教學紀錄: another tkp, bio ch2 hw | 行政紀錄: 林曉柔"
879205e4-a499-445f-86ab-ff56f3569438,6e0c9d6f-029a-4966-9612-6a580ba54aeb,2025-12-13,出席,"[2526出席CSV] 教學紀錄: another tkp, bio ch2 hw | 行政紀錄: 林曉柔"
813935d3-09f3-4f8c-b633-6a3be4692649,167607d0-b816-4485-9030-ff617f8b4382,2025-12-13,出席,[2526出席CSV] 教學紀錄: Mok Sau Zeng 1718 Mock P2 Q1-20 | 請堂或補堂紀錄（老師填寫）: 蕭馥鎣Video
c5ca6855-9331-4e61-af32-2d5dd9cd75cc,167607d0-b816-4485-9030-ff617f8b4382,2025-12-13,出席,[2526出席CSV] 教學紀錄: Mok Sau Zeng 1718 Mock P2 Q1-20 | 請堂或補堂紀錄（老師填寫）: 蕭馥鎣Video
aeaa29b9-9ca0-43c5-954c-ee4757266a3c,167607d0-b816-4485-9030-ff617f8b4382,2025-12-13,出席,[2526出席CSV] 教學紀錄: Mok Sau Zeng 1718 Mock P2 Q1-20 | 請堂或補堂紀錄（老師填寫）: 蕭馥鎣Video
f93c9942-8f06-4354-9f95-30c01fd6b58d,167607d0-b816-4485-9030-ff617f8b4382,2025-12-13,出席,[2526出席CSV] 教學紀錄: Mok Sau Zeng 1718 Mock P2 Q1-20 | 請堂或補堂紀錄（老師填寫）: 蕭馥鎣Video
3f44050b-d295-4ed4-ae90-6f58eafdcccd,167607d0-b816-4485-9030-ff617f8b4382,2025-12-13,出席,[2526出席CSV] 教學紀錄: Mok Sau Zeng 1718 Mock P2 Q1-20 | 請堂或補堂紀錄（老師填寫）: 蕭馥鎣Video
b173bc1e-153d-4ef7-9ed6-a36be060319c,94194de7-9fd3-4c44-9b29-0030c7616f08,2025-12-13,出席,"[2526出席CSV] 教學紀錄: KT Marynoll mid-term 23-24 up to Q4 | 請堂或補堂紀錄（老師填寫）: 梁天因調前11/12 補 吳晉銘,陳偉傑(video) 邱浩傑(補27/11） 霍健一生病請假調18/12補堂"
97f16885-242d-47f8-bc22-f80468c8fb70,94194de7-9fd3-4c44-9b29-0030c7616f08,2025-12-13,出席,"[2526出席CSV] 教學紀錄: KT Marynoll mid-term 23-24 up to Q4 | 請堂或補堂紀錄（老師填寫）: 梁天因調前11/12 補 吳晉銘,陳偉傑(video) 邱浩傑(補27/11） 霍健一生病請假調18/12補堂"
3e92f8a4-49ab-42e9-9687-e6735b26411e,94194de7-9fd3-4c44-9b29-0030c7616f08,2025-12-13,出席,"[2526出席CSV] 教學紀錄: KT Marynoll mid-term 23-24 up to Q4 | 請堂或補堂紀錄（老師填寫）: 梁天因調前11/12 補 吳晉銘,陳偉傑(video) 邱浩傑(補27/11） 霍健一生病請假調18/12補堂"
f13c6165-aeeb-4791-ba10-a2de49b58f49,94194de7-9fd3-4c44-9b29-0030c7616f08,2025-12-13,出席,"[2526出席CSV] 教學紀錄: KT Marynoll mid-term 23-24 up to Q4 | 請堂或補堂紀錄（老師填寫）: 梁天因調前11/12 補 吳晉銘,陳偉傑(video) 邱浩傑(補27/11） 霍健一生病請假調18/12補堂"
40740569-ed26-4b9c-9bca-1afb6eb920ab,94194de7-9fd3-4c44-9b29-0030c7616f08,2025-12-13,出席,"[2526出席CSV] 教學紀錄: KT Marynoll mid-term 23-24 up to Q4 | 請堂或補堂紀錄（老師填寫）: 梁天因調前11/12 補 吳晉銘,陳偉傑(video) 邱浩傑(補27/11） 霍健一生病請假調18/12補堂"
65443d7d-dd95-4dcf-8ab3-287e19edbf76,94194de7-9fd3-4c44-9b29-0030c7616f08,2025-12-13,出席,"[2526出席CSV] 教學紀錄: KT Marynoll mid-term 23-24 up to Q4 | 請堂或補堂紀錄（老師填寫）: 梁天因調前11/12 補 吳晉銘,陳偉傑(video) 邱浩傑(補27/11） 霍健一生病請假調18/12補堂"
f4317920-332c-445a-930d-7a5c230051e8,94194de7-9fd3-4c44-9b29-0030c7616f08,2025-12-13,出席,"[2526出席CSV] 教學紀錄: KT Marynoll mid-term 23-24 up to Q4 | 請堂或補堂紀錄（老師填寫）: 梁天因調前11/12 補 吳晉銘,陳偉傑(video) 邱浩傑(補27/11） 霍健一生病請假調18/12補堂"
db2d4d1b-7b41-461f-bd22-8b86e0e27014,94194de7-9fd3-4c44-9b29-0030c7616f08,2025-12-13,出席,"[2526出席CSV] 教學紀錄: KT Marynoll mid-term 23-24 up to Q4 | 請堂或補堂紀錄（老師填寫）: 梁天因調前11/12 補 吳晉銘,陳偉傑(video) 邱浩傑(補27/11） 霍健一生病請假調18/12補堂"
154bec19-0f58-47ee-9a40-1d33ff0e0f2a,370475e2-9a1e-4778-84b1-d097b4133f93,2025-12-13,出席,[2526出席CSV] 教學紀錄: Mok Sau Zeng 1718 Mock P2 Q1-30
411f1dad-c0d2-4205-b84e-3f342ee5c54c,370475e2-9a1e-4778-84b1-d097b4133f93,2025-12-13,出席,[2526出席CSV] 教學紀錄: Mok Sau Zeng 1718 Mock P2 Q1-30
a50f0a8f-6112-4444-9d65-f1eb29b6968f,370475e2-9a1e-4778-84b1-d097b4133f93,2025-12-13,出席,[2526出席CSV] 教學紀錄: Mok Sau Zeng 1718 Mock P2 Q1-30
a09f0716-e546-4db0-aa69-30ff70ae6fb1,370475e2-9a1e-4778-84b1-d097b4133f93,2025-12-13,出席,[2526出席CSV] 教學紀錄: Mok Sau Zeng 1718 Mock P2 Q1-30
cc09b6ef-d2b0-437b-9d42-c2f65d9b0959,370475e2-9a1e-4778-84b1-d097b4133f93,2025-12-13,出席,[2526出席CSV] 教學紀錄: Mok Sau Zeng 1718 Mock P2 Q1-30
20361dec-731e-4c2f-bf0b-0b8f474361ff,eb9d88d8-cb5c-4ea5-aae2-ada9dd4a99ba,2025-12-13,出席,[2526出席CSV] 教學紀錄: electrolysis ch32 mc q5
aeaa29b9-9ca0-43c5-954c-ee4757266a3c,eb9d88d8-cb5c-4ea5-aae2-ada9dd4a99ba,2025-12-13,出席,[2526出席CSV] 教學紀錄: electrolysis ch32 mc q5
813935d3-09f3-4f8c-b633-6a3be4692649,eb9d88d8-cb5c-4ea5-aae2-ada9dd4a99ba,2025-12-13,出席,[2526出席CSV] 教學紀錄: electrolysis ch32 mc q5
95b040a2-1f06-412a-83f4-7364392bd70b,4afcd2a6-b089-4010-b02c-8d36924eaebb,2025-12-13,出席,[2526出席CSV] 行政紀錄: 6/12 first lesson
1aec3c09-5e7b-40a3-86f6-175d0a65e39e,4afcd2a6-b089-4010-b02c-8d36924eaebb,2025-12-13,出席,[2526出席CSV] 行政紀錄: 6/12 first lesson
ba7d09f2-5167-4418-b5ad-a83d20c67c63,529c3dc8-81dd-44e2-a849-061c93f73d0b,2025-12-14,出席,
02bb5dac-c1fd-43a6-aa6b-0544929c0672,529c3dc8-81dd-44e2-a849-061c93f73d0b,2025-12-14,出席,
8fd4f614-b322-4785-967c-daa035605150,529c3dc8-81dd-44e2-a849-061c93f73d0b,2025-12-14,出席,
28396f5a-c066-43bf-bcc6-cfd4fee72e92,e45bc7fb-1ce4-4f71-b50b-601791a48a9a,2025-12-14,出席,
5214a841-39c8-4805-8720-c20a7f202d98,e45bc7fb-1ce4-4f71-b50b-601791a48a9a,2025-12-14,出席,
4ddd2ba1-1d17-46e8-b9c3-11c38a584254,e45bc7fb-1ce4-4f71-b50b-601791a48a9a,2025-12-14,出席,
ce8c4982-bf08-4213-86f7-99292a8f70ff,1db99818-f7fe-4e73-b8d5-c306ae33b0d2,2025-12-16,出席,[2526出席CSV] 教學紀錄: TKP 2020-2021 F3 Math 1st Exam P1
879205e4-a499-445f-86ab-ff56f3569438,1db99818-f7fe-4e73-b8d5-c306ae33b0d2,2025-12-16,出席,[2526出席CSV] 教學紀錄: TKP 2020-2021 F3 Math 1st Exam P1
0b656f33-268d-4d21-a49f-a37818134fa2,4669cf9a-0d02-450a-a0be-3b8907764d56,2025-12-13,出席,
bb8803c5-0b02-47ee-afc6-af3d0240705c,4669cf9a-0d02-450a-a0be-3b8907764d56,2025-12-13,出席,
521bdfcb-74ff-4166-9e6f-5721ac1650f4,4669cf9a-0d02-450a-a0be-3b8907764d56,2025-12-13,出席,
7a68bb12-3c7e-4a6e-918d-99caa4f3427a,4669cf9a-0d02-450a-a0be-3b8907764d56,2025-12-13,出席,
5174ab4c-3cf9-4640-97c8-78dd6f83c44e,43aab94a-c3d2-4647-abbb-244d9ae970aa,2025-12-13,出席,
c5ca6855-9331-4e61-af32-2d5dd9cd75cc,43aab94a-c3d2-4647-abbb-244d9ae970aa,2025-12-13,出席,
f93c9942-8f06-4354-9f95-30c01fd6b58d,43aab94a-c3d2-4647-abbb-244d9ae970aa,2025-12-13,出席,
a6d7e398-6053-4f3e-87e2-b28508728b8c,43aab94a-c3d2-4647-abbb-244d9ae970aa,2025-12-13,出席,
b066adc9-0d9b-4c00-a054-9604d1dfeb89,4b932585-aee6-4d85-8d4f-53045a4ffdb5,2025-12-12,出席,
0d708d45-f2c3-4edc-bf6e-f11f4f37abc0,4b932585-aee6-4d85-8d4f-53045a4ffdb5,2025-12-12,出席,
db303f37-2f92-4c35-8a7d-dd8773d1507a,4b932585-aee6-4d85-8d4f-53045a4ffdb5,2025-12-12,出席,
fa7e5572-9889-486d-9ea6-29d17ce33e4f,cf2ed201-b3bf-45cc-ac38-011bd14d1c57,2025-12-12,出席,
b09a62d4-58b0-4ba8-a413-6263a03eec8c,cf2ed201-b3bf-45cc-ac38-011bd14d1c57,2025-12-12,出席,
8b67097c-4edf-4e5a-b370-a2972e4322ef,cf2ed201-b3bf-45cc-ac38-011bd14d1c57,2025-12-12,出席,
fc090614-5e34-4daf-b367-62b79b3ecb57,cf2ed201-b3bf-45cc-ac38-011bd14d1c57,2025-12-12,出席,
813935d3-09f3-4f8c-b633-6a3be4692649,4f7902da-2259-40bf-af6a-87f3aaa40d68,2025-12-14,出席,
3bf0758e-7f75-403c-82eb-a995ef71f447,72f4a923-5ac0-4183-bb70-bc64349ff3af,2025-12-14,出席,
0390c81e-b8b3-4d1e-a0f0-b2cdaae2c6a9,5142c9f1-a369-4ed4-a1bf-042d0f49b65b,2025-12-14,出席,
e937c6a5-9116-44f3-a203-318c48fa6aec,f3f6f42a-90e4-4bf2-b92b-3f12416db9f3,2025-12-14,出席,
ae179fbf-9d71-4bfa-90e5-1326f5c05087,f3f6f42a-90e4-4bf2-b92b-3f12416db9f3,2025-12-14,出席,
be92832a-1bb7-46db-ac6e-831f5503f4e6,f3f6f42a-90e4-4bf2-b92b-3f12416db9f3,2025-12-14,出席,
915602a6-c807-465f-9d8f-f66f5f070ce9,68e5db0d-0d0d-4b30-8b5c-24f9b3f56f73,2025-12-13,出席,
154bec19-0f58-47ee-9a40-1d33ff0e0f2a,68e5db0d-0d0d-4b30-8b5c-24f9b3f56f73,2025-12-13,出席,
d86901d2-1e2e-46b6-9f09-6f770bc683cb,68e5db0d-0d0d-4b30-8b5c-24f9b3f56f73,2025-12-13,出席,
f98aacc3-3dcb-477c-be80-50e4286a8c4a,68e5db0d-0d0d-4b30-8b5c-24f9b3f56f73,2025-12-13,出席,
a44e6718-427b-43d1-93de-1e34ba3c4535,68e5db0d-0d0d-4b30-8b5c-24f9b3f56f73,2025-12-13,出席,
5707f4fb-4f63-4098-86d8-8682033e5859,68e5db0d-0d0d-4b30-8b5c-24f9b3f56f73,2025-12-13,出席,
7ae2fc5c-ab2b-4dc5-80ad-328c43d53619,68e5db0d-0d0d-4b30-8b5c-24f9b3f56f73,2025-12-13,出席,
411f1dad-c0d2-4205-b84e-3f342ee5c54c,68e5db0d-0d0d-4b30-8b5c-24f9b3f56f73,2025-12-13,出席,
0069abd3-f16d-4ed6-a7b9-1d531d527cf3,68e5db0d-0d0d-4b30-8b5c-24f9b3f56f73,2025-12-13,出席,
915602a6-c807-465f-9d8f-f66f5f070ce9,68e5db0d-0d0d-4b30-8b5c-24f9b3f56f73,2025-12-06,出席,
154bec19-0f58-47ee-9a40-1d33ff0e0f2a,68e5db0d-0d0d-4b30-8b5c-24f9b3f56f73,2025-12-06,出席,
d86901d2-1e2e-46b6-9f09-6f770bc683cb,68e5db0d-0d0d-4b30-8b5c-24f9b3f56f73,2025-12-06,出席,
f98aacc3-3dcb-477c-be80-50e4286a8c4a,68e5db0d-0d0d-4b30-8b5c-24f9b3f56f73,2025-12-06,出席,
a44e6718-427b-43d1-93de-1e34ba3c4535,68e5db0d-0d0d-4b30-8b5c-24f9b3f56f73,2025-12-06,出席,
5707f4fb-4f63-4098-86d8-8682033e5859,68e5db0d-0d0d-4b30-8b5c-24f9b3f56f73,2025-12-06,出席,
7ae2fc5c-ab2b-4dc5-80ad-328c43d53619,68e5db0d-0d0d-4b30-8b5c-24f9b3f56f73,2025-12-06,出席,
411f1dad-c0d2-4205-b84e-3f342ee5c54c,68e5db0d-0d0d-4b30-8b5c-24f9b3f56f73,2025-12-06,出席,
0069abd3-f16d-4ed6-a7b9-1d531d527cf3,68e5db0d-0d0d-4b30-8b5c-24f9b3f56f73,2025-12-06,出席,
f4317920-332c-445a-930d-7a5c230051e8,e78ac7ea-67f8-4b15-86c4-445a29635b1f,2025-12-17,出席,
b066adc9-0d9b-4c00-a054-9604d1dfeb89,4b932585-aee6-4d85-8d4f-53045a4ffdb5,2025-12-18,出席,[2526出席CSV] 請堂或補堂紀錄（老師填寫）: 陳柏朗病假
db303f37-2f92-4c35-8a7d-dd8773d1507a,4b932585-aee6-4d85-8d4f-53045a4ffdb5,2025-12-18,出席,[2526出席CSV] 請堂或補堂紀錄（老師填寫）: 陳柏朗病假
86d25c49-66d0-406b-a725-5b4973f21df3,717fc491-c5c3-4e59-a48a-ecaf23d168b5,2025-12-18,出席,[2526出席CSV] 教學紀錄: 1st term MC exam | 請堂或補堂紀錄（老師填寫）: 陸玉瓏請假順延
17575f59-9a5a-4d56-8e46-b75c6c2ae37c,717fc491-c5c3-4e59-a48a-ecaf23d168b5,2025-12-18,出席,[2526出席CSV] 教學紀錄: 1st term MC exam | 請堂或補堂紀錄（老師填寫）: 陸玉瓏請假順延
0390c81e-b8b3-4d1e-a0f0-b2cdaae2c6a9,717fc491-c5c3-4e59-a48a-ecaf23d168b5,2025-12-18,出席,[2526出席CSV] 教學紀錄: 1st term MC exam | 請堂或補堂紀錄（老師填寫）: 陸玉瓏請假順延
bb8803c5-0b02-47ee-afc6-af3d0240705c,717fc491-c5c3-4e59-a48a-ecaf23d168b5,2025-12-18,出席,[2526出席CSV] 教學紀錄: 1st term MC exam | 請堂或補堂紀錄（老師填寫）: 陸玉瓏請假順延
f4317920-332c-445a-930d-7a5c230051e8,1c46b037-f332-4eb0-9540-5f04a052570b,2025-12-18,出席,[2526出席CSV] 教學紀錄: tkp 1718 <60% MCQ finished | 請堂或補堂紀錄（老師填寫）: 梁天因 補29/11 video 李承峰 補29/11 video 霍健一 補13/12 陳煒傑Zoom 吳晉銘 video 邱浩傑 Video
a09da146-6195-4d68-a1f8-22a8202a1f3d,1c46b037-f332-4eb0-9540-5f04a052570b,2025-12-18,出席,[2526出席CSV] 教學紀錄: tkp 1718 <60% MCQ finished | 請堂或補堂紀錄（老師填寫）: 梁天因 補29/11 video 李承峰 補29/11 video 霍健一 補13/12 陳煒傑Zoom 吳晉銘 video 邱浩傑 Video
db2d4d1b-7b41-461f-bd22-8b86e0e27014,1c46b037-f332-4eb0-9540-5f04a052570b,2025-12-18,出席,[2526出席CSV] 教學紀錄: tkp 1718 <60% MCQ finished | 請堂或補堂紀錄（老師填寫）: 梁天因 補29/11 video 李承峰 補29/11 video 霍健一 補13/12 陳煒傑Zoom 吳晉銘 video 邱浩傑 Video
65443d7d-dd95-4dcf-8ab3-287e19edbf76,1c46b037-f332-4eb0-9540-5f04a052570b,2025-12-18,出席,[2526出席CSV] 教學紀錄: tkp 1718 <60% MCQ finished | 請堂或補堂紀錄（老師填寫）: 梁天因 補29/11 video 李承峰 補29/11 video 霍健一 補13/12 陳煒傑Zoom 吳晉銘 video 邱浩傑 Video
40740569-ed26-4b9c-9bca-1afb6eb920ab,1c46b037-f332-4eb0-9540-5f04a052570b,2025-12-18,出席,[2526出席CSV] 教學紀錄: tkp 1718 <60% MCQ finished | 請堂或補堂紀錄（老師填寫）: 梁天因 補29/11 video 李承峰 補29/11 video 霍健一 補13/12 陳煒傑Zoom 吳晉銘 video 邱浩傑 Video
029ff376-ea0b-466e-8d78-6b71a4ca6e0e,1c46b037-f332-4eb0-9540-5f04a052570b,2025-12-18,出席,[2526出席CSV] 教學紀錄: tkp 1718 <60% MCQ finished | 請堂或補堂紀錄（老師填寫）: 梁天因 補29/11 video 李承峰 補29/11 video 霍健一 補13/12 陳煒傑Zoom 吳晉銘 video 邱浩傑 Video
96cd39e1-d5c1-4994-b5a9-58e9cddfe5bf,1c46b037-f332-4eb0-9540-5f04a052570b,2025-12-18,出席,[2526出席CSV] 教學紀錄: tkp 1718 <60% MCQ finished | 請堂或補堂紀錄（老師填寫）: 梁天因 補29/11 video 李承峰 補29/11 video 霍健一 補13/12 陳煒傑Zoom 吳晉銘 video 邱浩傑 Video
301a4b5e-c55d-4b4d-91d7-0bc05aada67d,5563dfc9-cbb2-4dfb-8cc5-f3709ce0cb76,2025-12-19,出席,[2526出席CSV] 教學紀錄: MST 23-24 P1 Q10-17 | 請堂或補堂紀錄（老師填寫）: 陳卓賢(補29/11)
a44e6718-427b-43d1-93de-1e34ba3c4535,5563dfc9-cbb2-4dfb-8cc5-f3709ce0cb76,2025-12-19,出席,[2526出席CSV] 教學紀錄: MST 23-24 P1 Q10-17 | 請堂或補堂紀錄（老師填寫）: 陳卓賢(補29/11)
174c983e-7ecf-432d-acc7-c60d0fa48623,5563dfc9-cbb2-4dfb-8cc5-f3709ce0cb76,2025-12-19,出席,[2526出席CSV] 教學紀錄: MST 23-24 P1 Q10-17 | 請堂或補堂紀錄（老師填寫）: 陳卓賢(補29/11)
0ffa3f51-02b3-4bf8-a87e-f843b5bb038c,5563dfc9-cbb2-4dfb-8cc5-f3709ce0cb76,2025-12-19,出席,[2526出席CSV] 教學紀錄: MST 23-24 P1 Q10-17 | 請堂或補堂紀錄（老師填寫）: 陳卓賢(補29/11)
395e0b9d-acc1-4ef8-97ea-5c3ab4eb1ac8,5563dfc9-cbb2-4dfb-8cc5-f3709ce0cb76,2025-12-19,出席,[2526出席CSV] 教學紀錄: MST 23-24 P1 Q10-17 | 請堂或補堂紀錄（老師填寫）: 陳卓賢(補29/11)
ce174b57-1108-453b-bc60-f397ea0aacab,5563dfc9-cbb2-4dfb-8cc5-f3709ce0cb76,2025-12-19,出席,[2526出席CSV] 教學紀錄: MST 23-24 P1 Q10-17 | 請堂或補堂紀錄（老師填寫）: 陳卓賢(補29/11)
154bec19-0f58-47ee-9a40-1d33ff0e0f2a,5563dfc9-cbb2-4dfb-8cc5-f3709ce0cb76,2025-12-19,出席,[2526出席CSV] 教學紀錄: MST 23-24 P1 Q10-17 | 請堂或補堂紀錄（老師填寫）: 陳卓賢(補29/11)
521bdfcb-74ff-4166-9e6f-5721ac1650f4,d3bbaf3f-9465-443a-8507-19456e2e86c0,2025-12-15,出席,
e850f4ce-0e20-4280-9d14-b5f85b39dcdc,aaa3f0f8-bb13-4442-8e4f-27a4327f9f75,2025-12-19,出席,[2526出席CSV] 請堂或補堂紀錄（老師填寫）: 鄭恩祈 補返13/12一節；陳煒傑 錄影補堂
915602a6-c807-465f-9d8f-f66f5f070ce9,aaa3f0f8-bb13-4442-8e4f-27a4327f9f75,2025-12-19,出席,[2526出席CSV] 請堂或補堂紀錄（老師填寫）: 鄭恩祈 補返13/12一節；陳煒傑 錄影補堂
174c983e-7ecf-432d-acc7-c60d0fa48623,aaa3f0f8-bb13-4442-8e4f-27a4327f9f75,2025-12-19,出席,[2526出席CSV] 請堂或補堂紀錄（老師填寫）: 鄭恩祈 補返13/12一節；陳煒傑 錄影補堂
db2d4d1b-7b41-461f-bd22-8b86e0e27014,aaa3f0f8-bb13-4442-8e4f-27a4327f9f75,2025-12-19,出席,[2526出席CSV] 請堂或補堂紀錄（老師填寫）: 鄭恩祈 補返13/12一節；陳煒傑 錄影補堂
d9b18c83-41c2-4e39-94f9-95513e096c39,aaa3f0f8-bb13-4442-8e4f-27a4327f9f75,2025-12-19,出席,[2526出席CSV] 請堂或補堂紀錄（老師填寫）: 鄭恩祈 補返13/12一節；陳煒傑 錄影補堂
b066adc9-0d9b-4c00-a054-9604d1dfeb89,4b932585-aee6-4d85-8d4f-53045a4ffdb5,2025-12-19,出席,
0d708d45-f2c3-4edc-bf6e-f11f4f37abc0,4b932585-aee6-4d85-8d4f-53045a4ffdb5,2025-12-19,出席,
db303f37-2f92-4c35-8a7d-dd8773d1507a,4b932585-aee6-4d85-8d4f-53045a4ffdb5,2025-12-19,出席,
fa7e5572-9889-486d-9ea6-29d17ce33e4f,cf2ed201-b3bf-45cc-ac38-011bd14d1c57,2025-12-19,出席,
b09a62d4-58b0-4ba8-a413-6263a03eec8c,cf2ed201-b3bf-45cc-ac38-011bd14d1c57,2025-12-19,出席,
8b67097c-4edf-4e5a-b370-a2972e4322ef,cf2ed201-b3bf-45cc-ac38-011bd14d1c57,2025-12-19,出席,
fc090614-5e34-4daf-b367-62b79b3ecb57,cf2ed201-b3bf-45cc-ac38-011bd14d1c57,2025-12-19,出席,
b1d2933b-0459-4f85-9e0c-dd9eb0bc403a,21627141-68b0-4be0-a072-8cc7c4878654,2025-12-20,出席,
2f2cbe75-b1a6-4235-b2f5-05fc3a752aa6,36de22e8-74e0-41e0-af01-a6cfaf72651f,2025-12-20,出席,[2526出席CSV] 行政紀錄: 劉＋1
5707f4fb-4f63-4098-86d8-8682033e5859,36de22e8-74e0-41e0-af01-a6cfaf72651f,2025-12-20,出席,[2526出席CSV] 行政紀錄: 劉＋1
1a034fbe-7be1-4a3a-954a-0e6e371cd52f,6e0c9d6f-029a-4966-9612-6a580ba54aeb,2025-12-20,出席,
879205e4-a499-445f-86ab-ff56f3569438,6e0c9d6f-029a-4966-9612-6a580ba54aeb,2025-12-20,出席,
20361dec-731e-4c2f-bf0b-0b8f474361ff,eb9d88d8-cb5c-4ea5-aae2-ada9dd4a99ba,2025-12-20,出席,
813935d3-09f3-4f8c-b633-6a3be4692649,eb9d88d8-cb5c-4ea5-aae2-ada9dd4a99ba,2025-12-20,出席,
aeaa29b9-9ca0-43c5-954c-ee4757266a3c,eb9d88d8-cb5c-4ea5-aae2-ada9dd4a99ba,2025-12-20,出席,
95b040a2-1f06-412a-83f4-7364392bd70b,4afcd2a6-b089-4010-b02c-8d36924eaebb,2025-12-20,出席,[2526出席CSV] 行政紀錄: 莊晞媛
1aec3c09-5e7b-40a3-86f6-175d0a65e39e,4afcd2a6-b089-4010-b02c-8d36924eaebb,2025-12-20,出席,[2526出席CSV] 行政紀錄: 莊晞媛
660de639-cb3b-42a9-bed1-731a12befefc,4afcd2a6-b089-4010-b02c-8d36924eaebb,2025-12-20,出席,[2526出席CSV] 行政紀錄: 莊晞媛
223038a1-164b-482a-9408-1007dc373467,e4aa21ce-1d5e-4e6a-b13a-6e274a27a1d2,2025-12-20,出席,[2526出席CSV] 教學紀錄: percentage finished assign AV hard ws assign 公式表
6febe4d0-557d-48a2-b283-07963139d5c3,0fc0070f-98b1-49af-869d-4a5ce0776428,2025-12-20,出席,[2526出席CSV] 教學紀錄: VC 22-23 1st term exam P1
20361dec-731e-4c2f-bf0b-0b8f474361ff,0fc0070f-98b1-49af-869d-4a5ce0776428,2025-12-20,出席,[2526出席CSV] 教學紀錄: VC 22-23 1st term exam P1
813935d3-09f3-4f8c-b633-6a3be4692649,167607d0-b816-4485-9030-ff617f8b4382,2025-12-20,出席,[2526出席CSV] 教學紀錄: VC 22-23 1st term exam P1
c5ca6855-9331-4e61-af32-2d5dd9cd75cc,167607d0-b816-4485-9030-ff617f8b4382,2025-12-20,出席,[2526出席CSV] 教學紀錄: VC 22-23 1st term exam P1
aeaa29b9-9ca0-43c5-954c-ee4757266a3c,167607d0-b816-4485-9030-ff617f8b4382,2025-12-20,出席,[2526出席CSV] 教學紀錄: VC 22-23 1st term exam P1
f93c9942-8f06-4354-9f95-30c01fd6b58d,167607d0-b816-4485-9030-ff617f8b4382,2025-12-20,出席,[2526出席CSV] 教學紀錄: VC 22-23 1st term exam P1
3f44050b-d295-4ed4-ae90-6f58eafdcccd,167607d0-b816-4485-9030-ff617f8b4382,2025-12-20,出席,[2526出席CSV] 教學紀錄: VC 22-23 1st term exam P1
96cd39e1-d5c1-4994-b5a9-58e9cddfe5bf,94194de7-9fd3-4c44-9b29-0030c7616f08,2025-12-20,出席,[2526出席CSV] 教學紀錄: cont KT Marynoll mid-term 23-24 finisihed | 請堂或補堂紀錄（老師填寫）: 王晴怡(補11/12） 譚仟渝手足口病請假 霍健一偏頭痛請假 關智博請假調27/12 聖誕班 李承峰請假調27/12 聖誕班
97f16885-242d-47f8-bc22-f80468c8fb70,94194de7-9fd3-4c44-9b29-0030c7616f08,2025-12-20,出席,[2526出席CSV] 教學紀錄: cont KT Marynoll mid-term 23-24 finisihed | 請堂或補堂紀錄（老師填寫）: 王晴怡(補11/12） 譚仟渝手足口病請假 霍健一偏頭痛請假 關智博請假調27/12 聖誕班 李承峰請假調27/12 聖誕班
3e92f8a4-49ab-42e9-9687-e6735b26411e,94194de7-9fd3-4c44-9b29-0030c7616f08,2025-12-20,出席,[2526出席CSV] 教學紀錄: cont KT Marynoll mid-term 23-24 finisihed | 請堂或補堂紀錄（老師填寫）: 王晴怡(補11/12） 譚仟渝手足口病請假 霍健一偏頭痛請假 關智博請假調27/12 聖誕班 李承峰請假調27/12 聖誕班
a09da146-6195-4d68-a1f8-22a8202a1f3d,94194de7-9fd3-4c44-9b29-0030c7616f08,2025-12-20,出席,[2526出席CSV] 教學紀錄: cont KT Marynoll mid-term 23-24 finisihed | 請堂或補堂紀錄（老師填寫）: 王晴怡(補11/12） 譚仟渝手足口病請假 霍健一偏頭痛請假 關智博請假調27/12 聖誕班 李承峰請假調27/12 聖誕班
154bec19-0f58-47ee-9a40-1d33ff0e0f2a,370475e2-9a1e-4778-84b1-d097b4133f93,2025-12-20,出席,[2526出席CSV] 教學紀錄: MST 1617 P2 Mock
411f1dad-c0d2-4205-b84e-3f342ee5c54c,370475e2-9a1e-4778-84b1-d097b4133f93,2025-12-20,出席,[2526出席CSV] 教學紀錄: MST 1617 P2 Mock
a50f0a8f-6112-4444-9d65-f1eb29b6968f,370475e2-9a1e-4778-84b1-d097b4133f93,2025-12-20,出席,[2526出席CSV] 教學紀錄: MST 1617 P2 Mock
cc09b6ef-d2b0-437b-9d42-c2f65d9b0959,370475e2-9a1e-4778-84b1-d097b4133f93,2025-12-20,出席,[2526出席CSV] 教學紀錄: MST 1617 P2 Mock
ba7d09f2-5167-4418-b5ad-a83d20c67c63,529c3dc8-81dd-44e2-a849-061c93f73d0b,2025-12-21,出席,
02bb5dac-c1fd-43a6-aa6b-0544929c0672,529c3dc8-81dd-44e2-a849-061c93f73d0b,2025-12-21,出席,
8fd4f614-b322-4785-967c-daa035605150,529c3dc8-81dd-44e2-a849-061c93f73d0b,2025-12-21,出席,
0390c81e-b8b3-4d1e-a0f0-b2cdaae2c6a9,5142c9f1-a369-4ed4-a1bf-042d0f49b65b,2025-12-21,出席,
660de639-cb3b-42a9-bed1-731a12befefc,5142c9f1-a369-4ed4-a1bf-042d0f49b65b,2025-12-21,出席,
e937c6a5-9116-44f3-a203-318c48fa6aec,f3f6f42a-90e4-4bf2-b92b-3f12416db9f3,2025-12-21,出席,
ae179fbf-9d71-4bfa-90e5-1326f5c05087,f3f6f42a-90e4-4bf2-b92b-3f12416db9f3,2025-12-21,出席,
be92832a-1bb7-46db-ac6e-831f5503f4e6,f3f6f42a-90e4-4bf2-b92b-3f12416db9f3,2025-12-21,出席,
0d708d45-f2c3-4edc-bf6e-f11f4f37abc0,4b932585-aee6-4d85-8d4f-53045a4ffdb5,2025-12-22,出席,[2526出席CSV] 請堂或補堂紀錄（老師填寫）: 潘燕彤看醫生請假
db303f37-2f92-4c35-8a7d-dd8773d1507a,4b932585-aee6-4d85-8d4f-53045a4ffdb5,2025-12-22,出席,[2526出席CSV] 請堂或補堂紀錄（老師填寫）: 潘燕彤看醫生請假
521bdfcb-74ff-4166-9e6f-5721ac1650f4,d3bbaf3f-9465-443a-8507-19456e2e86c0,2025-12-22,出席,
879205e4-a499-445f-86ab-ff56f3569438,1db99818-f7fe-4e73-b8d5-c306ae33b0d2,2025-12-23,出席,[2526出席CSV] 教學紀錄: LKS 2324 F3 1st Revtest
813935d3-09f3-4f8c-b633-6a3be4692649,8e8dfabf-f571-4230-987a-53e717e9614a,2025-12-07,出席,
dde027ee-458a-48b6-88d9-f1ec6d819698,8e8dfabf-f571-4230-987a-53e717e9614a,2025-12-07,出席,
082ae102-2471-45f5-b1c7-676e2743dca3,8e8dfabf-f571-4230-987a-53e717e9614a,2025-12-07,出席,
1a034fbe-7be1-4a3a-954a-0e6e371cd52f,f3f6f42a-90e4-4bf2-b92b-3f12416db9f3,2025-12-07,出席,
154bec19-0f58-47ee-9a40-1d33ff0e0f2a,1c610853-1733-40ad-90ed-5085baaea561,2025-12-07,出席,
05fbd9a6-0a16-48b0-81d1-df45293e23ec,1c610853-1733-40ad-90ed-5085baaea561,2025-12-07,出席,
411f1dad-c0d2-4205-b84e-3f342ee5c54c,1c610853-1733-40ad-90ed-5085baaea561,2025-12-07,出席,
1a034fbe-7be1-4a3a-954a-0e6e371cd52f,4afcd2a6-b089-4010-b02c-8d36924eaebb,2025-12-07,出席,
dde027ee-458a-48b6-88d9-f1ec6d819698,8e8dfabf-f571-4230-987a-53e717e9614a,2025-12-21,出席,
1a034fbe-7be1-4a3a-954a-0e6e371cd52f,f3f6f42a-90e4-4bf2-b92b-3f12416db9f3,2025-12-21,出席,
154bec19-0f58-47ee-9a40-1d33ff0e0f2a,1c610853-1733-40ad-90ed-5085baaea561,2025-12-21,出席,
411f1dad-c0d2-4205-b84e-3f342ee5c54c,1c610853-1733-40ad-90ed-5085baaea561,2025-12-21,出席,
1a034fbe-7be1-4a3a-954a-0e6e371cd52f,4afcd2a6-b089-4010-b02c-8d36924eaebb,2025-12-21,出席,
065d4b56-88e3-4063-91f1-4a4792add0c0,93560085-b304-4169-b604-0cc96af25cc8,2025-12-14,出席,
065d4b56-88e3-4063-91f1-4a4792add0c0,93560085-b304-4169-b604-0cc96af25cc8,2025-12-24,出席,
3bf0758e-7f75-403c-82eb-a995ef71f447,72f4a923-5ac0-4183-bb70-bc64349ff3af,2025-12-21,出席,
40740569-ed26-4b9c-9bca-1afb6eb920ab,e4aa21ce-1d5e-4e6a-b13a-6e274a27a1d2,2025-12-27,出席,[2526出席CSV] 教學紀錄: 禮賢會S4 24-25 1st term exam
029ff376-ea0b-466e-8d78-6b71a4ca6e0e,e4aa21ce-1d5e-4e6a-b13a-6e274a27a1d2,2025-12-27,出席,[2526出席CSV] 教學紀錄: 禮賢會S4 24-25 1st term exam
a09da146-6195-4d68-a1f8-22a8202a1f3d,e4aa21ce-1d5e-4e6a-b13a-6e274a27a1d2,2025-12-27,出席,[2526出席CSV] 教學紀錄: 禮賢會S4 24-25 1st term exam
65443d7d-dd95-4dcf-8ab3-287e19edbf76,e4aa21ce-1d5e-4e6a-b13a-6e274a27a1d2,2025-12-27,出席,[2526出席CSV] 教學紀錄: 禮賢會S4 24-25 1st term exam
40740569-ed26-4b9c-9bca-1afb6eb920ab,e45bc7fb-1ce4-4f71-b50b-601791a48a9a,2025-12-27,出席,[2526出席CSV] 教學紀錄: 禮賢會S4 24-25 1st term exam
029ff376-ea0b-466e-8d78-6b71a4ca6e0e,e45bc7fb-1ce4-4f71-b50b-601791a48a9a,2025-12-27,出席,[2526出席CSV] 教學紀錄: 禮賢會S4 24-25 1st term exam
a09da146-6195-4d68-a1f8-22a8202a1f3d,e45bc7fb-1ce4-4f71-b50b-601791a48a9a,2025-12-27,出席,[2526出席CSV] 教學紀錄: 禮賢會S4 24-25 1st term exam
65443d7d-dd95-4dcf-8ab3-287e19edbf76,e45bc7fb-1ce4-4f71-b50b-601791a48a9a,2025-12-27,出席,[2526出席CSV] 教學紀錄: 禮賢會S4 24-25 1st term exam
813935d3-09f3-4f8c-b633-6a3be4692649,370475e2-9a1e-4778-84b1-d097b4133f93,2025-12-27,出席,[2526出席CSV] 教學紀錄: VC 1920 Exam1 P1 + #1718 F5 1st exam paper II
c5ca6855-9331-4e61-af32-2d5dd9cd75cc,370475e2-9a1e-4778-84b1-d097b4133f93,2025-12-27,出席,[2526出席CSV] 教學紀錄: VC 1920 Exam1 P1 + #1718 F5 1st exam paper II
b0107d72-413c-4e5b-94e0-0a4de1d14f6f,370475e2-9a1e-4778-84b1-d097b4133f93,2025-12-27,出席,[2526出席CSV] 教學紀錄: VC 1920 Exam1 P1 + #1718 F5 1st exam paper II
2f2cbe75-b1a6-4235-b2f5-05fc3a752aa6,1aad19f0-38ce-4787-9fbf-fa92d4774e0f,2025-12-28,出席,
a644ff5a-3115-47f4-ade3-7a2fca30897e,1aad19f0-38ce-4787-9fbf-fa92d4774e0f,2025-12-28,出席,
0ae337c5-615d-476e-9cb9-1544bbb8c439,1aad19f0-38ce-4787-9fbf-fa92d4774e0f,2025-12-28,出席,
d86901d2-1e2e-46b6-9f09-6f770bc683cb,1aad19f0-38ce-4787-9fbf-fa92d4774e0f,2025-12-28,出席,
025a1e5d-1af3-4ca9-bb2e-42e636b03ffb,529c3dc8-81dd-44e2-a849-061c93f73d0b,2025-12-28,出席,
02bb5dac-c1fd-43a6-aa6b-0544929c0672,529c3dc8-81dd-44e2-a849-061c93f73d0b,2025-12-28,出席,
ba7d09f2-5167-4418-b5ad-a83d20c67c63,529c3dc8-81dd-44e2-a849-061c93f73d0b,2025-12-28,出席,
17575f59-9a5a-4d56-8e46-b75c6c2ae37c,717fc491-c5c3-4e59-a48a-ecaf23d168b5,2025-12-28,出席,
bb8803c5-0b02-47ee-afc6-af3d0240705c,717fc491-c5c3-4e59-a48a-ecaf23d168b5,2025-12-28,出席,
86d25c49-66d0-406b-a725-5b4973f21df3,717fc491-c5c3-4e59-a48a-ecaf23d168b5,2025-12-28,出席,
915602a6-c807-465f-9d8f-f66f5f070ce9,9d18b4f6-a4f5-4029-abb0-5c8926e16d19,2025-12-10,出席,
f98aacc3-3dcb-477c-be80-50e4286a8c4a,9d18b4f6-a4f5-4029-abb0-5c8926e16d19,2025-12-10,出席,
a44e6718-427b-43d1-93de-1e34ba3c4535,9d18b4f6-a4f5-4029-abb0-5c8926e16d19,2025-12-10,出席,
4f9e4c16-0f95-4adf-b383-593811de4c13,9d18b4f6-a4f5-4029-abb0-5c8926e16d19,2025-12-10,出席,
915602a6-c807-465f-9d8f-f66f5f070ce9,9d18b4f6-a4f5-4029-abb0-5c8926e16d19,2025-12-03,出席,
f98aacc3-3dcb-477c-be80-50e4286a8c4a,9d18b4f6-a4f5-4029-abb0-5c8926e16d19,2025-12-03,出席,
a44e6718-427b-43d1-93de-1e34ba3c4535,9d18b4f6-a4f5-4029-abb0-5c8926e16d19,2025-12-03,出席,
4f9e4c16-0f95-4adf-b383-593811de4c13,9d18b4f6-a4f5-4029-abb0-5c8926e16d19,2025-12-03,出席,
879205e4-a499-445f-86ab-ff56f3569438,934f3f3a-5ba0-47a0-879a-3158e92416b8,2025-12-15,出席,
ce8c4982-bf08-4213-86f7-99292a8f70ff,934f3f3a-5ba0-47a0-879a-3158e92416b8,2025-12-15,出席,
d8423166-450c-4632-a18f-1da678532886,934f3f3a-5ba0-47a0-879a-3158e92416b8,2025-12-15,出席,
ce8c4982-bf08-4213-86f7-99292a8f70ff,1db99818-f7fe-4e73-b8d5-c306ae33b0d2,2025-12-28,出席,
d8423166-450c-4632-a18f-1da678532886,1db99818-f7fe-4e73-b8d5-c306ae33b0d2,2025-12-28,出席,
ce8c4982-bf08-4213-86f7-99292a8f70ff,934f3f3a-5ba0-47a0-879a-3158e92416b8,2025-12-28,出席,
d8423166-450c-4632-a18f-1da678532886,934f3f3a-5ba0-47a0-879a-3158e92416b8,2025-12-28,出席,
813935d3-09f3-4f8c-b633-6a3be4692649,8e8dfabf-f571-4230-987a-53e717e9614a,2025-12-28,出席,
dde027ee-458a-48b6-88d9-f1ec6d819698,8e8dfabf-f571-4230-987a-53e717e9614a,2025-12-28,出席,
082ae102-2471-45f5-b1c7-676e2743dca3,8e8dfabf-f571-4230-987a-53e717e9614a,2025-12-28,出席,
05fbd9a6-0a16-48b0-81d1-df45293e23ec,1c610853-1733-40ad-90ed-5085baaea561,2025-12-28,出席,
411f1dad-c0d2-4205-b84e-3f342ee5c54c,1c610853-1733-40ad-90ed-5085baaea561,2025-12-28,出席,
0b656f33-268d-4d21-a49f-a37818134fa2,4669cf9a-0d02-450a-a0be-3b8907764d56,2025-12-20,出席,
bb8803c5-0b02-47ee-afc6-af3d0240705c,4669cf9a-0d02-450a-a0be-3b8907764d56,2025-12-20,出席,
521bdfcb-74ff-4166-9e6f-5721ac1650f4,4669cf9a-0d02-450a-a0be-3b8907764d56,2025-12-20,出席,
7a68bb12-3c7e-4a6e-918d-99caa4f3427a,4669cf9a-0d02-450a-a0be-3b8907764d56,2025-12-20,出席,
5174ab4c-3cf9-4640-97c8-78dd6f83c44e,43aab94a-c3d2-4647-abbb-244d9ae970aa,2025-12-20,出席,
2d75a8f3-7d21-49e3-985c-6b7defb351fc,43aab94a-c3d2-4647-abbb-244d9ae970aa,2025-12-20,出席,
c5ca6855-9331-4e61-af32-2d5dd9cd75cc,43aab94a-c3d2-4647-abbb-244d9ae970aa,2025-12-20,出席,
d9b18c83-41c2-4e39-94f9-95513e096c39,43aab94a-c3d2-4647-abbb-244d9ae970aa,2025-12-20,出席,
f93c9942-8f06-4354-9f95-30c01fd6b58d,43aab94a-c3d2-4647-abbb-244d9ae970aa,2025-12-20,出席,
b0107d72-413c-4e5b-94e0-0a4de1d14f6f,43aab94a-c3d2-4647-abbb-244d9ae970aa,2025-12-27,出席,
b0107d72-413c-4e5b-94e0-0a4de1d14f6f,730ca500-137f-4c89-86d1-c835bd0c0273,2025-12-27,出席,
3e92f8a4-49ab-42e9-9687-e6735b26411e,43aab94a-c3d2-4647-abbb-244d9ae970aa,2025-12-27,出席,
5174ab4c-3cf9-4640-97c8-78dd6f83c44e,730ca500-137f-4c89-86d1-c835bd0c0273,2025-12-28,出席,
065d4b56-88e3-4063-91f1-4a4792add0c0,93560085-b304-4169-b604-0cc96af25cc8,2026-01-02,出席,
6febe4d0-557d-48a2-b283-07963139d5c3,0fc0070f-98b1-49af-869d-4a5ce0776428,2026-01-02,出席,[2526出席CSV] 教學紀錄: 培僑S5 1st 20-21 Paper1 Q10-14
35893dd5-f77e-4ef4-b6b2-4baabb14f357,0fc0070f-98b1-49af-869d-4a5ce0776428,2026-01-02,出席,[2526出席CSV] 教學紀錄: 培僑S5 1st 20-21 Paper1 Q10-14
20361dec-731e-4c2f-bf0b-0b8f474361ff,0fc0070f-98b1-49af-869d-4a5ce0776428,2026-01-02,出席,[2526出席CSV] 教學紀錄: 培僑S5 1st 20-21 Paper1 Q10-14
301a4b5e-c55d-4b4d-91d7-0bc05aada67d,5563dfc9-cbb2-4dfb-8cc5-f3709ce0cb76,2026-01-02,出席,[2526出席CSV] 教學紀錄: Marynoll 1617 P2 Mock | 請堂或補堂紀錄（老師填寫）: 陳宣穎、袁卓楠 video 李映進網課
a44e6718-427b-43d1-93de-1e34ba3c4535,5563dfc9-cbb2-4dfb-8cc5-f3709ce0cb76,2026-01-02,出席,[2526出席CSV] 教學紀錄: Marynoll 1617 P2 Mock | 請堂或補堂紀錄（老師填寫）: 陳宣穎、袁卓楠 video 李映進網課
174c983e-7ecf-432d-acc7-c60d0fa48623,5563dfc9-cbb2-4dfb-8cc5-f3709ce0cb76,2026-01-02,出席,[2526出席CSV] 教學紀錄: Marynoll 1617 P2 Mock | 請堂或補堂紀錄（老師填寫）: 陳宣穎、袁卓楠 video 李映進網課
0ffa3f51-02b3-4bf8-a87e-f843b5bb038c,5563dfc9-cbb2-4dfb-8cc5-f3709ce0cb76,2026-01-02,出席,[2526出席CSV] 教學紀錄: Marynoll 1617 P2 Mock | 請堂或補堂紀錄（老師填寫）: 陳宣穎、袁卓楠 video 李映進網課
395e0b9d-acc1-4ef8-97ea-5c3ab4eb1ac8,5563dfc9-cbb2-4dfb-8cc5-f3709ce0cb76,2026-01-02,出席,[2526出席CSV] 教學紀錄: Marynoll 1617 P2 Mock | 請堂或補堂紀錄（老師填寫）: 陳宣穎、袁卓楠 video 李映進網課
ce174b57-1108-453b-bc60-f397ea0aacab,5563dfc9-cbb2-4dfb-8cc5-f3709ce0cb76,2026-01-02,出席,[2526出席CSV] 教學紀錄: Marynoll 1617 P2 Mock | 請堂或補堂紀錄（老師填寫）: 陳宣穎、袁卓楠 video 李映進網課
fa7e5572-9889-486d-9ea6-29d17ce33e4f,cf2ed201-b3bf-45cc-ac38-011bd14d1c57,2025-12-03,出席,
b09a62d4-58b0-4ba8-a413-6263a03eec8c,cf2ed201-b3bf-45cc-ac38-011bd14d1c57,2025-12-03,出席,
fc090614-5e34-4daf-b367-62b79b3ecb57,cf2ed201-b3bf-45cc-ac38-011bd14d1c57,2025-12-03,出席,
0d708d45-f2c3-4edc-bf6e-f11f4f37abc0,4b932585-aee6-4d85-8d4f-53045a4ffdb5,2026-01-02,出席,
db303f37-2f92-4c35-8a7d-dd8773d1507a,4b932585-aee6-4d85-8d4f-53045a4ffdb5,2026-01-02,出席,
fa7e5572-9889-486d-9ea6-29d17ce33e4f,cf2ed201-b3bf-45cc-ac38-011bd14d1c57,2026-01-02,出席,
b09a62d4-58b0-4ba8-a413-6263a03eec8c,cf2ed201-b3bf-45cc-ac38-011bd14d1c57,2026-01-02,出席,
fc090614-5e34-4daf-b367-62b79b3ecb57,cf2ed201-b3bf-45cc-ac38-011bd14d1c57,2026-01-02,出席,
058ed296-1bba-4bd0-8e6e-482d585fabdd,0ad6a2f9-a31f-4e3b-a04a-d23c3cd1e405,2026-01-03,出席,[2526出席CSV] 教學紀錄: 2025 Last remainder + S6D06_F Assign S6D04_C_F + HKME 2022_Math_P2
223038a1-164b-482a-9408-1007dc373467,e4aa21ce-1d5e-4e6a-b13a-6e274a27a1d2,2026-01-03,出席,[2526出席CSV] 教學紀錄: Queen
b1d2933b-0459-4f85-9e0c-dd9eb0bc403a,21627141-68b0-4be0-a072-8cc7c4878654,2026-01-03,出席,
c6cdae79-baa1-425e-8345-976e45c84315,21627141-68b0-4be0-a072-8cc7c4878654,2026-01-03,出席,
2f2cbe75-b1a6-4235-b2f5-05fc3a752aa6,36de22e8-74e0-41e0-af01-a6cfaf72651f,2026-01-03,出席,
5707f4fb-4f63-4098-86d8-8682033e5859,36de22e8-74e0-41e0-af01-a6cfaf72651f,2026-01-03,出席,
1a034fbe-7be1-4a3a-954a-0e6e371cd52f,6e0c9d6f-029a-4966-9612-6a580ba54aeb,2026-01-03,出席,
879205e4-a499-445f-86ab-ff56f3569438,6e0c9d6f-029a-4966-9612-6a580ba54aeb,2026-01-03,出席,
20361dec-731e-4c2f-bf0b-0b8f474361ff,eb9d88d8-cb5c-4ea5-aae2-ada9dd4a99ba,2026-01-03,出席,
813935d3-09f3-4f8c-b633-6a3be4692649,eb9d88d8-cb5c-4ea5-aae2-ada9dd4a99ba,2026-01-03,出席,
aeaa29b9-9ca0-43c5-954c-ee4757266a3c,eb9d88d8-cb5c-4ea5-aae2-ada9dd4a99ba,2026-01-03,出席,
025a1e5d-1af3-4ca9-bb2e-42e636b03ffb,0ad6a2f9-a31f-4e3b-a04a-d23c3cd1e405,2026-01-03,出席,
550ef8fa-8579-42a7-904c-e634a697ae5c,e4aa21ce-1d5e-4e6a-b13a-6e274a27a1d2,2026-01-03,出席,
7ffd3cb4-45b3-4a6b-bde3-2e9a7b5c37a0,e4aa21ce-1d5e-4e6a-b13a-6e274a27a1d2,2026-01-03,出席,
28396f5a-c066-43bf-bcc6-cfd4fee72e92,e45bc7fb-1ce4-4f71-b50b-601791a48a9a,2026-01-03,出席,
5214a841-39c8-4805-8720-c20a7f202d98,e45bc7fb-1ce4-4f71-b50b-601791a48a9a,2026-01-03,出席,
4ddd2ba1-1d17-46e8-b9c3-11c38a584254,e45bc7fb-1ce4-4f71-b50b-601791a48a9a,2026-01-03,出席,
ce8c4982-bf08-4213-86f7-99292a8f70ff,e45bc7fb-1ce4-4f71-b50b-601791a48a9a,2026-01-03,出席,
d0490601-ab06-4b2f-b3e3-6e06007665c9,acc8f2a0-e390-4569-bd1c-494cc176fb84,2026-01-03,出席,
95b040a2-1f06-412a-83f4-7364392bd70b,4afcd2a6-b089-4010-b02c-8d36924eaebb,2026-01-03,出席,
1aec3c09-5e7b-40a3-86f6-175d0a65e39e,4afcd2a6-b089-4010-b02c-8d36924eaebb,2026-01-03,出席,
813935d3-09f3-4f8c-b633-6a3be4692649,167607d0-b816-4485-9030-ff617f8b4382,2026-01-03,出席,[2526出席CSV] 教學紀錄: P&C+ probability CT07 下堂繼續CT08(已派未做) | 請堂或補堂紀錄（老師填寫）: 楊俊熙(補30/11） 蘇子航(補30/11） 曾穎（補30/11）
c5ca6855-9331-4e61-af32-2d5dd9cd75cc,167607d0-b816-4485-9030-ff617f8b4382,2026-01-03,出席,[2526出席CSV] 教學紀錄: P&C+ probability CT07 下堂繼續CT08(已派未做) | 請堂或補堂紀錄（老師填寫）: 楊俊熙(補30/11） 蘇子航(補30/11） 曾穎（補30/11）
aeaa29b9-9ca0-43c5-954c-ee4757266a3c,167607d0-b816-4485-9030-ff617f8b4382,2026-01-03,出席,[2526出席CSV] 教學紀錄: P&C+ probability CT07 下堂繼續CT08(已派未做) | 請堂或補堂紀錄（老師填寫）: 楊俊熙(補30/11） 蘇子航(補30/11） 曾穎（補30/11）
f93c9942-8f06-4354-9f95-30c01fd6b58d,167607d0-b816-4485-9030-ff617f8b4382,2026-01-03,出席,[2526出席CSV] 教學紀錄: P&C+ probability CT07 下堂繼續CT08(已派未做) | 請堂或補堂紀錄（老師填寫）: 楊俊熙(補30/11） 蘇子航(補30/11） 曾穎（補30/11）
3f44050b-d295-4ed4-ae90-6f58eafdcccd,167607d0-b816-4485-9030-ff617f8b4382,2026-01-03,出席,[2526出席CSV] 教學紀錄: P&C+ probability CT07 下堂繼續CT08(已派未做) | 請堂或補堂紀錄（老師填寫）: 楊俊熙(補30/11） 蘇子航(補30/11） 曾穎（補30/11）
6febe4d0-557d-48a2-b283-07963139d5c3,167607d0-b816-4485-9030-ff617f8b4382,2026-01-03,出席,[2526出席CSV] 教學紀錄: P&C+ probability CT07 下堂繼續CT08(已派未做) | 請堂或補堂紀錄（老師填寫）: 楊俊熙(補30/11） 蘇子航(補30/11） 曾穎（補30/11）
20361dec-731e-4c2f-bf0b-0b8f474361ff,167607d0-b816-4485-9030-ff617f8b4382,2026-01-03,出席,[2526出席CSV] 教學紀錄: P&C+ probability CT07 下堂繼續CT08(已派未做) | 請堂或補堂紀錄（老師填寫）: 楊俊熙(補30/11） 蘇子航(補30/11） 曾穎（補30/11）
35893dd5-f77e-4ef4-b6b2-4baabb14f357,167607d0-b816-4485-9030-ff617f8b4382,2026-01-03,出席,[2526出席CSV] 教學紀錄: P&C+ probability CT07 下堂繼續CT08(已派未做) | 請堂或補堂紀錄（老師填寫）: 楊俊熙(補30/11） 蘇子航(補30/11） 曾穎（補30/11）
b173bc1e-153d-4ef7-9ed6-a36be060319c,94194de7-9fd3-4c44-9b29-0030c7616f08,2026-01-03,出席,[2526出席CSV] 教學紀錄: Half Year Exam LQ hw: Q10-11
96cd39e1-d5c1-4994-b5a9-58e9cddfe5bf,94194de7-9fd3-4c44-9b29-0030c7616f08,2026-01-03,出席,[2526出席CSV] 教學紀錄: Half Year Exam LQ hw: Q10-11
97f16885-242d-47f8-bc22-f80468c8fb70,94194de7-9fd3-4c44-9b29-0030c7616f08,2026-01-03,出席,[2526出席CSV] 教學紀錄: Half Year Exam LQ hw: Q10-11
3e92f8a4-49ab-42e9-9687-e6735b26411e,94194de7-9fd3-4c44-9b29-0030c7616f08,2026-01-03,出席,[2526出席CSV] 教學紀錄: Half Year Exam LQ hw: Q10-11
f13c6165-aeeb-4791-ba10-a2de49b58f49,94194de7-9fd3-4c44-9b29-0030c7616f08,2026-01-03,出席,[2526出席CSV] 教學紀錄: Half Year Exam LQ hw: Q10-11
40740569-ed26-4b9c-9bca-1afb6eb920ab,94194de7-9fd3-4c44-9b29-0030c7616f08,2026-01-03,出席,[2526出席CSV] 教學紀錄: Half Year Exam LQ hw: Q10-11
411f1dad-c0d2-4205-b84e-3f342ee5c54c,370475e2-9a1e-4778-84b1-d097b4133f93,2026-01-03,出席,[2526出席CSV] 教學紀錄: finish st. Mary 1617 P2 | 請堂或補堂紀錄（老師填寫）: 陳卓賢調9/1
a09f0716-e546-4db0-aa69-30ff70ae6fb1,370475e2-9a1e-4778-84b1-d097b4133f93,2026-01-03,出席,[2526出席CSV] 教學紀錄: finish st. Mary 1617 P2 | 請堂或補堂紀錄（老師填寫）: 陳卓賢調9/1
a50f0a8f-6112-4444-9d65-f1eb29b6968f,370475e2-9a1e-4778-84b1-d097b4133f93,2026-01-03,出席,[2526出席CSV] 教學紀錄: finish st. Mary 1617 P2 | 請堂或補堂紀錄（老師填寫）: 陳卓賢調9/1
cc09b6ef-d2b0-437b-9d42-c2f65d9b0959,370475e2-9a1e-4778-84b1-d097b4133f93,2026-01-03,出席,[2526出席CSV] 教學紀錄: finish st. Mary 1617 P2 | 請堂或補堂紀錄（老師填寫）: 陳卓賢調9/1
d0490601-ab06-4b2f-b3e3-6e06007665c9,529c3dc8-81dd-44e2-a849-061c93f73d0b,2025-12-28,出席,
ba7d09f2-5167-4418-b5ad-a83d20c67c63,529c3dc8-81dd-44e2-a849-061c93f73d0b,2026-01-04,出席,
02bb5dac-c1fd-43a6-aa6b-0544929c0672,529c3dc8-81dd-44e2-a849-061c93f73d0b,2026-01-04,出席,
8fd4f614-b322-4785-967c-daa035605150,529c3dc8-81dd-44e2-a849-061c93f73d0b,2026-01-04,出席,
813935d3-09f3-4f8c-b633-6a3be4692649,4f7902da-2259-40bf-af6a-87f3aaa40d68,2026-01-04,出席,
0390c81e-b8b3-4d1e-a0f0-b2cdaae2c6a9,5142c9f1-a369-4ed4-a1bf-042d0f49b65b,2026-01-04,出席,
521bdfcb-74ff-4166-9e6f-5721ac1650f4,5142c9f1-a369-4ed4-a1bf-042d0f49b65b,2026-01-04,出席,
e850f4ce-0e20-4280-9d14-b5f85b39dcdc,aaa3f0f8-bb13-4442-8e4f-27a4327f9f75,2026-01-02,出席,[2526出席CSV] 請堂或補堂紀錄（老師填寫）: 陳宣穎、陳煒傑 睇片
915602a6-c807-465f-9d8f-f66f5f070ce9,aaa3f0f8-bb13-4442-8e4f-27a4327f9f75,2026-01-02,出席,[2526出席CSV] 請堂或補堂紀錄（老師填寫）: 陳宣穎、陳煒傑 睇片
174c983e-7ecf-432d-acc7-c60d0fa48623,aaa3f0f8-bb13-4442-8e4f-27a4327f9f75,2026-01-02,出席,[2526出席CSV] 請堂或補堂紀錄（老師填寫）: 陳宣穎、陳煒傑 睇片
db2d4d1b-7b41-461f-bd22-8b86e0e27014,aaa3f0f8-bb13-4442-8e4f-27a4327f9f75,2026-01-02,出席,[2526出席CSV] 請堂或補堂紀錄（老師填寫）: 陳宣穎、陳煒傑 睇片
bb8803c5-0b02-47ee-afc6-af3d0240705c,4669cf9a-0d02-450a-a0be-3b8907764d56,2026-01-03,出席,
521bdfcb-74ff-4166-9e6f-5721ac1650f4,4669cf9a-0d02-450a-a0be-3b8907764d56,2026-01-03,出席,
7a68bb12-3c7e-4a6e-918d-99caa4f3427a,4669cf9a-0d02-450a-a0be-3b8907764d56,2026-01-03,出席,
5174ab4c-3cf9-4640-97c8-78dd6f83c44e,43aab94a-c3d2-4647-abbb-244d9ae970aa,2026-01-03,出席,
2d75a8f3-7d21-49e3-985c-6b7defb351fc,43aab94a-c3d2-4647-abbb-244d9ae970aa,2026-01-03,出席,
c5ca6855-9331-4e61-af32-2d5dd9cd75cc,43aab94a-c3d2-4647-abbb-244d9ae970aa,2026-01-03,出席,
d9b18c83-41c2-4e39-94f9-95513e096c39,43aab94a-c3d2-4647-abbb-244d9ae970aa,2026-01-03,出席,
382678a3-797c-49e1-b2ec-f04c21d3d6b3,43aab94a-c3d2-4647-abbb-244d9ae970aa,2026-01-03,出席,
ce8c4982-bf08-4213-86f7-99292a8f70ff,1db99818-f7fe-4e73-b8d5-c306ae33b0d2,2026-01-06,出席,[2526出席CSV] 教學紀錄: F2: Li Kowk Po 22-23 1st term F3: #F3 1st term exam paper II | 請堂或補堂紀錄（老師填寫）: 莫凱晴補聖誕班一堂 林曉柔提早上13/1 陸玉瓏補27/11
879205e4-a499-445f-86ab-ff56f3569438,1db99818-f7fe-4e73-b8d5-c306ae33b0d2,2026-01-06,出席,[2526出席CSV] 教學紀錄: F2: Li Kowk Po 22-23 1st term F3: #F3 1st term exam paper II | 請堂或補堂紀錄（老師填寫）: 莫凱晴補聖誕班一堂 林曉柔提早上13/1 陸玉瓏補27/11
c6cdae79-baa1-425e-8345-976e45c84315,1db99818-f7fe-4e73-b8d5-c306ae33b0d2,2026-01-06,出席,[2526出席CSV] 教學紀錄: F2: Li Kowk Po 22-23 1st term F3: #F3 1st term exam paper II | 請堂或補堂紀錄（老師填寫）: 莫凱晴補聖誕班一堂 林曉柔提早上13/1 陸玉瓏補27/11
f4317920-332c-445a-930d-7a5c230051e8,cee13d56-4e2b-4db3-900f-de73fc6d55e9,2026-01-04,出席,
521bdfcb-74ff-4166-9e6f-5721ac1650f4,d3bbaf3f-9465-443a-8507-19456e2e86c0,2026-01-05,出席,
28396f5a-c066-43bf-bcc6-cfd4fee72e92,f3f6f42a-90e4-4bf2-b92b-3f12416db9f3,2025-12-14,出席,
5214a841-39c8-4805-8720-c20a7f202d98,f3f6f42a-90e4-4bf2-b92b-3f12416db9f3,2025-12-14,出席,
4ddd2ba1-1d17-46e8-b9c3-11c38a584254,f3f6f42a-90e4-4bf2-b92b-3f12416db9f3,2025-12-14,出席,
ce8c4982-bf08-4213-86f7-99292a8f70ff,f3f6f42a-90e4-4bf2-b92b-3f12416db9f3,2025-12-14,出席,
ce8c4982-bf08-4213-86f7-99292a8f70ff,e4aa21ce-1d5e-4e6a-b13a-6e274a27a1d2,2025-12-13,出席,
f9d50fe3-6546-46ff-9f67-630bfda1d63f,e4aa21ce-1d5e-4e6a-b13a-6e274a27a1d2,2025-12-13,出席,
3e92f8a4-49ab-42e9-9687-e6735b26411e,1c610853-1733-40ad-90ed-5085baaea561,2026-01-01,出席,
3e92f8a4-49ab-42e9-9687-e6735b26411e,7ad272a3-df88-42c9-bbac-0cbfdb4e9b60,2026-01-02,出席,
ce174b57-1108-453b-bc60-f397ea0aacab,51696dbe-1d38-4112-9859-29ecb25d5a6d,2025-12-17,出席,
0ffa3f51-02b3-4bf8-a87e-f843b5bb038c,51696dbe-1d38-4112-9859-29ecb25d5a6d,2025-12-17,出席,
f13c6165-aeeb-4791-ba10-a2de49b58f49,51696dbe-1d38-4112-9859-29ecb25d5a6d,2025-12-17,出席,
0ae337c5-615d-476e-9cb9-1544bbb8c439,51696dbe-1d38-4112-9859-29ecb25d5a6d,2025-12-17,出席,
915602a6-c807-465f-9d8f-f66f5f070ce9,68e5db0d-0d0d-4b30-8b5c-24f9b3f56f73,2025-12-20,出席,
154bec19-0f58-47ee-9a40-1d33ff0e0f2a,68e5db0d-0d0d-4b30-8b5c-24f9b3f56f73,2025-12-20,出席,
d86901d2-1e2e-46b6-9f09-6f770bc683cb,68e5db0d-0d0d-4b30-8b5c-24f9b3f56f73,2025-12-20,出席,
f98aacc3-3dcb-477c-be80-50e4286a8c4a,68e5db0d-0d0d-4b30-8b5c-24f9b3f56f73,2025-12-20,出席,
a44e6718-427b-43d1-93de-1e34ba3c4535,68e5db0d-0d0d-4b30-8b5c-24f9b3f56f73,2025-12-20,出席,
5707f4fb-4f63-4098-86d8-8682033e5859,68e5db0d-0d0d-4b30-8b5c-24f9b3f56f73,2025-12-20,出席,
7ae2fc5c-ab2b-4dc5-80ad-328c43d53619,68e5db0d-0d0d-4b30-8b5c-24f9b3f56f73,2025-12-20,出席,
411f1dad-c0d2-4205-b84e-3f342ee5c54c,68e5db0d-0d0d-4b30-8b5c-24f9b3f56f73,2025-12-20,出席,
0069abd3-f16d-4ed6-a7b9-1d531d527cf3,68e5db0d-0d0d-4b30-8b5c-24f9b3f56f73,2025-12-20,出席,
ce174b57-1108-453b-bc60-f397ea0aacab,51696dbe-1d38-4112-9859-29ecb25d5a6d,2025-12-24,出席,
0ffa3f51-02b3-4bf8-a87e-f843b5bb038c,51696dbe-1d38-4112-9859-29ecb25d5a6d,2025-12-24,出席,
f13c6165-aeeb-4791-ba10-a2de49b58f49,51696dbe-1d38-4112-9859-29ecb25d5a6d,2025-12-24,出席,
0ae337c5-615d-476e-9cb9-1544bbb8c439,51696dbe-1d38-4112-9859-29ecb25d5a6d,2025-12-24,出席,
915602a6-c807-465f-9d8f-f66f5f070ce9,370475e2-9a1e-4778-84b1-d097b4133f93,2025-11-29,出席,
154bec19-0f58-47ee-9a40-1d33ff0e0f2a,370475e2-9a1e-4778-84b1-d097b4133f93,2025-11-29,出席,
d86901d2-1e2e-46b6-9f09-6f770bc683cb,370475e2-9a1e-4778-84b1-d097b4133f93,2025-11-29,出席,
f98aacc3-3dcb-477c-be80-50e4286a8c4a,370475e2-9a1e-4778-84b1-d097b4133f93,2025-11-29,出席,
a44e6718-427b-43d1-93de-1e34ba3c4535,370475e2-9a1e-4778-84b1-d097b4133f93,2025-11-29,出席,
5707f4fb-4f63-4098-86d8-8682033e5859,370475e2-9a1e-4778-84b1-d097b4133f93,2025-11-29,出席,
7ae2fc5c-ab2b-4dc5-80ad-328c43d53619,370475e2-9a1e-4778-84b1-d097b4133f93,2025-11-29,出席,
411f1dad-c0d2-4205-b84e-3f342ee5c54c,370475e2-9a1e-4778-84b1-d097b4133f93,2025-11-29,出席,
0069abd3-f16d-4ed6-a7b9-1d531d527cf3,370475e2-9a1e-4778-84b1-d097b4133f93,2025-11-29,出席,
058ed296-1bba-4bd0-8e6e-482d585fabdd,36de22e8-74e0-41e0-af01-a6cfaf72651f,2026-01-03,出席,
058ed296-1bba-4bd0-8e6e-482d585fabdd,36de22e8-74e0-41e0-af01-a6cfaf72651f,2025-12-20,出席,
879205e4-a499-445f-86ab-ff56f3569438,934f3f3a-5ba0-47a0-879a-3158e92416b8,2025-12-01,出席,
ce8c4982-bf08-4213-86f7-99292a8f70ff,934f3f3a-5ba0-47a0-879a-3158e92416b8,2025-12-01,出席,
d8423166-450c-4632-a18f-1da678532886,934f3f3a-5ba0-47a0-879a-3158e92416b8,2025-12-01,出席,
879205e4-a499-445f-86ab-ff56f3569438,934f3f3a-5ba0-47a0-879a-3158e92416b8,2025-12-08,出席,
ce8c4982-bf08-4213-86f7-99292a8f70ff,934f3f3a-5ba0-47a0-879a-3158e92416b8,2025-12-08,出席,
d8423166-450c-4632-a18f-1da678532886,934f3f3a-5ba0-47a0-879a-3158e92416b8,2025-12-08,出席,
879205e4-a499-445f-86ab-ff56f3569438,43c054d8-e240-48f5-b386-c597ae30ca7d,2025-12-28,出席,
ce8c4982-bf08-4213-86f7-99292a8f70ff,43c054d8-e240-48f5-b386-c597ae30ca7d,2025-12-28,出席,
d8423166-450c-4632-a18f-1da678532886,43c054d8-e240-48f5-b386-c597ae30ca7d,2025-12-28,出席,
96cd39e1-d5c1-4994-b5a9-58e9cddfe5bf,20f8b798-8513-4df7-85f4-bcc36d3e3169,2025-12-07,出席,[2526出席CSV] 請堂或補堂紀錄（老師填寫）: 范以喬12月暫停
373884c8-2e56-4019-a8e7-a9d292fa870b,20f8b798-8513-4df7-85f4-bcc36d3e3169,2025-12-07,出席,[2526出席CSV] 請堂或補堂紀錄（老師填寫）: 范以喬12月暫停
029ff376-ea0b-466e-8d78-6b71a4ca6e0e,20f8b798-8513-4df7-85f4-bcc36d3e3169,2025-12-07,出席,[2526出席CSV] 請堂或補堂紀錄（老師填寫）: 范以喬12月暫停
65443d7d-dd95-4dcf-8ab3-287e19edbf76,20f8b798-8513-4df7-85f4-bcc36d3e3169,2025-12-07,出席,[2526出席CSV] 請堂或補堂紀錄（老師填寫）: 范以喬12月暫停
96cd39e1-d5c1-4994-b5a9-58e9cddfe5bf,20f8b798-8513-4df7-85f4-bcc36d3e3169,2025-12-14,出席,[2526出席CSV] 請堂或補堂紀錄（老師填寫）: 范以喬12月暫停
373884c8-2e56-4019-a8e7-a9d292fa870b,20f8b798-8513-4df7-85f4-bcc36d3e3169,2025-12-14,出席,[2526出席CSV] 請堂或補堂紀錄（老師填寫）: 范以喬12月暫停
029ff376-ea0b-466e-8d78-6b71a4ca6e0e,20f8b798-8513-4df7-85f4-bcc36d3e3169,2025-12-14,出席,[2526出席CSV] 請堂或補堂紀錄（老師填寫）: 范以喬12月暫停
65443d7d-dd95-4dcf-8ab3-287e19edbf76,20f8b798-8513-4df7-85f4-bcc36d3e3169,2025-12-14,出席,[2526出席CSV] 請堂或補堂紀錄（老師填寫）: 范以喬12月暫停
96cd39e1-d5c1-4994-b5a9-58e9cddfe5bf,20f8b798-8513-4df7-85f4-bcc36d3e3169,2025-12-28,出席,[2526出席CSV] 請堂或補堂紀錄（老師填寫）: 范以喬12月暫停常規一個月
373884c8-2e56-4019-a8e7-a9d292fa870b,20f8b798-8513-4df7-85f4-bcc36d3e3169,2025-12-28,出席,[2526出席CSV] 請堂或補堂紀錄（老師填寫）: 范以喬12月暫停常規一個月
029ff376-ea0b-466e-8d78-6b71a4ca6e0e,20f8b798-8513-4df7-85f4-bcc36d3e3169,2025-12-28,出席,[2526出席CSV] 請堂或補堂紀錄（老師填寫）: 范以喬12月暫停常規一個月
65443d7d-dd95-4dcf-8ab3-287e19edbf76,20f8b798-8513-4df7-85f4-bcc36d3e3169,2025-12-28,出席,[2526出席CSV] 請堂或補堂紀錄（老師填寫）: 范以喬12月暫停常規一個月
c5ca6855-9331-4e61-af32-2d5dd9cd75cc,20f8b798-8513-4df7-85f4-bcc36d3e3169,2025-12-28,出席,[2526出席CSV] 請堂或補堂紀錄（老師填寫）: 范以喬12月暫停常規一個月
065d4b56-88e3-4063-91f1-4a4792add0c0,20f8b798-8513-4df7-85f4-bcc36d3e3169,2025-12-28,出席,
813935d3-09f3-4f8c-b633-6a3be4692649,20f8b798-8513-4df7-85f4-bcc36d3e3169,2025-12-28,出席,
b0107d72-413c-4e5b-94e0-0a4de1d14f6f,20f8b798-8513-4df7-85f4-bcc36d3e3169,2025-12-28,出席,
aeaa29b9-9ca0-43c5-954c-ee4757266a3c,20f8b798-8513-4df7-85f4-bcc36d3e3169,2025-12-28,出席,
065d4b56-88e3-4063-91f1-4a4792add0c0,ca098a4d-5d95-4846-9598-d76f112dd6ea,2025-12-28,出席,
813935d3-09f3-4f8c-b633-6a3be4692649,ca098a4d-5d95-4846-9598-d76f112dd6ea,2025-12-28,出席,
b0107d72-413c-4e5b-94e0-0a4de1d14f6f,ca098a4d-5d95-4846-9598-d76f112dd6ea,2025-12-28,出席,
aeaa29b9-9ca0-43c5-954c-ee4757266a3c,ca098a4d-5d95-4846-9598-d76f112dd6ea,2025-12-28,出席,
f93c9942-8f06-4354-9f95-30c01fd6b58d,ca098a4d-5d95-4846-9598-d76f112dd6ea,2025-12-28,出席,
ce8c4982-bf08-4213-86f7-99292a8f70ff,934f3f3a-5ba0-47a0-879a-3158e92416b8,2025-12-29,出席,
d8423166-450c-4632-a18f-1da678532886,934f3f3a-5ba0-47a0-879a-3158e92416b8,2025-12-29,出席,
879205e4-a499-445f-86ab-ff56f3569438,934f3f3a-5ba0-47a0-879a-3158e92416b8,2025-12-29,出席,
029ff376-ea0b-466e-8d78-6b71a4ca6e0e,7ad272a3-df88-42c9-bbac-0cbfdb4e9b60,2025-12-29,出席,
3e92f8a4-49ab-42e9-9687-e6735b26411e,7ad272a3-df88-42c9-bbac-0cbfdb4e9b60,2025-12-29,出席,
3e92f8a4-49ab-42e9-9687-e6735b26411e,d3bbaf3f-9465-443a-8507-19456e2e86c0,2025-12-29,出席,
15b93f72-82ce-4fbe-920c-ca0c96931b6a,2e46f56e-0265-4fae-84ff-5679015d5dba,2025-12-14,出席,[2526出席CSV] 請堂或補堂紀錄（老師填寫）: 陳肇希請假，改31／12補
ce174b57-1108-453b-bc60-f397ea0aacab,2e46f56e-0265-4fae-84ff-5679015d5dba,2025-12-14,出席,[2526出席CSV] 請堂或補堂紀錄（老師填寫）: 陳肇希請假，改31／12補
0ae337c5-615d-476e-9cb9-1544bbb8c439,2e46f56e-0265-4fae-84ff-5679015d5dba,2025-12-14,出席,[2526出席CSV] 請堂或補堂紀錄（老師填寫）: 陳肇希請假，改31／12補
d86901d2-1e2e-46b6-9f09-6f770bc683cb,2e46f56e-0265-4fae-84ff-5679015d5dba,2025-12-14,出席,[2526出席CSV] 請堂或補堂紀錄（老師填寫）: 陳肇希請假，改31／12補
0ffa3f51-02b3-4bf8-a87e-f843b5bb038c,2e46f56e-0265-4fae-84ff-5679015d5dba,2025-12-14,出席,[2526出席CSV] 請堂或補堂紀錄（老師填寫）: 陳肇希請假，改31／12補
395e0b9d-acc1-4ef8-97ea-5c3ab4eb1ac8,2e46f56e-0265-4fae-84ff-5679015d5dba,2025-12-14,出席,[2526出席CSV] 請堂或補堂紀錄（老師填寫）: 陳肇希請假，改31／12補
99d984ce-1e92-4741-9d2a-f6b588082de4,2e46f56e-0265-4fae-84ff-5679015d5dba,2025-12-14,出席,[2526出席CSV] 請堂或補堂紀錄（老師填寫）: 陳肇希請假，改31／12補
813935d3-09f3-4f8c-b633-6a3be4692649,e78ac7ea-67f8-4b15-86c4-445a29635b1f,2025-12-10,出席,
aeaa29b9-9ca0-43c5-954c-ee4757266a3c,e78ac7ea-67f8-4b15-86c4-445a29635b1f,2025-12-10,出席,
065d4b56-88e3-4063-91f1-4a4792add0c0,e78ac7ea-67f8-4b15-86c4-445a29635b1f,2025-12-10,出席,
0069abd3-f16d-4ed6-a7b9-1d531d527cf3,e78ac7ea-67f8-4b15-86c4-445a29635b1f,2025-12-10,出席,
108c284f-4f70-4689-a6c3-4af894eb74b4,ca098a4d-5d95-4846-9598-d76f112dd6ea,2025-12-07,出席,
c5ca6855-9331-4e61-af32-2d5dd9cd75cc,ca098a4d-5d95-4846-9598-d76f112dd6ea,2025-12-07,出席,
f93c9942-8f06-4354-9f95-30c01fd6b58d,ca098a4d-5d95-4846-9598-d76f112dd6ea,2025-12-07,出席,
b1d2933b-0459-4f85-9e0c-dd9eb0bc403a,43c054d8-e240-48f5-b386-c597ae30ca7d,2025-12-07,出席,
15b93f72-82ce-4fbe-920c-ca0c96931b6a,2e46f56e-0265-4fae-84ff-5679015d5dba,2025-12-07,出席,
b81410b2-eb80-4af4-8d00-528ce073d5bd,2e46f56e-0265-4fae-84ff-5679015d5dba,2025-12-07,出席,
ce174b57-1108-453b-bc60-f397ea0aacab,2e46f56e-0265-4fae-84ff-5679015d5dba,2025-12-07,出席,
0ae337c5-615d-476e-9cb9-1544bbb8c439,2e46f56e-0265-4fae-84ff-5679015d5dba,2025-12-07,出席,
d86901d2-1e2e-46b6-9f09-6f770bc683cb,2e46f56e-0265-4fae-84ff-5679015d5dba,2025-12-07,出席,
0ffa3f51-02b3-4bf8-a87e-f843b5bb038c,2e46f56e-0265-4fae-84ff-5679015d5dba,2025-12-07,出席,
395e0b9d-acc1-4ef8-97ea-5c3ab4eb1ac8,2e46f56e-0265-4fae-84ff-5679015d5dba,2025-12-07,出席,
99d984ce-1e92-4741-9d2a-f6b588082de4,2e46f56e-0265-4fae-84ff-5679015d5dba,2025-12-07,出席,
b1d2933b-0459-4f85-9e0c-dd9eb0bc403a,43c054d8-e240-48f5-b386-c597ae30ca7d,2025-12-14,出席,
d8423166-450c-4632-a18f-1da678532886,43c054d8-e240-48f5-b386-c597ae30ca7d,2025-12-14,出席,
108c284f-4f70-4689-a6c3-4af894eb74b4,ca098a4d-5d95-4846-9598-d76f112dd6ea,2025-12-14,出席,
c5ca6855-9331-4e61-af32-2d5dd9cd75cc,ca098a4d-5d95-4846-9598-d76f112dd6ea,2025-12-14,出席,
f93c9942-8f06-4354-9f95-30c01fd6b58d,ca098a4d-5d95-4846-9598-d76f112dd6ea,2025-12-14,出席,
15b93f72-82ce-4fbe-920c-ca0c96931b6a,2e46f56e-0265-4fae-84ff-5679015d5dba,2025-12-28,出席,
b81410b2-eb80-4af4-8d00-528ce073d5bd,2e46f56e-0265-4fae-84ff-5679015d5dba,2025-12-28,出席,
ce174b57-1108-453b-bc60-f397ea0aacab,2e46f56e-0265-4fae-84ff-5679015d5dba,2025-12-28,出席,
0ae337c5-615d-476e-9cb9-1544bbb8c439,2e46f56e-0265-4fae-84ff-5679015d5dba,2025-12-28,出席,
0ffa3f51-02b3-4bf8-a87e-f843b5bb038c,2e46f56e-0265-4fae-84ff-5679015d5dba,2025-12-28,出席,
395e0b9d-acc1-4ef8-97ea-5c3ab4eb1ac8,2e46f56e-0265-4fae-84ff-5679015d5dba,2025-12-28,出席,
99d984ce-1e92-4741-9d2a-f6b588082de4,2e46f56e-0265-4fae-84ff-5679015d5dba,2025-12-28,出席,
f98aacc3-3dcb-477c-be80-50e4286a8c4a,9d18b4f6-a4f5-4029-abb0-5c8926e16d19,2025-12-24,出席,
a44e6718-427b-43d1-93de-1e34ba3c4535,9d18b4f6-a4f5-4029-abb0-5c8926e16d19,2025-12-24,出席,
f98aacc3-3dcb-477c-be80-50e4286a8c4a,9d18b4f6-a4f5-4029-abb0-5c8926e16d19,2025-12-31,出席,
a44e6718-427b-43d1-93de-1e34ba3c4535,9d18b4f6-a4f5-4029-abb0-5c8926e16d19,2025-12-31,出席,
065d4b56-88e3-4063-91f1-4a4792add0c0,e78ac7ea-67f8-4b15-86c4-445a29635b1f,2025-12-30,出席,
065d4b56-88e3-4063-91f1-4a4792add0c0,b636d4f0-c3f7-4d12-b2cc-f432ee520251,2025-12-30,出席,
c6cdae79-baa1-425e-8345-976e45c84315,717fc491-c5c3-4e59-a48a-ecaf23d168b5,2026-01-08,出席,[2526出席CSV] 教學紀錄: #LKS 2122 F2 1st term exam paper II
86d25c49-66d0-406b-a725-5b4973f21df3,717fc491-c5c3-4e59-a48a-ecaf23d168b5,2026-01-08,出席,[2526出席CSV] 教學紀錄: #LKS 2122 F2 1st term exam paper II
17575f59-9a5a-4d56-8e46-b75c6c2ae37c,717fc491-c5c3-4e59-a48a-ecaf23d168b5,2026-01-08,出席,[2526出席CSV] 教學紀錄: #LKS 2122 F2 1st term exam paper II
0390c81e-b8b3-4d1e-a0f0-b2cdaae2c6a9,717fc491-c5c3-4e59-a48a-ecaf23d168b5,2026-01-08,出席,[2526出席CSV] 教學紀錄: #LKS 2122 F2 1st term exam paper II
bb8803c5-0b02-47ee-afc6-af3d0240705c,717fc491-c5c3-4e59-a48a-ecaf23d168b5,2026-01-08,出席,[2526出席CSV] 教學紀錄: #LKS 2122 F2 1st term exam paper II
47b7153c-1393-4bdf-bed2-47640213ec5e,1c46b037-f332-4eb0-9540-5f04a052570b,2026-01-08,出席,
f4317920-332c-445a-930d-7a5c230051e8,1c46b037-f332-4eb0-9540-5f04a052570b,2026-01-08,出席,[2526出席CSV] 教學紀錄: Puikei 1920 Exam1 Mathematics S4 Paper2 Question Paper | 請堂或補堂紀錄（老師填寫）: 王晴怡skip
db2d4d1b-7b41-461f-bd22-8b86e0e27014,1c46b037-f332-4eb0-9540-5f04a052570b,2026-01-08,出席,[2526出席CSV] 教學紀錄: Puikei 1920 Exam1 Mathematics S4 Paper2 Question Paper | 請堂或補堂紀錄（老師填寫）: 王晴怡skip
65443d7d-dd95-4dcf-8ab3-287e19edbf76,1c46b037-f332-4eb0-9540-5f04a052570b,2026-01-08,出席,[2526出席CSV] 教學紀錄: Puikei 1920 Exam1 Mathematics S4 Paper2 Question Paper | 請堂或補堂紀錄（老師填寫）: 王晴怡skip
17575f59-9a5a-4d56-8e46-b75c6c2ae37c,1c46b037-f332-4eb0-9540-5f04a052570b,2026-01-08,出席,[2526出席CSV] 教學紀錄: Puikei 1920 Exam1 Mathematics S4 Paper2 Question Paper | 請堂或補堂紀錄（老師填寫）: 王晴怡skip
dde027ee-458a-48b6-88d9-f1ec6d819698,8e8dfabf-f571-4230-987a-53e717e9614a,2026-01-08,出席,
813935d3-09f3-4f8c-b633-6a3be4692649,8e8dfabf-f571-4230-987a-53e717e9614a,2026-01-08,出席,
154bec19-0f58-47ee-9a40-1d33ff0e0f2a,8e8dfabf-f571-4230-987a-53e717e9614a,2026-01-08,出席,
082ae102-2471-45f5-b1c7-676e2743dca3,8e8dfabf-f571-4230-987a-53e717e9614a,2026-01-08,出席,
f4317920-332c-445a-930d-7a5c230051e8,807945d5-5ceb-4343-a937-48c34478341a,2026-01-07,出席,
ce174b57-1108-453b-bc60-f397ea0aacab,51696dbe-1d38-4112-9859-29ecb25d5a6d,2026-01-07,出席,
0ffa3f51-02b3-4bf8-a87e-f843b5bb038c,51696dbe-1d38-4112-9859-29ecb25d5a6d,2026-01-07,出席,
f13c6165-aeeb-4791-ba10-a2de49b58f49,51696dbe-1d38-4112-9859-29ecb25d5a6d,2026-01-07,出席,
0ae337c5-615d-476e-9cb9-1544bbb8c439,51696dbe-1d38-4112-9859-29ecb25d5a6d,2026-01-07,出席,
6febe4d0-557d-48a2-b283-07963139d5c3,0fc0070f-98b1-49af-869d-4a5ce0776428,2026-01-09,出席,[2526出席CSV] 教學紀錄: VC 18-F5-2 paper 1&2 | 請堂或補堂紀錄（老師填寫）: 羅兆斐、朱振軒(補30/11)
35893dd5-f77e-4ef4-b6b2-4baabb14f357,0fc0070f-98b1-49af-869d-4a5ce0776428,2026-01-09,出席,[2526出席CSV] 教學紀錄: VC 18-F5-2 paper 1&2 | 請堂或補堂紀錄（老師填寫）: 羅兆斐、朱振軒(補30/11)
20361dec-731e-4c2f-bf0b-0b8f474361ff,0fc0070f-98b1-49af-869d-4a5ce0776428,2026-01-09,出席,[2526出席CSV] 教學紀錄: VC 18-F5-2 paper 1&2 | 請堂或補堂紀錄（老師填寫）: 羅兆斐、朱振軒(補30/11)
aeaa29b9-9ca0-43c5-954c-ee4757266a3c,0fc0070f-98b1-49af-869d-4a5ce0776428,2026-01-09,出席,[2526出席CSV] 教學紀錄: VC 18-F5-2 paper 1&2 | 請堂或補堂紀錄（老師填寫）: 羅兆斐、朱振軒(補30/11)
f93c9942-8f06-4354-9f95-30c01fd6b58d,0fc0070f-98b1-49af-869d-4a5ce0776428,2026-01-09,出席,[2526出席CSV] 教學紀錄: VC 18-F5-2 paper 1&2 | 請堂或補堂紀錄（老師填寫）: 羅兆斐、朱振軒(補30/11)
b1d2933b-0459-4f85-9e0c-dd9eb0bc403a,21627141-68b0-4be0-a072-8cc7c4878654,2026-01-10,出席,
c6cdae79-baa1-425e-8345-976e45c84315,21627141-68b0-4be0-a072-8cc7c4878654,2026-01-10,出席,
5707f4fb-4f63-4098-86d8-8682033e5859,36de22e8-74e0-41e0-af01-a6cfaf72651f,2026-01-10,出席,
95b040a2-1f06-412a-83f4-7364392bd70b,4afcd2a6-b089-4010-b02c-8d36924eaebb,2026-01-10,出席,
1aec3c09-5e7b-40a3-86f6-175d0a65e39e,4afcd2a6-b089-4010-b02c-8d36924eaebb,2026-01-10,出席,
1a034fbe-7be1-4a3a-954a-0e6e371cd52f,6e0c9d6f-029a-4966-9612-6a580ba54aeb,2026-01-10,出席,
879205e4-a499-445f-86ab-ff56f3569438,6e0c9d6f-029a-4966-9612-6a580ba54aeb,2026-01-10,出席,
025a1e5d-1af3-4ca9-bb2e-42e636b03ffb,0ad6a2f9-a31f-4e3b-a04a-d23c3cd1e405,2026-01-10,出席,
058ed296-1bba-4bd0-8e6e-482d585fabdd,0ad6a2f9-a31f-4e3b-a04a-d23c3cd1e405,2026-01-10,出席,"[2526出席CSV] 教學紀錄: finished AV revision, 下堂圓形S6D06_F"
223038a1-164b-482a-9408-1007dc373467,e4aa21ce-1d5e-4e6a-b13a-6e274a27a1d2,2026-01-10,出席,[2526出席CSV] 教學紀錄: cont Queens 20-21 P1
e850f4ce-0e20-4280-9d14-b5f85b39dcdc,aaa3f0f8-bb13-4442-8e4f-27a4327f9f75,2026-01-09,出席,[2526出席CSV] 請堂或補堂紀錄（老師填寫）: 本來應影片補堂，但技術問題無法播片
915602a6-c807-465f-9d8f-f66f5f070ce9,aaa3f0f8-bb13-4442-8e4f-27a4327f9f75,2026-01-09,出席,[2526出席CSV] 請堂或補堂紀錄（老師填寫）: 本來應影片補堂，但技術問題無法播片
0b656f33-268d-4d21-a49f-a37818134fa2,4669cf9a-0d02-450a-a0be-3b8907764d56,2026-01-10,出席,
bb8803c5-0b02-47ee-afc6-af3d0240705c,4669cf9a-0d02-450a-a0be-3b8907764d56,2026-01-10,出席,
521bdfcb-74ff-4166-9e6f-5721ac1650f4,4669cf9a-0d02-450a-a0be-3b8907764d56,2026-01-10,出席,
7a68bb12-3c7e-4a6e-918d-99caa4f3427a,4669cf9a-0d02-450a-a0be-3b8907764d56,2026-01-10,出席,
5174ab4c-3cf9-4640-97c8-78dd6f83c44e,43aab94a-c3d2-4647-abbb-244d9ae970aa,2026-01-10,出席,[2526出席CSV] 請堂或補堂紀錄（老師填寫）: 昭儀請假，考慮16/1補堂
c5ca6855-9331-4e61-af32-2d5dd9cd75cc,43aab94a-c3d2-4647-abbb-244d9ae970aa,2026-01-10,出席,[2526出席CSV] 請堂或補堂紀錄（老師填寫）: 昭儀請假，考慮16/1補堂
d9b18c83-41c2-4e39-94f9-95513e096c39,43aab94a-c3d2-4647-abbb-244d9ae970aa,2026-01-10,出席,[2526出席CSV] 請堂或補堂紀錄（老師填寫）: 昭儀請假，考慮16/1補堂
382678a3-797c-49e1-b2ec-f04c21d3d6b3,43aab94a-c3d2-4647-abbb-244d9ae970aa,2026-01-10,出席,[2526出席CSV] 請堂或補堂紀錄（老師填寫）: 昭儀請假，考慮16/1補堂
f93c9942-8f06-4354-9f95-30c01fd6b58d,43aab94a-c3d2-4647-abbb-244d9ae970aa,2026-01-10,出席,[2526出席CSV] 請堂或補堂紀錄（老師填寫）: 昭儀請假，考慮16/1補堂
154bec19-0f58-47ee-9a40-1d33ff0e0f2a,370475e2-9a1e-4778-84b1-d097b4133f93,2026-01-10,出席,[2526出席CSV] 教學紀錄: soin 2020 P2 Q1-30
411f1dad-c0d2-4205-b84e-3f342ee5c54c,370475e2-9a1e-4778-84b1-d097b4133f93,2026-01-10,出席,[2526出席CSV] 教學紀錄: soin 2020 P2 Q1-30
a09f0716-e546-4db0-aa69-30ff70ae6fb1,370475e2-9a1e-4778-84b1-d097b4133f93,2026-01-10,出席,[2526出席CSV] 教學紀錄: soin 2020 P2 Q1-30
a50f0a8f-6112-4444-9d65-f1eb29b6968f,370475e2-9a1e-4778-84b1-d097b4133f93,2026-01-10,出席,[2526出席CSV] 教學紀錄: soin 2020 P2 Q1-30
cc09b6ef-d2b0-437b-9d42-c2f65d9b0959,370475e2-9a1e-4778-84b1-d097b4133f93,2026-01-10,出席,[2526出席CSV] 教學紀錄: soin 2020 P2 Q1-30
813935d3-09f3-4f8c-b633-6a3be4692649,167607d0-b816-4485-9030-ff617f8b4382,2026-01-10,出席,[2526出席CSV] 教學紀錄: S5 1st Term Revision QB
c5ca6855-9331-4e61-af32-2d5dd9cd75cc,167607d0-b816-4485-9030-ff617f8b4382,2026-01-10,出席,[2526出席CSV] 教學紀錄: S5 1st Term Revision QB
aeaa29b9-9ca0-43c5-954c-ee4757266a3c,167607d0-b816-4485-9030-ff617f8b4382,2026-01-10,出席,[2526出席CSV] 教學紀錄: S5 1st Term Revision QB
f93c9942-8f06-4354-9f95-30c01fd6b58d,167607d0-b816-4485-9030-ff617f8b4382,2026-01-10,出席,[2526出席CSV] 教學紀錄: S5 1st Term Revision QB
3f44050b-d295-4ed4-ae90-6f58eafdcccd,167607d0-b816-4485-9030-ff617f8b4382,2026-01-10,出席,[2526出席CSV] 教學紀錄: S5 1st Term Revision QB
28396f5a-c066-43bf-bcc6-cfd4fee72e92,e45bc7fb-1ce4-4f71-b50b-601791a48a9a,2026-01-10,出席,
5214a841-39c8-4805-8720-c20a7f202d98,e45bc7fb-1ce4-4f71-b50b-601791a48a9a,2026-01-10,出席,
4ddd2ba1-1d17-46e8-b9c3-11c38a584254,e45bc7fb-1ce4-4f71-b50b-601791a48a9a,2026-01-10,出席,
e937c6a5-9116-44f3-a203-318c48fa6aec,f3f6f42a-90e4-4bf2-b92b-3f12416db9f3,2026-01-04,出席,
ae179fbf-9d71-4bfa-90e5-1326f5c05087,f3f6f42a-90e4-4bf2-b92b-3f12416db9f3,2026-01-04,出席,
be92832a-1bb7-46db-ac6e-831f5503f4e6,f3f6f42a-90e4-4bf2-b92b-3f12416db9f3,2026-01-04,出席,
b173bc1e-153d-4ef7-9ed6-a36be060319c,94194de7-9fd3-4c44-9b29-0030c7616f08,2026-01-10,出席,[2526出席CSV] 教學紀錄: QB ws
96cd39e1-d5c1-4994-b5a9-58e9cddfe5bf,94194de7-9fd3-4c44-9b29-0030c7616f08,2026-01-10,出席,[2526出席CSV] 教學紀錄: QB ws
97f16885-242d-47f8-bc22-f80468c8fb70,94194de7-9fd3-4c44-9b29-0030c7616f08,2026-01-10,出席,[2526出席CSV] 教學紀錄: QB ws
3e92f8a4-49ab-42e9-9687-e6735b26411e,94194de7-9fd3-4c44-9b29-0030c7616f08,2026-01-10,出席,[2526出席CSV] 教學紀錄: QB ws
f13c6165-aeeb-4791-ba10-a2de49b58f49,94194de7-9fd3-4c44-9b29-0030c7616f08,2026-01-10,出席,[2526出席CSV] 教學紀錄: QB ws
40740569-ed26-4b9c-9bca-1afb6eb920ab,94194de7-9fd3-4c44-9b29-0030c7616f08,2026-01-10,出席,[2526出席CSV] 教學紀錄: QB ws
ba7d09f2-5167-4418-b5ad-a83d20c67c63,529c3dc8-81dd-44e2-a849-061c93f73d0b,2026-01-11,出席,
02bb5dac-c1fd-43a6-aa6b-0544929c0672,529c3dc8-81dd-44e2-a849-061c93f73d0b,2026-01-11,出席,
8fd4f614-b322-4785-967c-daa035605150,529c3dc8-81dd-44e2-a849-061c93f73d0b,2026-01-11,出席,
813935d3-09f3-4f8c-b633-6a3be4692649,4f7902da-2259-40bf-af6a-87f3aaa40d68,2026-01-11,出席,
0d708d45-f2c3-4edc-bf6e-f11f4f37abc0,4b932585-aee6-4d85-8d4f-53045a4ffdb5,2026-01-09,出席,
db303f37-2f92-4c35-8a7d-dd8773d1507a,4b932585-aee6-4d85-8d4f-53045a4ffdb5,2026-01-09,出席,
fa7e5572-9889-486d-9ea6-29d17ce33e4f,cf2ed201-b3bf-45cc-ac38-011bd14d1c57,2026-01-09,出席,
b09a62d4-58b0-4ba8-a413-6263a03eec8c,cf2ed201-b3bf-45cc-ac38-011bd14d1c57,2026-01-09,出席,
8b67097c-4edf-4e5a-b370-a2972e4322ef,cf2ed201-b3bf-45cc-ac38-011bd14d1c57,2026-01-09,出席,
fc090614-5e34-4daf-b367-62b79b3ecb57,cf2ed201-b3bf-45cc-ac38-011bd14d1c57,2026-01-09,出席,
0ae337c5-615d-476e-9cb9-1544bbb8c439,1aad19f0-38ce-4787-9fbf-fa92d4774e0f,2026-01-11,出席,
5174ab4c-3cf9-4640-97c8-78dd6f83c44e,730ca500-137f-4c89-86d1-c835bd0c0273,2026-01-11,出席,
1a034fbe-7be1-4a3a-954a-0e6e371cd52f,f3f6f42a-90e4-4bf2-b92b-3f12416db9f3,2026-01-11,出席,
154bec19-0f58-47ee-9a40-1d33ff0e0f2a,1c610853-1733-40ad-90ed-5085baaea561,2026-01-11,出席,
411f1dad-c0d2-4205-b84e-3f342ee5c54c,1c610853-1733-40ad-90ed-5085baaea561,2026-01-11,出席,
1a034fbe-7be1-4a3a-954a-0e6e371cd52f,4afcd2a6-b089-4010-b02c-8d36924eaebb,2026-01-11,出席,
47b7153c-1393-4bdf-bed2-47640213ec5e,7ad272a3-df88-42c9-bbac-0cbfdb4e9b60,2026-01-12,出席,
915602a6-c807-465f-9d8f-f66f5f070ce9,68e5db0d-0d0d-4b30-8b5c-24f9b3f56f73,2026-01-10,出席,
154bec19-0f58-47ee-9a40-1d33ff0e0f2a,68e5db0d-0d0d-4b30-8b5c-24f9b3f56f73,2026-01-10,出席,
d86901d2-1e2e-46b6-9f09-6f770bc683cb,68e5db0d-0d0d-4b30-8b5c-24f9b3f56f73,2026-01-10,出席,
f98aacc3-3dcb-477c-be80-50e4286a8c4a,68e5db0d-0d0d-4b30-8b5c-24f9b3f56f73,2026-01-10,出席,
a44e6718-427b-43d1-93de-1e34ba3c4535,68e5db0d-0d0d-4b30-8b5c-24f9b3f56f73,2026-01-10,出席,
5707f4fb-4f63-4098-86d8-8682033e5859,68e5db0d-0d0d-4b30-8b5c-24f9b3f56f73,2026-01-10,出席,
7ae2fc5c-ab2b-4dc5-80ad-328c43d53619,68e5db0d-0d0d-4b30-8b5c-24f9b3f56f73,2026-01-10,出席,
411f1dad-c0d2-4205-b84e-3f342ee5c54c,68e5db0d-0d0d-4b30-8b5c-24f9b3f56f73,2026-01-10,出席,
058ed296-1bba-4bd0-8e6e-482d585fabdd,36de22e8-74e0-41e0-af01-a6cfaf72651f,2025-12-13,出席,
058ed296-1bba-4bd0-8e6e-482d585fabdd,dbdc70bd-3489-45f5-bb5c-618c378bfec4,2026-01-10,出席,
301a4b5e-c55d-4b4d-91d7-0bc05aada67d,5563dfc9-cbb2-4dfb-8cc5-f3709ce0cb76,2026-01-09,出席,[2526出席CSV] 請堂或補堂紀錄（老師填寫）: 陳卓賢補3/1 袁卓楠Video
a44e6718-427b-43d1-93de-1e34ba3c4535,5563dfc9-cbb2-4dfb-8cc5-f3709ce0cb76,2026-01-09,出席,[2526出席CSV] 請堂或補堂紀錄（老師填寫）: 陳卓賢補3/1 袁卓楠Video
174c983e-7ecf-432d-acc7-c60d0fa48623,5563dfc9-cbb2-4dfb-8cc5-f3709ce0cb76,2026-01-09,出席,[2526出席CSV] 請堂或補堂紀錄（老師填寫）: 陳卓賢補3/1 袁卓楠Video
0ffa3f51-02b3-4bf8-a87e-f843b5bb038c,5563dfc9-cbb2-4dfb-8cc5-f3709ce0cb76,2026-01-09,出席,[2526出席CSV] 請堂或補堂紀錄（老師填寫）: 陳卓賢補3/1 袁卓楠Video
395e0b9d-acc1-4ef8-97ea-5c3ab4eb1ac8,5563dfc9-cbb2-4dfb-8cc5-f3709ce0cb76,2026-01-09,出席,[2526出席CSV] 請堂或補堂紀錄（老師填寫）: 陳卓賢補3/1 袁卓楠Video
ce174b57-1108-453b-bc60-f397ea0aacab,5563dfc9-cbb2-4dfb-8cc5-f3709ce0cb76,2026-01-09,出席,[2526出席CSV] 請堂或補堂紀錄（老師填寫）: 陳卓賢補3/1 袁卓楠Video
154bec19-0f58-47ee-9a40-1d33ff0e0f2a,5563dfc9-cbb2-4dfb-8cc5-f3709ce0cb76,2026-01-09,出席,[2526出席CSV] 請堂或補堂紀錄（老師填寫）: 陳卓賢補3/1 袁卓楠Video
ce174b57-1108-453b-bc60-f397ea0aacab,51696dbe-1d38-4112-9859-29ecb25d5a6d,2026-01-14,出席,
0ffa3f51-02b3-4bf8-a87e-f843b5bb038c,51696dbe-1d38-4112-9859-29ecb25d5a6d,2026-01-14,出席,
f13c6165-aeeb-4791-ba10-a2de49b58f49,51696dbe-1d38-4112-9859-29ecb25d5a6d,2026-01-14,出席,
0ae337c5-615d-476e-9cb9-1544bbb8c439,51696dbe-1d38-4112-9859-29ecb25d5a6d,2026-01-14,出席,
c6cdae79-baa1-425e-8345-976e45c84315,717fc491-c5c3-4e59-a48a-ecaf23d168b5,2026-01-15,出席,[2526出席CSV] 教學紀錄: Assign surd + pytha | 請堂或補堂紀錄（老師填寫）: 鄧宇童提早11/1 上Tim課
86d25c49-66d0-406b-a725-5b4973f21df3,717fc491-c5c3-4e59-a48a-ecaf23d168b5,2026-01-15,出席,[2526出席CSV] 教學紀錄: Assign surd + pytha | 請堂或補堂紀錄（老師填寫）: 鄧宇童提早11/1 上Tim課
0390c81e-b8b3-4d1e-a0f0-b2cdaae2c6a9,717fc491-c5c3-4e59-a48a-ecaf23d168b5,2026-01-15,出席,[2526出席CSV] 教學紀錄: Assign surd + pytha | 請堂或補堂紀錄（老師填寫）: 鄧宇童提早11/1 上Tim課
bb8803c5-0b02-47ee-afc6-af3d0240705c,717fc491-c5c3-4e59-a48a-ecaf23d168b5,2026-01-15,出席,[2526出席CSV] 教學紀錄: Assign surd + pytha | 請堂或補堂紀錄（老師填寫）: 鄧宇童提早11/1 上Tim課
bdf4ef17-29f2-4d92-8ea9-ab06b9e47f1d,5563dfc9-cbb2-4dfb-8cc5-f3709ce0cb76,2026-01-16,出席,
f11cc305-e7d8-4296-a524-421d7d53212f,5563dfc9-cbb2-4dfb-8cc5-f3709ce0cb76,2026-01-16,出席,
915602a6-c807-465f-9d8f-f66f5f070ce9,aaa3f0f8-bb13-4442-8e4f-27a4327f9f75,2026-01-16,出席,[2526出席CSV] 請堂或補堂紀錄（老師填寫）: 陳煒傑影片補堂
174c983e-7ecf-432d-acc7-c60d0fa48623,aaa3f0f8-bb13-4442-8e4f-27a4327f9f75,2026-01-16,出席,[2526出席CSV] 請堂或補堂紀錄（老師填寫）: 陳煒傑影片補堂
db2d4d1b-7b41-461f-bd22-8b86e0e27014,aaa3f0f8-bb13-4442-8e4f-27a4327f9f75,2026-01-16,出席,[2526出席CSV] 請堂或補堂紀錄（老師填寫）: 陳煒傑影片補堂
d0490601-ab06-4b2f-b3e3-6e06007665c9,acc8f2a0-e390-4569-bd1c-494cc176fb84,2026-01-15,出席,
c6cdae79-baa1-425e-8345-976e45c84315,21627141-68b0-4be0-a072-8cc7c4878654,2026-01-17,出席,
2f2cbe75-b1a6-4235-b2f5-05fc3a752aa6,36de22e8-74e0-41e0-af01-a6cfaf72651f,2026-01-17,出席,[2526出席CSV] 教學紀錄: lau zoom
5707f4fb-4f63-4098-86d8-8682033e5859,36de22e8-74e0-41e0-af01-a6cfaf72651f,2026-01-17,出席,[2526出席CSV] 教學紀錄: lau zoom
1a034fbe-7be1-4a3a-954a-0e6e371cd52f,6e0c9d6f-029a-4966-9612-6a580ba54aeb,2026-01-17,出席,
879205e4-a499-445f-86ab-ff56f3569438,6e0c9d6f-029a-4966-9612-6a580ba54aeb,2026-01-17,出席,
95b040a2-1f06-412a-83f4-7364392bd70b,4afcd2a6-b089-4010-b02c-8d36924eaebb,2026-01-17,出席,
1aec3c09-5e7b-40a3-86f6-175d0a65e39e,4afcd2a6-b089-4010-b02c-8d36924eaebb,2026-01-17,出席,
47b7153c-1393-4bdf-bed2-47640213ec5e,1c610853-1733-40ad-90ed-5085baaea561,2026-01-15,出席,
025a1e5d-1af3-4ca9-bb2e-42e636b03ffb,0ad6a2f9-a31f-4e3b-a04a-d23c3cd1e405,2026-01-17,出席,
550ef8fa-8579-42a7-904c-e634a697ae5c,e4aa21ce-1d5e-4e6a-b13a-6e274a27a1d2,2026-01-17,出席,
915602a6-c807-465f-9d8f-f66f5f070ce9,68e5db0d-0d0d-4b30-8b5c-24f9b3f56f73,2026-01-17,出席,
154bec19-0f58-47ee-9a40-1d33ff0e0f2a,68e5db0d-0d0d-4b30-8b5c-24f9b3f56f73,2026-01-17,出席,
d86901d2-1e2e-46b6-9f09-6f770bc683cb,68e5db0d-0d0d-4b30-8b5c-24f9b3f56f73,2026-01-17,出席,
f98aacc3-3dcb-477c-be80-50e4286a8c4a,68e5db0d-0d0d-4b30-8b5c-24f9b3f56f73,2026-01-17,出席,
a44e6718-427b-43d1-93de-1e34ba3c4535,68e5db0d-0d0d-4b30-8b5c-24f9b3f56f73,2026-01-17,出席,
5707f4fb-4f63-4098-86d8-8682033e5859,68e5db0d-0d0d-4b30-8b5c-24f9b3f56f73,2026-01-17,出席,
7ae2fc5c-ab2b-4dc5-80ad-328c43d53619,68e5db0d-0d0d-4b30-8b5c-24f9b3f56f73,2026-01-17,出席,
411f1dad-c0d2-4205-b84e-3f342ee5c54c,68e5db0d-0d0d-4b30-8b5c-24f9b3f56f73,2026-01-17,出席,
5eaf6c4a-eb16-4992-948d-641652fe639f,7ad272a3-df88-42c9-bbac-0cbfdb4e9b60,2025-12-15,出席,
28396f5a-c066-43bf-bcc6-cfd4fee72e92,e45bc7fb-1ce4-4f71-b50b-601791a48a9a,2026-01-17,出席,
5214a841-39c8-4805-8720-c20a7f202d98,e45bc7fb-1ce4-4f71-b50b-601791a48a9a,2026-01-17,出席,
4ddd2ba1-1d17-46e8-b9c3-11c38a584254,e45bc7fb-1ce4-4f71-b50b-601791a48a9a,2026-01-17,出席,
ce8c4982-bf08-4213-86f7-99292a8f70ff,e45bc7fb-1ce4-4f71-b50b-601791a48a9a,2026-01-17,出席,
d0490601-ab06-4b2f-b3e3-6e06007665c9,acc8f2a0-e390-4569-bd1c-494cc176fb84,2026-01-17,出席,
301a4b5e-c55d-4b4d-91d7-0bc05aada67d,5563dfc9-cbb2-4dfb-8cc5-f3709ce0cb76,2026-01-16,出席,[2526出席CSV] 教學紀錄: 2015-2016 學友社P1 | 請堂或補堂紀錄（老師填寫）: 李映進網課，袁卓楠video
a44e6718-427b-43d1-93de-1e34ba3c4535,5563dfc9-cbb2-4dfb-8cc5-f3709ce0cb76,2026-01-16,出席,[2526出席CSV] 教學紀錄: 2015-2016 學友社P1 | 請堂或補堂紀錄（老師填寫）: 李映進網課，袁卓楠video
174c983e-7ecf-432d-acc7-c60d0fa48623,5563dfc9-cbb2-4dfb-8cc5-f3709ce0cb76,2026-01-16,出席,[2526出席CSV] 教學紀錄: 2015-2016 學友社P1 | 請堂或補堂紀錄（老師填寫）: 李映進網課，袁卓楠video
0ffa3f51-02b3-4bf8-a87e-f843b5bb038c,5563dfc9-cbb2-4dfb-8cc5-f3709ce0cb76,2026-01-16,出席,[2526出席CSV] 教學紀錄: 2015-2016 學友社P1 | 請堂或補堂紀錄（老師填寫）: 李映進網課，袁卓楠video
ce174b57-1108-453b-bc60-f397ea0aacab,5563dfc9-cbb2-4dfb-8cc5-f3709ce0cb76,2026-01-16,出席,[2526出席CSV] 教學紀錄: 2015-2016 學友社P1 | 請堂或補堂紀錄（老師填寫）: 李映進網課，袁卓楠video
395e0b9d-acc1-4ef8-97ea-5c3ab4eb1ac8,5563dfc9-cbb2-4dfb-8cc5-f3709ce0cb76,2026-01-16,出席,[2526出席CSV] 教學紀錄: 2015-2016 學友社P1 | 請堂或補堂紀錄（老師填寫）: 李映進網課，袁卓楠video
058ed296-1bba-4bd0-8e6e-482d585fabdd,156e4f4b-99d6-41ea-b6c6-b17eb7d97bd5,2026-01-17,出席,[2526出席CSV] 教學紀錄: 2025 DSE P2 Q1-18
223038a1-164b-482a-9408-1007dc373467,e4aa21ce-1d5e-4e6a-b13a-6e274a27a1d2,2026-01-17,出席,"[2526出席CSV] 教學紀錄: Cont Queens mock P1 A2 finished Assign 2025 MCQ Q1-6,下堂繼續"
154bec19-0f58-47ee-9a40-1d33ff0e0f2a,370475e2-9a1e-4778-84b1-d097b4133f93,2026-01-17,出席,[2526出席CSV] 教學紀錄: 2025 DSE P2 Q35-45未解，Soin 2019未解
411f1dad-c0d2-4205-b84e-3f342ee5c54c,370475e2-9a1e-4778-84b1-d097b4133f93,2026-01-17,出席,[2526出席CSV] 教學紀錄: 2025 DSE P2 Q35-45未解，Soin 2019未解
a09f0716-e546-4db0-aa69-30ff70ae6fb1,370475e2-9a1e-4778-84b1-d097b4133f93,2026-01-17,出席,[2526出席CSV] 教學紀錄: 2025 DSE P2 Q35-45未解，Soin 2019未解
a50f0a8f-6112-4444-9d65-f1eb29b6968f,370475e2-9a1e-4778-84b1-d097b4133f93,2026-01-17,出席,[2526出席CSV] 教學紀錄: 2025 DSE P2 Q35-45未解，Soin 2019未解
cc09b6ef-d2b0-437b-9d42-c2f65d9b0959,370475e2-9a1e-4778-84b1-d097b4133f93,2026-01-17,出席,[2526出席CSV] 教學紀錄: 2025 DSE P2 Q35-45未解，Soin 2019未解
813935d3-09f3-4f8c-b633-6a3be4692649,167607d0-b816-4485-9030-ff617f8b4382,2026-01-17,出席,"[2526出席CSV] 教學紀錄: Shift graph finished, 下堂操卷shift graph | 請堂或補堂紀錄（老師填寫）: 曾穎補16/1"
c5ca6855-9331-4e61-af32-2d5dd9cd75cc,167607d0-b816-4485-9030-ff617f8b4382,2026-01-17,出席,"[2526出席CSV] 教學紀錄: Shift graph finished, 下堂操卷shift graph | 請堂或補堂紀錄（老師填寫）: 曾穎補16/1"
aeaa29b9-9ca0-43c5-954c-ee4757266a3c,167607d0-b816-4485-9030-ff617f8b4382,2026-01-17,出席,"[2526出席CSV] 教學紀錄: Shift graph finished, 下堂操卷shift graph | 請堂或補堂紀錄（老師填寫）: 曾穎補16/1"
f93c9942-8f06-4354-9f95-30c01fd6b58d,167607d0-b816-4485-9030-ff617f8b4382,2026-01-17,出席,"[2526出席CSV] 教學紀錄: Shift graph finished, 下堂操卷shift graph | 請堂或補堂紀錄（老師填寫）: 曾穎補16/1"
3f44050b-d295-4ed4-ae90-6f58eafdcccd,167607d0-b816-4485-9030-ff617f8b4382,2026-01-17,出席,"[2526出席CSV] 教學紀錄: Shift graph finished, 下堂操卷shift graph | 請堂或補堂紀錄（老師填寫）: 曾穎補16/1"
6febe4d0-557d-48a2-b283-07963139d5c3,167607d0-b816-4485-9030-ff617f8b4382,2026-01-17,出席,"[2526出席CSV] 教學紀錄: Shift graph finished, 下堂操卷shift graph | 請堂或補堂紀錄（老師填寫）: 曾穎補16/1"
20361dec-731e-4c2f-bf0b-0b8f474361ff,167607d0-b816-4485-9030-ff617f8b4382,2026-01-17,出席,"[2526出席CSV] 教學紀錄: Shift graph finished, 下堂操卷shift graph | 請堂或補堂紀錄（老師填寫）: 曾穎補16/1"
b173bc1e-153d-4ef7-9ed6-a36be060319c,94194de7-9fd3-4c44-9b29-0030c7616f08,2026-01-17,出席,[2526出席CSV] 教學紀錄: 王晴怡(補15/1） Trigonometry | 請堂或補堂紀錄（老師填寫）: 邱浩傑skip 陳偉傑、李承峰Video
96cd39e1-d5c1-4994-b5a9-58e9cddfe5bf,94194de7-9fd3-4c44-9b29-0030c7616f08,2026-01-17,出席,[2526出席CSV] 教學紀錄: 王晴怡(補15/1） Trigonometry | 請堂或補堂紀錄（老師填寫）: 邱浩傑skip 陳偉傑、李承峰Video
97f16885-242d-47f8-bc22-f80468c8fb70,94194de7-9fd3-4c44-9b29-0030c7616f08,2026-01-17,出席,[2526出席CSV] 教學紀錄: 王晴怡(補15/1） Trigonometry | 請堂或補堂紀錄（老師填寫）: 邱浩傑skip 陳偉傑、李承峰Video
3e92f8a4-49ab-42e9-9687-e6735b26411e,94194de7-9fd3-4c44-9b29-0030c7616f08,2026-01-17,出席,[2526出席CSV] 教學紀錄: 王晴怡(補15/1） Trigonometry | 請堂或補堂紀錄（老師填寫）: 邱浩傑skip 陳偉傑、李承峰Video
f13c6165-aeeb-4791-ba10-a2de49b58f49,94194de7-9fd3-4c44-9b29-0030c7616f08,2026-01-17,出席,[2526出席CSV] 教學紀錄: 王晴怡(補15/1） Trigonometry | 請堂或補堂紀錄（老師填寫）: 邱浩傑skip 陳偉傑、李承峰Video
40740569-ed26-4b9c-9bca-1afb6eb920ab,94194de7-9fd3-4c44-9b29-0030c7616f08,2026-01-17,出席,[2526出席CSV] 教學紀錄: 王晴怡(補15/1） Trigonometry | 請堂或補堂紀錄（老師填寫）: 邱浩傑skip 陳偉傑、李承峰Video
db2d4d1b-7b41-461f-bd22-8b86e0e27014,94194de7-9fd3-4c44-9b29-0030c7616f08,2026-01-17,出席,[2526出席CSV] 教學紀錄: 王晴怡(補15/1） Trigonometry | 請堂或補堂紀錄（老師填寫）: 邱浩傑skip 陳偉傑、李承峰Video
65443d7d-dd95-4dcf-8ab3-287e19edbf76,94194de7-9fd3-4c44-9b29-0030c7616f08,2026-01-17,出席,[2526出席CSV] 教學紀錄: 王晴怡(補15/1） Trigonometry | 請堂或補堂紀錄（老師填寫）: 邱浩傑skip 陳偉傑、李承峰Video
a09da146-6195-4d68-a1f8-22a8202a1f3d,94194de7-9fd3-4c44-9b29-0030c7616f08,2026-01-17,出席,[2526出席CSV] 教學紀錄: 王晴怡(補15/1） Trigonometry | 請堂或補堂紀錄（老師填寫）: 邱浩傑skip 陳偉傑、李承峰Video
ba7d09f2-5167-4418-b5ad-a83d20c67c63,529c3dc8-81dd-44e2-a849-061c93f73d0b,2026-01-18,出席,
02bb5dac-c1fd-43a6-aa6b-0544929c0672,529c3dc8-81dd-44e2-a849-061c93f73d0b,2026-01-18,出席,
8fd4f614-b322-4785-967c-daa035605150,529c3dc8-81dd-44e2-a849-061c93f73d0b,2026-01-18,出席,
0390c81e-b8b3-4d1e-a0f0-b2cdaae2c6a9,5142c9f1-a369-4ed4-a1bf-042d0f49b65b,2026-01-11,出席,
e937c6a5-9116-44f3-a203-318c48fa6aec,f3f6f42a-90e4-4bf2-b92b-3f12416db9f3,2026-01-11,出席,
ae179fbf-9d71-4bfa-90e5-1326f5c05087,f3f6f42a-90e4-4bf2-b92b-3f12416db9f3,2026-01-11,出席,
813935d3-09f3-4f8c-b633-6a3be4692649,4f7902da-2259-40bf-af6a-87f3aaa40d68,2026-01-18,出席,
521bdfcb-74ff-4166-9e6f-5721ac1650f4,d3bbaf3f-9465-443a-8507-19456e2e86c0,2026-01-12,出席,
0d708d45-f2c3-4edc-bf6e-f11f4f37abc0,4b932585-aee6-4d85-8d4f-53045a4ffdb5,2026-01-16,出席,
db303f37-2f92-4c35-8a7d-dd8773d1507a,4b932585-aee6-4d85-8d4f-53045a4ffdb5,2026-01-16,出席,
fa7e5572-9889-486d-9ea6-29d17ce33e4f,cf2ed201-b3bf-45cc-ac38-011bd14d1c57,2026-01-16,出席,
b09a62d4-58b0-4ba8-a413-6263a03eec8c,cf2ed201-b3bf-45cc-ac38-011bd14d1c57,2026-01-16,出席,
8b67097c-4edf-4e5a-b370-a2972e4322ef,cf2ed201-b3bf-45cc-ac38-011bd14d1c57,2026-01-16,出席,
fc090614-5e34-4daf-b367-62b79b3ecb57,cf2ed201-b3bf-45cc-ac38-011bd14d1c57,2026-01-16,出席,
d86901d2-1e2e-46b6-9f09-6f770bc683cb,1aad19f0-38ce-4787-9fbf-fa92d4774e0f,2026-01-18,出席,
0ae337c5-615d-476e-9cb9-1544bbb8c439,1aad19f0-38ce-4787-9fbf-fa92d4774e0f,2026-01-18,出席,
2f2cbe75-b1a6-4235-b2f5-05fc3a752aa6,1aad19f0-38ce-4787-9fbf-fa92d4774e0f,2026-01-18,出席,
a644ff5a-3115-47f4-ade3-7a2fca30897e,1aad19f0-38ce-4787-9fbf-fa92d4774e0f,2026-01-18,出席,
5174ab4c-3cf9-4640-97c8-78dd6f83c44e,730ca500-137f-4c89-86d1-c835bd0c0273,2026-01-18,出席,
813935d3-09f3-4f8c-b633-6a3be4692649,8e8dfabf-f571-4230-987a-53e717e9614a,2026-01-18,出席,
dde027ee-458a-48b6-88d9-f1ec6d819698,8e8dfabf-f571-4230-987a-53e717e9614a,2026-01-18,出席,
154bec19-0f58-47ee-9a40-1d33ff0e0f2a,1c610853-1733-40ad-90ed-5085baaea561,2026-01-18,出席,
05fbd9a6-0a16-48b0-81d1-df45293e23ec,1c610853-1733-40ad-90ed-5085baaea561,2026-01-18,出席,
411f1dad-c0d2-4205-b84e-3f342ee5c54c,1c610853-1733-40ad-90ed-5085baaea561,2026-01-18,出席,
47b7153c-1393-4bdf-bed2-47640213ec5e,70d314f5-7501-4b53-9067-33347f1733cd,2026-01-18,出席,
0d708d45-f2c3-4edc-bf6e-f11f4f37abc0,4b932585-aee6-4d85-8d4f-53045a4ffdb5,2026-01-19,出席,
db303f37-2f92-4c35-8a7d-dd8773d1507a,4b932585-aee6-4d85-8d4f-53045a4ffdb5,2026-01-19,出席,
789a19a5-0423-4a3c-86a4-a080aae7b952,efba129c-bbfc-4ddf-ae87-7aea17ef4ac1,2026-01-20,出席,[2526出席CSV] 教學紀錄: 2020 Soin P1 A1 finished 2019 Soin P1 A2 finished， Section B Q17-19 as hw
50d43ef7-b5a2-46a4-9925-2073ddb055f9,649fcde3-4df4-424d-a957-9f26f4ded592,2026-01-20,出席,[2526出席CSV] 教學紀錄: AV + Algebra A1 soin exercise
ce174b57-1108-453b-bc60-f397ea0aacab,51696dbe-1d38-4112-9859-29ecb25d5a6d,2026-01-21,出席,
0ffa3f51-02b3-4bf8-a87e-f843b5bb038c,51696dbe-1d38-4112-9859-29ecb25d5a6d,2026-01-21,出席,
f13c6165-aeeb-4791-ba10-a2de49b58f49,51696dbe-1d38-4112-9859-29ecb25d5a6d,2026-01-21,出席,
0ae337c5-615d-476e-9cb9-1544bbb8c439,51696dbe-1d38-4112-9859-29ecb25d5a6d,2026-01-21,出席,
c6cdae79-baa1-425e-8345-976e45c84315,717fc491-c5c3-4e59-a48a-ecaf23d168b5,2026-01-22,出席,[2526出席CSV] 教學紀錄: cont pyth Hw p.6-10
86d25c49-66d0-406b-a725-5b4973f21df3,717fc491-c5c3-4e59-a48a-ecaf23d168b5,2026-01-22,出席,[2526出席CSV] 教學紀錄: cont pyth Hw p.6-10
17575f59-9a5a-4d56-8e46-b75c6c2ae37c,717fc491-c5c3-4e59-a48a-ecaf23d168b5,2026-01-22,出席,[2526出席CSV] 教學紀錄: cont pyth Hw p.6-10
0390c81e-b8b3-4d1e-a0f0-b2cdaae2c6a9,717fc491-c5c3-4e59-a48a-ecaf23d168b5,2026-01-22,出席,[2526出席CSV] 教學紀錄: cont pyth Hw p.6-10
bb8803c5-0b02-47ee-afc6-af3d0240705c,717fc491-c5c3-4e59-a48a-ecaf23d168b5,2026-01-22,出席,[2526出席CSV] 教學紀錄: cont pyth Hw p.6-10
a09da146-6195-4d68-a1f8-22a8202a1f3d,1c46b037-f332-4eb0-9540-5f04a052570b,2026-01-22,出席,[2526出席CSV] 教學紀錄: cont trigonometry finished | 請堂或補堂紀錄（老師填寫）: 邱浩傑skip 陳偉傑Video 吳晉銘調24/1 關智博補24/1
db2d4d1b-7b41-461f-bd22-8b86e0e27014,1c46b037-f332-4eb0-9540-5f04a052570b,2026-01-22,出席,[2526出席CSV] 教學紀錄: cont trigonometry finished | 請堂或補堂紀錄（老師填寫）: 邱浩傑skip 陳偉傑Video 吳晉銘調24/1 關智博補24/1
f13c6165-aeeb-4791-ba10-a2de49b58f49,1c46b037-f332-4eb0-9540-5f04a052570b,2026-01-22,出席,[2526出席CSV] 教學紀錄: cont trigonometry finished | 請堂或補堂紀錄（老師填寫）: 邱浩傑skip 陳偉傑Video 吳晉銘調24/1 關智博補24/1
fa7e5572-9889-486d-9ea6-29d17ce33e4f,cf2ed201-b3bf-45cc-ac38-011bd14d1c57,2026-01-23,出席,
8b67097c-4edf-4e5a-b370-a2972e4322ef,cf2ed201-b3bf-45cc-ac38-011bd14d1c57,2026-01-23,出席,
fc090614-5e34-4daf-b367-62b79b3ecb57,cf2ed201-b3bf-45cc-ac38-011bd14d1c57,2026-01-23,出席,
bb8803c5-0b02-47ee-afc6-af3d0240705c,4669cf9a-0d02-450a-a0be-3b8907764d56,2026-01-17,出席,[2526出席CSV] 請堂或補堂紀錄（老師填寫）: 陳雲燁 影片補堂
521bdfcb-74ff-4166-9e6f-5721ac1650f4,4669cf9a-0d02-450a-a0be-3b8907764d56,2026-01-17,出席,[2526出席CSV] 請堂或補堂紀錄（老師填寫）: 陳雲燁 影片補堂
7a68bb12-3c7e-4a6e-918d-99caa4f3427a,4669cf9a-0d02-450a-a0be-3b8907764d56,2026-01-17,出席,[2526出席CSV] 請堂或補堂紀錄（老師填寫）: 陳雲燁 影片補堂
5174ab4c-3cf9-4640-97c8-78dd6f83c44e,43aab94a-c3d2-4647-abbb-244d9ae970aa,2026-01-17,出席,
2d75a8f3-7d21-49e3-985c-6b7defb351fc,43aab94a-c3d2-4647-abbb-244d9ae970aa,2026-01-17,出席,
c5ca6855-9331-4e61-af32-2d5dd9cd75cc,43aab94a-c3d2-4647-abbb-244d9ae970aa,2026-01-17,出席,
d9b18c83-41c2-4e39-94f9-95513e096c39,43aab94a-c3d2-4647-abbb-244d9ae970aa,2026-01-17,出席,
382678a3-797c-49e1-b2ec-f04c21d3d6b3,43aab94a-c3d2-4647-abbb-244d9ae970aa,2026-01-17,出席,
f93c9942-8f06-4354-9f95-30c01fd6b58d,43aab94a-c3d2-4647-abbb-244d9ae970aa,2026-01-17,出席,
e850f4ce-0e20-4280-9d14-b5f85b39dcdc,aaa3f0f8-bb13-4442-8e4f-27a4327f9f75,2026-01-23,出席,
915602a6-c807-465f-9d8f-f66f5f070ce9,aaa3f0f8-bb13-4442-8e4f-27a4327f9f75,2026-01-23,出席,
174c983e-7ecf-432d-acc7-c60d0fa48623,aaa3f0f8-bb13-4442-8e4f-27a4327f9f75,2026-01-23,出席,
db2d4d1b-7b41-461f-bd22-8b86e0e27014,aaa3f0f8-bb13-4442-8e4f-27a4327f9f75,2026-01-23,出席,
d9b18c83-41c2-4e39-94f9-95513e096c39,aaa3f0f8-bb13-4442-8e4f-27a4327f9f75,2026-01-23,出席,
bdf4ef17-29f2-4d92-8ea9-ab06b9e47f1d,5563dfc9-cbb2-4dfb-8cc5-f3709ce0cb76,2026-01-23,出席,
f11cc305-e7d8-4296-a524-421d7d53212f,5563dfc9-cbb2-4dfb-8cc5-f3709ce0cb76,2026-01-23,出席,
0b656f33-268d-4d21-a49f-a37818134fa2,4669cf9a-0d02-450a-a0be-3b8907764d56,2026-01-24,出席,
bb8803c5-0b02-47ee-afc6-af3d0240705c,4669cf9a-0d02-450a-a0be-3b8907764d56,2026-01-24,出席,
521bdfcb-74ff-4166-9e6f-5721ac1650f4,4669cf9a-0d02-450a-a0be-3b8907764d56,2026-01-24,出席,
7a68bb12-3c7e-4a6e-918d-99caa4f3427a,4669cf9a-0d02-450a-a0be-3b8907764d56,2026-01-24,出席,
5174ab4c-3cf9-4640-97c8-78dd6f83c44e,43aab94a-c3d2-4647-abbb-244d9ae970aa,2026-01-24,出席,
2d75a8f3-7d21-49e3-985c-6b7defb351fc,43aab94a-c3d2-4647-abbb-244d9ae970aa,2026-01-24,出席,
c5ca6855-9331-4e61-af32-2d5dd9cd75cc,43aab94a-c3d2-4647-abbb-244d9ae970aa,2026-01-24,出席,
382678a3-797c-49e1-b2ec-f04c21d3d6b3,43aab94a-c3d2-4647-abbb-244d9ae970aa,2026-01-24,出席,
f93c9942-8f06-4354-9f95-30c01fd6b58d,43aab94a-c3d2-4647-abbb-244d9ae970aa,2026-01-24,出席,
b1d2933b-0459-4f85-9e0c-dd9eb0bc403a,21627141-68b0-4be0-a072-8cc7c4878654,2026-01-24,出席,[2526出席CSV] 教學紀錄: acid base
c6cdae79-baa1-425e-8345-976e45c84315,21627141-68b0-4be0-a072-8cc7c4878654,2026-01-24,出席,[2526出席CSV] 教學紀錄: acid base
17575f59-9a5a-4d56-8e46-b75c6c2ae37c,21627141-68b0-4be0-a072-8cc7c4878654,2026-01-24,出席,[2526出席CSV] 教學紀錄: acid base
2f2cbe75-b1a6-4235-b2f5-05fc3a752aa6,36de22e8-74e0-41e0-af01-a6cfaf72651f,2026-01-24,出席,
5707f4fb-4f63-4098-86d8-8682033e5859,36de22e8-74e0-41e0-af01-a6cfaf72651f,2026-01-24,出席,
1a034fbe-7be1-4a3a-954a-0e6e371cd52f,6e0c9d6f-029a-4966-9612-6a580ba54aeb,2026-01-24,出席,
879205e4-a499-445f-86ab-ff56f3569438,6e0c9d6f-029a-4966-9612-6a580ba54aeb,2026-01-24,出席,
20361dec-731e-4c2f-bf0b-0b8f474361ff,eb9d88d8-cb5c-4ea5-aae2-ada9dd4a99ba,2026-01-24,出席,[2526出席CSV] 教學紀錄: energy
813935d3-09f3-4f8c-b633-6a3be4692649,eb9d88d8-cb5c-4ea5-aae2-ada9dd4a99ba,2026-01-24,出席,[2526出席CSV] 教學紀錄: energy
aeaa29b9-9ca0-43c5-954c-ee4757266a3c,eb9d88d8-cb5c-4ea5-aae2-ada9dd4a99ba,2026-01-24,出席,[2526出席CSV] 教學紀錄: energy
95b040a2-1f06-412a-83f4-7364392bd70b,4afcd2a6-b089-4010-b02c-8d36924eaebb,2026-01-24,出席,[2526出席CSV] 教學紀錄: hw
1aec3c09-5e7b-40a3-86f6-175d0a65e39e,4afcd2a6-b089-4010-b02c-8d36924eaebb,2026-01-24,出席,[2526出席CSV] 教學紀錄: hw
d0490601-ab06-4b2f-b3e3-6e06007665c9,acc8f2a0-e390-4569-bd1c-494cc176fb84,2026-01-22,出席,
025a1e5d-1af3-4ca9-bb2e-42e636b03ffb,0ad6a2f9-a31f-4e3b-a04a-d23c3cd1e405,2026-01-24,出席,
28396f5a-c066-43bf-bcc6-cfd4fee72e92,e45bc7fb-1ce4-4f71-b50b-601791a48a9a,2026-01-24,出席,
5214a841-39c8-4805-8720-c20a7f202d98,e45bc7fb-1ce4-4f71-b50b-601791a48a9a,2026-01-24,出席,
4ddd2ba1-1d17-46e8-b9c3-11c38a584254,e45bc7fb-1ce4-4f71-b50b-601791a48a9a,2026-01-24,出席,
ce8c4982-bf08-4213-86f7-99292a8f70ff,e45bc7fb-1ce4-4f71-b50b-601791a48a9a,2026-01-24,出席,
879205e4-a499-445f-86ab-ff56f3569438,e45bc7fb-1ce4-4f71-b50b-601791a48a9a,2026-01-24,出席,
d0490601-ab06-4b2f-b3e3-6e06007665c9,acc8f2a0-e390-4569-bd1c-494cc176fb84,2026-01-24,出席,
a44e6718-427b-43d1-93de-1e34ba3c4535,5563dfc9-cbb2-4dfb-8cc5-f3709ce0cb76,2026-01-23,出席,[2526出席CSV] 教學紀錄: 2015-2016 學友社P1 finished | 請堂或補堂紀錄（老師填寫）: 鐘永恆請假調27/1
174c983e-7ecf-432d-acc7-c60d0fa48623,5563dfc9-cbb2-4dfb-8cc5-f3709ce0cb76,2026-01-23,出席,[2526出席CSV] 教學紀錄: 2015-2016 學友社P1 finished | 請堂或補堂紀錄（老師填寫）: 鐘永恆請假調27/1
0ffa3f51-02b3-4bf8-a87e-f843b5bb038c,5563dfc9-cbb2-4dfb-8cc5-f3709ce0cb76,2026-01-23,出席,[2526出席CSV] 教學紀錄: 2015-2016 學友社P1 finished | 請堂或補堂紀錄（老師填寫）: 鐘永恆請假調27/1
395e0b9d-acc1-4ef8-97ea-5c3ab4eb1ac8,5563dfc9-cbb2-4dfb-8cc5-f3709ce0cb76,2026-01-23,出席,[2526出席CSV] 教學紀錄: 2015-2016 學友社P1 finished | 請堂或補堂紀錄（老師填寫）: 鐘永恆請假調27/1
ce174b57-1108-453b-bc60-f397ea0aacab,5563dfc9-cbb2-4dfb-8cc5-f3709ce0cb76,2026-01-23,出席,[2526出席CSV] 教學紀錄: 2015-2016 學友社P1 finished | 請堂或補堂紀錄（老師填寫）: 鐘永恆請假調27/1
813935d3-09f3-4f8c-b633-6a3be4692649,167607d0-b816-4485-9030-ff617f8b4382,2026-01-24,出席,[2526出席CSV] 教學紀錄: finished shift graph ws Assign dispersion up to IQR | 請堂或補堂紀錄（老師填寫）: 楊俊熙(補16/1)
c5ca6855-9331-4e61-af32-2d5dd9cd75cc,167607d0-b816-4485-9030-ff617f8b4382,2026-01-24,出席,[2526出席CSV] 教學紀錄: finished shift graph ws Assign dispersion up to IQR | 請堂或補堂紀錄（老師填寫）: 楊俊熙(補16/1)
aeaa29b9-9ca0-43c5-954c-ee4757266a3c,167607d0-b816-4485-9030-ff617f8b4382,2026-01-24,出席,[2526出席CSV] 教學紀錄: finished shift graph ws Assign dispersion up to IQR | 請堂或補堂紀錄（老師填寫）: 楊俊熙(補16/1)
f93c9942-8f06-4354-9f95-30c01fd6b58d,167607d0-b816-4485-9030-ff617f8b4382,2026-01-24,出席,[2526出席CSV] 教學紀錄: finished shift graph ws Assign dispersion up to IQR | 請堂或補堂紀錄（老師填寫）: 楊俊熙(補16/1)
3f44050b-d295-4ed4-ae90-6f58eafdcccd,167607d0-b816-4485-9030-ff617f8b4382,2026-01-24,出席,[2526出席CSV] 教學紀錄: finished shift graph ws Assign dispersion up to IQR | 請堂或補堂紀錄（老師填寫）: 楊俊熙(補16/1)
20361dec-731e-4c2f-bf0b-0b8f474361ff,167607d0-b816-4485-9030-ff617f8b4382,2026-01-24,出席,[2526出席CSV] 教學紀錄: finished shift graph ws Assign dispersion up to IQR | 請堂或補堂紀錄（老師填寫）: 楊俊熙(補16/1)
6febe4d0-557d-48a2-b283-07963139d5c3,167607d0-b816-4485-9030-ff617f8b4382,2026-01-24,出席,[2526出席CSV] 教學紀錄: finished shift graph ws Assign dispersion up to IQR | 請堂或補堂紀錄（老師填寫）: 楊俊熙(補16/1)
35893dd5-f77e-4ef4-b6b2-4baabb14f357,167607d0-b816-4485-9030-ff617f8b4382,2026-01-24,出席,[2526出席CSV] 教學紀錄: finished shift graph ws Assign dispersion up to IQR | 請堂或補堂紀錄（老師填寫）: 楊俊熙(補16/1)
b173bc1e-153d-4ef7-9ed6-a36be060319c,94194de7-9fd3-4c44-9b29-0030c7616f08,2026-01-24,出席,[2526出席CSV] 教學紀錄: cont trigonometry finished | 請堂或補堂紀錄（老師填寫）: 關智博調22/1 吳晉銘補22/1
029ff376-ea0b-466e-8d78-6b71a4ca6e0e,94194de7-9fd3-4c44-9b29-0030c7616f08,2026-01-24,出席,[2526出席CSV] 教學紀錄: cont trigonometry finished | 請堂或補堂紀錄（老師填寫）: 關智博調22/1 吳晉銘補22/1
96cd39e1-d5c1-4994-b5a9-58e9cddfe5bf,94194de7-9fd3-4c44-9b29-0030c7616f08,2026-01-24,出席,[2526出席CSV] 教學紀錄: cont trigonometry finished | 請堂或補堂紀錄（老師填寫）: 關智博調22/1 吳晉銘補22/1
97f16885-242d-47f8-bc22-f80468c8fb70,94194de7-9fd3-4c44-9b29-0030c7616f08,2026-01-24,出席,[2526出席CSV] 教學紀錄: cont trigonometry finished | 請堂或補堂紀錄（老師填寫）: 關智博調22/1 吳晉銘補22/1
3e92f8a4-49ab-42e9-9687-e6735b26411e,94194de7-9fd3-4c44-9b29-0030c7616f08,2026-01-24,出席,[2526出席CSV] 教學紀錄: cont trigonometry finished | 請堂或補堂紀錄（老師填寫）: 關智博調22/1 吳晉銘補22/1
40740569-ed26-4b9c-9bca-1afb6eb920ab,94194de7-9fd3-4c44-9b29-0030c7616f08,2026-01-24,出席,[2526出席CSV] 教學紀錄: cont trigonometry finished | 請堂或補堂紀錄（老師填寫）: 關智博調22/1 吳晉銘補22/1
154bec19-0f58-47ee-9a40-1d33ff0e0f2a,370475e2-9a1e-4778-84b1-d097b4133f93,2026-01-24,出席,"[2526出席CSV] 教學紀錄: 對2025 P2 MCQ finished Assign 2025 P1 Q16, hw Q1-14"
411f1dad-c0d2-4205-b84e-3f342ee5c54c,370475e2-9a1e-4778-84b1-d097b4133f93,2026-01-24,出席,"[2526出席CSV] 教學紀錄: 對2025 P2 MCQ finished Assign 2025 P1 Q16, hw Q1-14"
a09f0716-e546-4db0-aa69-30ff70ae6fb1,370475e2-9a1e-4778-84b1-d097b4133f93,2026-01-24,出席,"[2526出席CSV] 教學紀錄: 對2025 P2 MCQ finished Assign 2025 P1 Q16, hw Q1-14"
a50f0a8f-6112-4444-9d65-f1eb29b6968f,370475e2-9a1e-4778-84b1-d097b4133f93,2026-01-24,出席,"[2526出席CSV] 教學紀錄: 對2025 P2 MCQ finished Assign 2025 P1 Q16, hw Q1-14"
cc09b6ef-d2b0-437b-9d42-c2f65d9b0959,370475e2-9a1e-4778-84b1-d097b4133f93,2026-01-24,出席,"[2526出席CSV] 教學紀錄: 對2025 P2 MCQ finished Assign 2025 P1 Q16, hw Q1-14"
058ed296-1bba-4bd0-8e6e-482d585fabdd,0ad6a2f9-a31f-4e3b-a04a-d23c3cd1e405,2026-01-24,出席,"[2526出席CSV] 教學紀錄: 對2025 P2 MCQ finished Assign 2025 P1 Q16, hw Q1-14"
0390c81e-b8b3-4d1e-a0f0-b2cdaae2c6a9,5142c9f1-a369-4ed4-a1bf-042d0f49b65b,2026-01-18,出席,
e937c6a5-9116-44f3-a203-318c48fa6aec,f3f6f42a-90e4-4bf2-b92b-3f12416db9f3,2026-01-18,出席,
ba7d09f2-5167-4418-b5ad-a83d20c67c63,529c3dc8-81dd-44e2-a849-061c93f73d0b,2026-01-25,出席,
02bb5dac-c1fd-43a6-aa6b-0544929c0672,529c3dc8-81dd-44e2-a849-061c93f73d0b,2026-01-25,出席,
8fd4f614-b322-4785-967c-daa035605150,529c3dc8-81dd-44e2-a849-061c93f73d0b,2026-01-25,出席,
754fdd71-0513-4200-a1f4-b5051fb183c6,529c3dc8-81dd-44e2-a849-061c93f73d0b,2026-01-25,出席,
3e92f8a4-49ab-42e9-9687-e6735b26411e,6ee1adfc-32ce-4d14-80e8-71421fbc1692,2026-01-25,出席,
813935d3-09f3-4f8c-b633-6a3be4692649,4f7902da-2259-40bf-af6a-87f3aaa40d68,2026-01-25,出席,
0390c81e-b8b3-4d1e-a0f0-b2cdaae2c6a9,5142c9f1-a369-4ed4-a1bf-042d0f49b65b,2026-01-25,出席,
521bdfcb-74ff-4166-9e6f-5721ac1650f4,d3bbaf3f-9465-443a-8507-19456e2e86c0,2026-01-19,出席,
521bdfcb-74ff-4166-9e6f-5721ac1650f4,d3bbaf3f-9465-443a-8507-19456e2e86c0,2026-01-26,出席,
754fdd71-0513-4200-a1f4-b5051fb183c6,d3bbaf3f-9465-443a-8507-19456e2e86c0,2026-01-26,出席,
813935d3-09f3-4f8c-b633-6a3be4692649,8e8dfabf-f571-4230-987a-53e717e9614a,2026-01-25,出席,
dde027ee-458a-48b6-88d9-f1ec6d819698,8e8dfabf-f571-4230-987a-53e717e9614a,2026-01-25,出席,
1a034fbe-7be1-4a3a-954a-0e6e371cd52f,f3f6f42a-90e4-4bf2-b92b-3f12416db9f3,2026-01-25,出席,
1a034fbe-7be1-4a3a-954a-0e6e371cd52f,4afcd2a6-b089-4010-b02c-8d36924eaebb,2026-01-25,出席,
154bec19-0f58-47ee-9a40-1d33ff0e0f2a,1c610853-1733-40ad-90ed-5085baaea561,2026-01-25,出席,
05fbd9a6-0a16-48b0-81d1-df45293e23ec,1c610853-1733-40ad-90ed-5085baaea561,2026-01-25,出席,
411f1dad-c0d2-4205-b84e-3f342ee5c54c,1c610853-1733-40ad-90ed-5085baaea561,2026-01-25,出席,
2f2cbe75-b1a6-4235-b2f5-05fc3a752aa6,1aad19f0-38ce-4787-9fbf-fa92d4774e0f,2026-01-25,出席,
a644ff5a-3115-47f4-ade3-7a2fca30897e,1aad19f0-38ce-4787-9fbf-fa92d4774e0f,2026-01-25,出席,
0ae337c5-615d-476e-9cb9-1544bbb8c439,1aad19f0-38ce-4787-9fbf-fa92d4774e0f,2026-01-25,出席,
d86901d2-1e2e-46b6-9f09-6f770bc683cb,1aad19f0-38ce-4787-9fbf-fa92d4774e0f,2026-01-25,出席,
5174ab4c-3cf9-4640-97c8-78dd6f83c44e,730ca500-137f-4c89-86d1-c835bd0c0273,2026-01-25,出席,
ce174b57-1108-453b-bc60-f397ea0aacab,51696dbe-1d38-4112-9859-29ecb25d5a6d,2026-01-28,出席,
0ffa3f51-02b3-4bf8-a87e-f843b5bb038c,51696dbe-1d38-4112-9859-29ecb25d5a6d,2026-01-28,出席,
f13c6165-aeeb-4791-ba10-a2de49b58f49,51696dbe-1d38-4112-9859-29ecb25d5a6d,2026-01-28,出席,
0ae337c5-615d-476e-9cb9-1544bbb8c439,51696dbe-1d38-4112-9859-29ecb25d5a6d,2026-01-28,出席,
915602a6-c807-465f-9d8f-f66f5f070ce9,68e5db0d-0d0d-4b30-8b5c-24f9b3f56f73,2026-01-24,出席,
154bec19-0f58-47ee-9a40-1d33ff0e0f2a,68e5db0d-0d0d-4b30-8b5c-24f9b3f56f73,2026-01-24,出席,
d86901d2-1e2e-46b6-9f09-6f770bc683cb,68e5db0d-0d0d-4b30-8b5c-24f9b3f56f73,2026-01-24,出席,
f98aacc3-3dcb-477c-be80-50e4286a8c4a,68e5db0d-0d0d-4b30-8b5c-24f9b3f56f73,2026-01-24,出席,
a44e6718-427b-43d1-93de-1e34ba3c4535,68e5db0d-0d0d-4b30-8b5c-24f9b3f56f73,2026-01-24,出席,
5707f4fb-4f63-4098-86d8-8682033e5859,68e5db0d-0d0d-4b30-8b5c-24f9b3f56f73,2026-01-24,出席,
7ae2fc5c-ab2b-4dc5-80ad-328c43d53619,68e5db0d-0d0d-4b30-8b5c-24f9b3f56f73,2026-01-24,出席,
411f1dad-c0d2-4205-b84e-3f342ee5c54c,68e5db0d-0d0d-4b30-8b5c-24f9b3f56f73,2026-01-24,出席,
0d708d45-f2c3-4edc-bf6e-f11f4f37abc0,4b932585-aee6-4d85-8d4f-53045a4ffdb5,2026-01-30,出席,
db303f37-2f92-4c35-8a7d-dd8773d1507a,4b932585-aee6-4d85-8d4f-53045a4ffdb5,2026-01-30,出席,
fa7e5572-9889-486d-9ea6-29d17ce33e4f,cf2ed201-b3bf-45cc-ac38-011bd14d1c57,2026-01-30,出席,
b09a62d4-58b0-4ba8-a413-6263a03eec8c,cf2ed201-b3bf-45cc-ac38-011bd14d1c57,2026-01-30,出席,
8b67097c-4edf-4e5a-b370-a2972e4322ef,cf2ed201-b3bf-45cc-ac38-011bd14d1c57,2026-01-30,出席,
fc090614-5e34-4daf-b367-62b79b3ecb57,cf2ed201-b3bf-45cc-ac38-011bd14d1c57,2026-01-30,出席,
e850f4ce-0e20-4280-9d14-b5f85b39dcdc,aaa3f0f8-bb13-4442-8e4f-27a4327f9f75,2026-01-30,出席,
915602a6-c807-465f-9d8f-f66f5f070ce9,aaa3f0f8-bb13-4442-8e4f-27a4327f9f75,2026-01-30,出席,
174c983e-7ecf-432d-acc7-c60d0fa48623,aaa3f0f8-bb13-4442-8e4f-27a4327f9f75,2026-01-30,出席,
db2d4d1b-7b41-461f-bd22-8b86e0e27014,aaa3f0f8-bb13-4442-8e4f-27a4327f9f75,2026-01-30,出席,
6febe4d0-557d-48a2-b283-07963139d5c3,aaa3f0f8-bb13-4442-8e4f-27a4327f9f75,2026-01-30,出席,
bdf4ef17-29f2-4d92-8ea9-ab06b9e47f1d,5563dfc9-cbb2-4dfb-8cc5-f3709ce0cb76,2026-01-30,出席,
f11cc305-e7d8-4296-a524-421d7d53212f,5563dfc9-cbb2-4dfb-8cc5-f3709ce0cb76,2026-01-30,出席,
025a1e5d-1af3-4ca9-bb2e-42e636b03ffb,0ad6a2f9-a31f-4e3b-a04a-d23c3cd1e405,2026-01-31,出席,
b1d2933b-0459-4f85-9e0c-dd9eb0bc403a,21627141-68b0-4be0-a072-8cc7c4878654,2026-01-31,出席,
c6cdae79-baa1-425e-8345-976e45c84315,21627141-68b0-4be0-a072-8cc7c4878654,2026-01-31,出席,
17575f59-9a5a-4d56-8e46-b75c6c2ae37c,21627141-68b0-4be0-a072-8cc7c4878654,2026-01-31,出席,
2f2cbe75-b1a6-4235-b2f5-05fc3a752aa6,36de22e8-74e0-41e0-af01-a6cfaf72651f,2026-01-31,出席,"[2526出席CSV] 教學紀錄: 2018, 2021"
5707f4fb-4f63-4098-86d8-8682033e5859,36de22e8-74e0-41e0-af01-a6cfaf72651f,2026-01-31,出席,"[2526出席CSV] 教學紀錄: 2018, 2021"
1a034fbe-7be1-4a3a-954a-0e6e371cd52f,6e0c9d6f-029a-4966-9612-6a580ba54aeb,2026-01-31,出席,
879205e4-a499-445f-86ab-ff56f3569438,6e0c9d6f-029a-4966-9612-6a580ba54aeb,2026-01-31,出席,
20361dec-731e-4c2f-bf0b-0b8f474361ff,eb9d88d8-cb5c-4ea5-aae2-ada9dd4a99ba,2026-01-31,出席,
813935d3-09f3-4f8c-b633-6a3be4692649,eb9d88d8-cb5c-4ea5-aae2-ada9dd4a99ba,2026-01-31,出席,
aeaa29b9-9ca0-43c5-954c-ee4757266a3c,eb9d88d8-cb5c-4ea5-aae2-ada9dd4a99ba,2026-01-31,出席,
c6cdae79-baa1-425e-8345-976e45c84315,717fc491-c5c3-4e59-a48a-ecaf23d168b5,2026-01-29,出席,[2526出席CSV] 教學紀錄: Cont Pyth thm finished + ws Video 提前錄影 | 請堂或補堂紀錄（老師填寫）: 梁展博video
86d25c49-66d0-406b-a725-5b4973f21df3,717fc491-c5c3-4e59-a48a-ecaf23d168b5,2026-01-29,出席,[2526出席CSV] 教學紀錄: Cont Pyth thm finished + ws Video 提前錄影 | 請堂或補堂紀錄（老師填寫）: 梁展博video
17575f59-9a5a-4d56-8e46-b75c6c2ae37c,717fc491-c5c3-4e59-a48a-ecaf23d168b5,2026-01-29,出席,[2526出席CSV] 教學紀錄: Cont Pyth thm finished + ws Video 提前錄影 | 請堂或補堂紀錄（老師填寫）: 梁展博video
0390c81e-b8b3-4d1e-a0f0-b2cdaae2c6a9,717fc491-c5c3-4e59-a48a-ecaf23d168b5,2026-01-29,出席,[2526出席CSV] 教學紀錄: Cont Pyth thm finished + ws Video 提前錄影 | 請堂或補堂紀錄（老師填寫）: 梁展博video
bb8803c5-0b02-47ee-afc6-af3d0240705c,717fc491-c5c3-4e59-a48a-ecaf23d168b5,2026-01-29,出席,[2526出席CSV] 教學紀錄: Cont Pyth thm finished + ws Video 提前錄影 | 請堂或補堂紀錄（老師填寫）: 梁展博video
a44e6718-427b-43d1-93de-1e34ba3c4535,5563dfc9-cbb2-4dfb-8cc5-f3709ce0cb76,2026-01-30,出席,[2526出席CSV] 教學紀錄: DSE P2 Q1-22 | 請堂或補堂紀錄（老師填寫）: 鐘永恆請假調27/1 李澄欣、李映進Zoom 陳宣穎Video
174c983e-7ecf-432d-acc7-c60d0fa48623,5563dfc9-cbb2-4dfb-8cc5-f3709ce0cb76,2026-01-30,出席,[2526出席CSV] 教學紀錄: DSE P2 Q1-22 | 請堂或補堂紀錄（老師填寫）: 鐘永恆請假調27/1 李澄欣、李映進Zoom 陳宣穎Video
0ffa3f51-02b3-4bf8-a87e-f843b5bb038c,5563dfc9-cbb2-4dfb-8cc5-f3709ce0cb76,2026-01-30,出席,[2526出席CSV] 教學紀錄: DSE P2 Q1-22 | 請堂或補堂紀錄（老師填寫）: 鐘永恆請假調27/1 李澄欣、李映進Zoom 陳宣穎Video
395e0b9d-acc1-4ef8-97ea-5c3ab4eb1ac8,5563dfc9-cbb2-4dfb-8cc5-f3709ce0cb76,2026-01-30,出席,[2526出席CSV] 教學紀錄: DSE P2 Q1-22 | 請堂或補堂紀錄（老師填寫）: 鐘永恆請假調27/1 李澄欣、李映進Zoom 陳宣穎Video
ce174b57-1108-453b-bc60-f397ea0aacab,5563dfc9-cbb2-4dfb-8cc5-f3709ce0cb76,2026-01-30,出席,[2526出席CSV] 教學紀錄: DSE P2 Q1-22 | 請堂或補堂紀錄（老師填寫）: 鐘永恆請假調27/1 李澄欣、李映進Zoom 陳宣穎Video
223038a1-164b-482a-9408-1007dc373467,0ad6a2f9-a31f-4e3b-a04a-d23c3cd1e405,2026-01-31,出席,"[2526出席CSV] 教學紀錄: cont 2025 P2 MCQ Q7-25,then skip assign 2025 P1 Q1-8 | 請堂或補堂紀錄（老師填寫）: 補24/1"
223038a1-164b-482a-9408-1007dc373467,e4aa21ce-1d5e-4e6a-b13a-6e274a27a1d2,2026-01-31,出席,"[2526出席CSV] 教學紀錄: cont 2025 P2 MCQ Q7-25,then skip assign 2025 P1 Q1-8"
0b656f33-268d-4d21-a49f-a37818134fa2,4669cf9a-0d02-450a-a0be-3b8907764d56,2026-01-31,出席,
bb8803c5-0b02-47ee-afc6-af3d0240705c,4669cf9a-0d02-450a-a0be-3b8907764d56,2026-01-31,出席,
521bdfcb-74ff-4166-9e6f-5721ac1650f4,4669cf9a-0d02-450a-a0be-3b8907764d56,2026-01-31,出席,
7a68bb12-3c7e-4a6e-918d-99caa4f3427a,4669cf9a-0d02-450a-a0be-3b8907764d56,2026-01-31,出席,
5174ab4c-3cf9-4640-97c8-78dd6f83c44e,43aab94a-c3d2-4647-abbb-244d9ae970aa,2026-01-31,出席,
2d75a8f3-7d21-49e3-985c-6b7defb351fc,43aab94a-c3d2-4647-abbb-244d9ae970aa,2026-01-31,出席,
c5ca6855-9331-4e61-af32-2d5dd9cd75cc,43aab94a-c3d2-4647-abbb-244d9ae970aa,2026-01-31,出席,
d9b18c83-41c2-4e39-94f9-95513e096c39,43aab94a-c3d2-4647-abbb-244d9ae970aa,2026-01-31,出席,
f93c9942-8f06-4354-9f95-30c01fd6b58d,43aab94a-c3d2-4647-abbb-244d9ae970aa,2026-01-31,出席,
915602a6-c807-465f-9d8f-f66f5f070ce9,68e5db0d-0d0d-4b30-8b5c-24f9b3f56f73,2026-01-31,出席,
154bec19-0f58-47ee-9a40-1d33ff0e0f2a,68e5db0d-0d0d-4b30-8b5c-24f9b3f56f73,2026-01-31,出席,
d86901d2-1e2e-46b6-9f09-6f770bc683cb,68e5db0d-0d0d-4b30-8b5c-24f9b3f56f73,2026-01-31,出席,
f98aacc3-3dcb-477c-be80-50e4286a8c4a,68e5db0d-0d0d-4b30-8b5c-24f9b3f56f73,2026-01-31,出席,
a44e6718-427b-43d1-93de-1e34ba3c4535,68e5db0d-0d0d-4b30-8b5c-24f9b3f56f73,2026-01-31,出席,
5707f4fb-4f63-4098-86d8-8682033e5859,68e5db0d-0d0d-4b30-8b5c-24f9b3f56f73,2026-01-31,出席,
7ae2fc5c-ab2b-4dc5-80ad-328c43d53619,68e5db0d-0d0d-4b30-8b5c-24f9b3f56f73,2026-01-31,出席,
411f1dad-c0d2-4205-b84e-3f342ee5c54c,68e5db0d-0d0d-4b30-8b5c-24f9b3f56f73,2026-01-31,出席,
ba7d09f2-5167-4418-b5ad-a83d20c67c63,529c3dc8-81dd-44e2-a849-061c93f73d0b,2026-02-01,出席,
02bb5dac-c1fd-43a6-aa6b-0544929c0672,529c3dc8-81dd-44e2-a849-061c93f73d0b,2026-02-01,出席,
8fd4f614-b322-4785-967c-daa035605150,529c3dc8-81dd-44e2-a849-061c93f73d0b,2026-02-01,出席,
754fdd71-0513-4200-a1f4-b5051fb183c6,529c3dc8-81dd-44e2-a849-061c93f73d0b,2026-02-01,出席,
e937c6a5-9116-44f3-a203-318c48fa6aec,f3f6f42a-90e4-4bf2-b92b-3f12416db9f3,2026-01-25,出席,
813935d3-09f3-4f8c-b633-6a3be4692649,4f7902da-2259-40bf-af6a-87f3aaa40d68,2026-02-01,出席,
b1d2933b-0459-4f85-9e0c-dd9eb0bc403a,43c054d8-e240-48f5-b386-c597ae30ca7d,2026-02-01,出席,
d8423166-450c-4632-a18f-1da678532886,43c054d8-e240-48f5-b386-c597ae30ca7d,2026-02-01,出席,
813935d3-09f3-4f8c-b633-6a3be4692649,e78ac7ea-67f8-4b15-86c4-445a29635b1f,2026-01-28,出席,
aeaa29b9-9ca0-43c5-954c-ee4757266a3c,e78ac7ea-67f8-4b15-86c4-445a29635b1f,2026-01-28,出席,
065d4b56-88e3-4063-91f1-4a4792add0c0,e78ac7ea-67f8-4b15-86c4-445a29635b1f,2026-01-28,出席,
029ff376-ea0b-466e-8d78-6b71a4ca6e0e,e78ac7ea-67f8-4b15-86c4-445a29635b1f,2026-01-28,出席,
b1d2933b-0459-4f85-9e0c-dd9eb0bc403a,43c054d8-e240-48f5-b386-c597ae30ca7d,2026-01-25,出席,
d8423166-450c-4632-a18f-1da678532886,43c054d8-e240-48f5-b386-c597ae30ca7d,2026-01-25,出席,
879205e4-a499-445f-86ab-ff56f3569438,934f3f3a-5ba0-47a0-879a-3158e92416b8,2026-01-26,出席,
ce8c4982-bf08-4213-86f7-99292a8f70ff,934f3f3a-5ba0-47a0-879a-3158e92416b8,2026-01-26,出席,
d8423166-450c-4632-a18f-1da678532886,934f3f3a-5ba0-47a0-879a-3158e92416b8,2026-01-26,出席,
b1d2933b-0459-4f85-9e0c-dd9eb0bc403a,43c054d8-e240-48f5-b386-c597ae30ca7d,2026-01-18,出席,
d8423166-450c-4632-a18f-1da678532886,43c054d8-e240-48f5-b386-c597ae30ca7d,2026-01-18,出席,
879205e4-a499-445f-86ab-ff56f3569438,934f3f3a-5ba0-47a0-879a-3158e92416b8,2026-01-05,出席,
ce8c4982-bf08-4213-86f7-99292a8f70ff,934f3f3a-5ba0-47a0-879a-3158e92416b8,2026-01-05,出席,
d8423166-450c-4632-a18f-1da678532886,934f3f3a-5ba0-47a0-879a-3158e92416b8,2026-01-05,出席,
879205e4-a499-445f-86ab-ff56f3569438,934f3f3a-5ba0-47a0-879a-3158e92416b8,2026-01-12,出席,
ce8c4982-bf08-4213-86f7-99292a8f70ff,934f3f3a-5ba0-47a0-879a-3158e92416b8,2026-01-12,出席,
d8423166-450c-4632-a18f-1da678532886,934f3f3a-5ba0-47a0-879a-3158e92416b8,2026-01-12,出席,
96cd39e1-d5c1-4994-b5a9-58e9cddfe5bf,20f8b798-8513-4df7-85f4-bcc36d3e3169,2026-01-04,出席,
373884c8-2e56-4019-a8e7-a9d292fa870b,20f8b798-8513-4df7-85f4-bcc36d3e3169,2026-01-04,出席,
3e92f8a4-49ab-42e9-9687-e6735b26411e,20f8b798-8513-4df7-85f4-bcc36d3e3169,2026-01-04,出席,
029ff376-ea0b-466e-8d78-6b71a4ca6e0e,20f8b798-8513-4df7-85f4-bcc36d3e3169,2026-01-04,出席,
65443d7d-dd95-4dcf-8ab3-287e19edbf76,20f8b798-8513-4df7-85f4-bcc36d3e3169,2026-01-04,出席,
b1d2933b-0459-4f85-9e0c-dd9eb0bc403a,43c054d8-e240-48f5-b386-c597ae30ca7d,2026-01-04,出席,
d8423166-450c-4632-a18f-1da678532886,43c054d8-e240-48f5-b386-c597ae30ca7d,2026-01-04,出席,
108c284f-4f70-4689-a6c3-4af894eb74b4,ca098a4d-5d95-4846-9598-d76f112dd6ea,2026-01-04,出席,
c5ca6855-9331-4e61-af32-2d5dd9cd75cc,ca098a4d-5d95-4846-9598-d76f112dd6ea,2026-01-04,出席,
f93c9942-8f06-4354-9f95-30c01fd6b58d,ca098a4d-5d95-4846-9598-d76f112dd6ea,2026-01-04,出席,
813935d3-09f3-4f8c-b633-6a3be4692649,e78ac7ea-67f8-4b15-86c4-445a29635b1f,2026-01-07,出席,
aeaa29b9-9ca0-43c5-954c-ee4757266a3c,e78ac7ea-67f8-4b15-86c4-445a29635b1f,2026-01-07,出席,
065d4b56-88e3-4063-91f1-4a4792add0c0,e78ac7ea-67f8-4b15-86c4-445a29635b1f,2026-01-07,出席,
915602a6-c807-465f-9d8f-f66f5f070ce9,9d18b4f6-a4f5-4029-abb0-5c8926e16d19,2026-01-07,出席,
f98aacc3-3dcb-477c-be80-50e4286a8c4a,9d18b4f6-a4f5-4029-abb0-5c8926e16d19,2026-01-07,出席,
4f9e4c16-0f95-4adf-b383-593811de4c13,9d18b4f6-a4f5-4029-abb0-5c8926e16d19,2026-01-07,出席,
96cd39e1-d5c1-4994-b5a9-58e9cddfe5bf,20f8b798-8513-4df7-85f4-bcc36d3e3169,2026-01-11,出席,
373884c8-2e56-4019-a8e7-a9d292fa870b,20f8b798-8513-4df7-85f4-bcc36d3e3169,2026-01-11,出席,
3e92f8a4-49ab-42e9-9687-e6735b26411e,20f8b798-8513-4df7-85f4-bcc36d3e3169,2026-01-11,出席,
029ff376-ea0b-466e-8d78-6b71a4ca6e0e,20f8b798-8513-4df7-85f4-bcc36d3e3169,2026-01-11,出席,
65443d7d-dd95-4dcf-8ab3-287e19edbf76,20f8b798-8513-4df7-85f4-bcc36d3e3169,2026-01-11,出席,
b1d2933b-0459-4f85-9e0c-dd9eb0bc403a,43c054d8-e240-48f5-b386-c597ae30ca7d,2026-01-11,出席,
d8423166-450c-4632-a18f-1da678532886,43c054d8-e240-48f5-b386-c597ae30ca7d,2026-01-11,出席,
108c284f-4f70-4689-a6c3-4af894eb74b4,ca098a4d-5d95-4846-9598-d76f112dd6ea,2026-01-11,出席,
c5ca6855-9331-4e61-af32-2d5dd9cd75cc,ca098a4d-5d95-4846-9598-d76f112dd6ea,2026-01-11,出席,
f93c9942-8f06-4354-9f95-30c01fd6b58d,ca098a4d-5d95-4846-9598-d76f112dd6ea,2026-01-11,出席,
15b93f72-82ce-4fbe-920c-ca0c96931b6a,2e46f56e-0265-4fae-84ff-5679015d5dba,2026-01-11,出席,
b81410b2-eb80-4af4-8d00-528ce073d5bd,2e46f56e-0265-4fae-84ff-5679015d5dba,2026-01-11,出席,
ce174b57-1108-453b-bc60-f397ea0aacab,2e46f56e-0265-4fae-84ff-5679015d5dba,2026-01-11,出席,
0ae337c5-615d-476e-9cb9-1544bbb8c439,2e46f56e-0265-4fae-84ff-5679015d5dba,2026-01-11,出席,
0ffa3f51-02b3-4bf8-a87e-f843b5bb038c,2e46f56e-0265-4fae-84ff-5679015d5dba,2026-01-11,出席,
395e0b9d-acc1-4ef8-97ea-5c3ab4eb1ac8,2e46f56e-0265-4fae-84ff-5679015d5dba,2026-01-11,出席,
99d984ce-1e92-4741-9d2a-f6b588082de4,2e46f56e-0265-4fae-84ff-5679015d5dba,2026-01-11,出席,
813935d3-09f3-4f8c-b633-6a3be4692649,e78ac7ea-67f8-4b15-86c4-445a29635b1f,2026-01-14,出席,
aeaa29b9-9ca0-43c5-954c-ee4757266a3c,e78ac7ea-67f8-4b15-86c4-445a29635b1f,2026-01-14,出席,
065d4b56-88e3-4063-91f1-4a4792add0c0,e78ac7ea-67f8-4b15-86c4-445a29635b1f,2026-01-14,出席,
879205e4-a499-445f-86ab-ff56f3569438,934f3f3a-5ba0-47a0-879a-3158e92416b8,2026-01-19,出席,
ce8c4982-bf08-4213-86f7-99292a8f70ff,934f3f3a-5ba0-47a0-879a-3158e92416b8,2026-01-19,出席,
d8423166-450c-4632-a18f-1da678532886,934f3f3a-5ba0-47a0-879a-3158e92416b8,2026-01-19,出席,
813935d3-09f3-4f8c-b633-6a3be4692649,e78ac7ea-67f8-4b15-86c4-445a29635b1f,2026-01-21,出席,
aeaa29b9-9ca0-43c5-954c-ee4757266a3c,e78ac7ea-67f8-4b15-86c4-445a29635b1f,2026-01-21,出席,
065d4b56-88e3-4063-91f1-4a4792add0c0,e78ac7ea-67f8-4b15-86c4-445a29635b1f,2026-01-21,出席,
108c284f-4f70-4689-a6c3-4af894eb74b4,ca098a4d-5d95-4846-9598-d76f112dd6ea,2026-01-25,出席,
c5ca6855-9331-4e61-af32-2d5dd9cd75cc,ca098a4d-5d95-4846-9598-d76f112dd6ea,2026-01-25,出席,
f93c9942-8f06-4354-9f95-30c01fd6b58d,ca098a4d-5d95-4846-9598-d76f112dd6ea,2026-01-25,出席,
96cd39e1-d5c1-4994-b5a9-58e9cddfe5bf,20f8b798-8513-4df7-85f4-bcc36d3e3169,2026-02-01,出席,
65443d7d-dd95-4dcf-8ab3-287e19edbf76,20f8b798-8513-4df7-85f4-bcc36d3e3169,2026-02-01,出席,
550ef8fa-8579-42a7-904c-e634a697ae5c,e4aa21ce-1d5e-4e6a-b13a-6e274a27a1d2,2026-01-31,出席,
4ddd2ba1-1d17-46e8-b9c3-11c38a584254,e45bc7fb-1ce4-4f71-b50b-601791a48a9a,2026-01-31,出席,
d0490601-ab06-4b2f-b3e3-6e06007665c9,acc8f2a0-e390-4569-bd1c-494cc176fb84,2026-01-31,出席,
2f2cbe75-b1a6-4235-b2f5-05fc3a752aa6,1aad19f0-38ce-4787-9fbf-fa92d4774e0f,2026-02-01,出席,
a644ff5a-3115-47f4-ade3-7a2fca30897e,1aad19f0-38ce-4787-9fbf-fa92d4774e0f,2026-02-01,出席,
0ae337c5-615d-476e-9cb9-1544bbb8c439,1aad19f0-38ce-4787-9fbf-fa92d4774e0f,2026-02-01,出席,
d86901d2-1e2e-46b6-9f09-6f770bc683cb,1aad19f0-38ce-4787-9fbf-fa92d4774e0f,2026-02-01,出席,
813935d3-09f3-4f8c-b633-6a3be4692649,8e8dfabf-f571-4230-987a-53e717e9614a,2026-02-01,出席,
dde027ee-458a-48b6-88d9-f1ec6d819698,8e8dfabf-f571-4230-987a-53e717e9614a,2026-02-01,出席,
1a034fbe-7be1-4a3a-954a-0e6e371cd52f,f3f6f42a-90e4-4bf2-b92b-3f12416db9f3,2026-02-01,出席,
05fbd9a6-0a16-48b0-81d1-df45293e23ec,1c610853-1733-40ad-90ed-5085baaea561,2026-02-01,出席,
411f1dad-c0d2-4205-b84e-3f342ee5c54c,1c610853-1733-40ad-90ed-5085baaea561,2026-02-01,出席,
3bf0758e-7f75-403c-82eb-a995ef71f447,72f4a923-5ac0-4183-bb70-bc64349ff3af,2026-02-01,出席,
0390c81e-b8b3-4d1e-a0f0-b2cdaae2c6a9,5142c9f1-a369-4ed4-a1bf-042d0f49b65b,2026-02-01,出席,
065d4b56-88e3-4063-91f1-4a4792add0c0,93560085-b304-4169-b604-0cc96af25cc8,2026-02-01,出席,
813935d3-09f3-4f8c-b633-6a3be4692649,167607d0-b816-4485-9030-ff617f8b4382,2026-01-31,出席,[2526出席CSV] 教學紀錄: finished Dispersion 葉熙桐Video
c5ca6855-9331-4e61-af32-2d5dd9cd75cc,167607d0-b816-4485-9030-ff617f8b4382,2026-01-31,出席,[2526出席CSV] 教學紀錄: finished Dispersion 葉熙桐Video
aeaa29b9-9ca0-43c5-954c-ee4757266a3c,167607d0-b816-4485-9030-ff617f8b4382,2026-01-31,出席,[2526出席CSV] 教學紀錄: finished Dispersion 葉熙桐Video
f93c9942-8f06-4354-9f95-30c01fd6b58d,167607d0-b816-4485-9030-ff617f8b4382,2026-01-31,出席,[2526出席CSV] 教學紀錄: finished Dispersion 葉熙桐Video
3f44050b-d295-4ed4-ae90-6f58eafdcccd,167607d0-b816-4485-9030-ff617f8b4382,2026-01-31,出席,[2526出席CSV] 教學紀錄: finished Dispersion 葉熙桐Video
b0107d72-413c-4e5b-94e0-0a4de1d14f6f,167607d0-b816-4485-9030-ff617f8b4382,2026-01-31,出席,[2526出席CSV] 教學紀錄: finished Dispersion 葉熙桐Video
35893dd5-f77e-4ef4-b6b2-4baabb14f357,167607d0-b816-4485-9030-ff617f8b4382,2026-01-31,出席,[2526出席CSV] 教學紀錄: finished Dispersion 葉熙桐Video
20361dec-731e-4c2f-bf0b-0b8f474361ff,167607d0-b816-4485-9030-ff617f8b4382,2026-01-31,出席,[2526出席CSV] 教學紀錄: finished Dispersion 葉熙桐Video
40740569-ed26-4b9c-9bca-1afb6eb920ab,94194de7-9fd3-4c44-9b29-0030c7616f08,2026-01-31,出席,[2526出席CSV] 教學紀錄: assign expo | 請堂或補堂紀錄（老師填寫）: 梁天因調29/1 李靖彤調5/2補堂 范以喬順延 李承峰Video 邱浩傑skip 吳晉銘/陳偉傑video
a09da146-6195-4d68-a1f8-22a8202a1f3d,94194de7-9fd3-4c44-9b29-0030c7616f08,2026-01-31,出席,[2526出席CSV] 教學紀錄: assign expo | 請堂或補堂紀錄（老師填寫）: 梁天因調29/1 李靖彤調5/2補堂 范以喬順延 李承峰Video 邱浩傑skip 吳晉銘/陳偉傑video
db2d4d1b-7b41-461f-bd22-8b86e0e27014,94194de7-9fd3-4c44-9b29-0030c7616f08,2026-01-31,出席,[2526出席CSV] 教學紀錄: assign expo | 請堂或補堂紀錄（老師填寫）: 梁天因調29/1 李靖彤調5/2補堂 范以喬順延 李承峰Video 邱浩傑skip 吳晉銘/陳偉傑video
65443d7d-dd95-4dcf-8ab3-287e19edbf76,94194de7-9fd3-4c44-9b29-0030c7616f08,2026-01-31,出席,[2526出席CSV] 教學紀錄: assign expo | 請堂或補堂紀錄（老師填寫）: 梁天因調29/1 李靖彤調5/2補堂 范以喬順延 李承峰Video 邱浩傑skip 吳晉銘/陳偉傑video
411f1dad-c0d2-4205-b84e-3f342ee5c54c,370475e2-9a1e-4778-84b1-d097b4133f93,2026-01-31,出席,[2526出席CSV] 教學紀錄: 對Q1-14 2025 DSE P1 | 請堂或補堂紀錄（老師填寫）: Leo Video
a09f0716-e546-4db0-aa69-30ff70ae6fb1,370475e2-9a1e-4778-84b1-d097b4133f93,2026-01-31,出席,[2526出席CSV] 教學紀錄: 對Q1-14 2025 DSE P1 | 請堂或補堂紀錄（老師填寫）: Leo Video
a50f0a8f-6112-4444-9d65-f1eb29b6968f,370475e2-9a1e-4778-84b1-d097b4133f93,2026-01-31,出席,[2526出席CSV] 教學紀錄: 對Q1-14 2025 DSE P1 | 請堂或補堂紀錄（老師填寫）: Leo Video
cc09b6ef-d2b0-437b-9d42-c2f65d9b0959,370475e2-9a1e-4778-84b1-d097b4133f93,2026-01-31,出席,[2526出席CSV] 教學紀錄: 對Q1-14 2025 DSE P1 | 請堂或補堂紀錄（老師填寫）: Leo Video
154bec19-0f58-47ee-9a40-1d33ff0e0f2a,370475e2-9a1e-4778-84b1-d097b4133f93,2026-01-31,出席,[2526出席CSV] 教學紀錄: 對Q1-14 2025 DSE P1 | 請堂或補堂紀錄（老師填寫）: Leo Video
ce174b57-1108-453b-bc60-f397ea0aacab,51696dbe-1d38-4112-9859-29ecb25d5a6d,2026-02-04,出席,
f13c6165-aeeb-4791-ba10-a2de49b58f49,51696dbe-1d38-4112-9859-29ecb25d5a6d,2026-02-04,出席,
0ae337c5-615d-476e-9cb9-1544bbb8c439,51696dbe-1d38-4112-9859-29ecb25d5a6d,2026-02-04,出席,
b0107d72-413c-4e5b-94e0-0a4de1d14f6f,51696dbe-1d38-4112-9859-29ecb25d5a6d,2026-02-04,出席,
058ed296-1bba-4bd0-8e6e-482d585fabdd,1c610853-1733-40ad-90ed-5085baaea561,2026-02-05,出席,[2526出席CSV] 教學紀錄: 2024 P1 A2 Q10-13 | 請堂或補堂紀錄（老師填寫）: 加堂
c6cdae79-baa1-425e-8345-976e45c84315,717fc491-c5c3-4e59-a48a-ecaf23d168b5,2026-02-05,出席,[2526出席CSV] 教學紀錄: cont pyth thm ws
86d25c49-66d0-406b-a725-5b4973f21df3,717fc491-c5c3-4e59-a48a-ecaf23d168b5,2026-02-05,出席,[2526出席CSV] 教學紀錄: cont pyth thm ws
17575f59-9a5a-4d56-8e46-b75c6c2ae37c,717fc491-c5c3-4e59-a48a-ecaf23d168b5,2026-02-05,出席,[2526出席CSV] 教學紀錄: cont pyth thm ws
0390c81e-b8b3-4d1e-a0f0-b2cdaae2c6a9,717fc491-c5c3-4e59-a48a-ecaf23d168b5,2026-02-05,出席,[2526出席CSV] 教學紀錄: cont pyth thm ws
db2d4d1b-7b41-461f-bd22-8b86e0e27014,1c46b037-f332-4eb0-9540-5f04a052570b,2026-02-05,出席,[2526出席CSV] 教學紀錄: assign log up to solving equation. | 請堂或補堂紀錄（老師填寫）: 李靖彤補 31/1 Video sent （EXPO） 吳晉銘調7/2 陳偉傑video（log）
a09da146-6195-4d68-a1f8-22a8202a1f3d,1c46b037-f332-4eb0-9540-5f04a052570b,2026-02-05,出席,[2526出席CSV] 教學紀錄: assign log up to solving equation. | 請堂或補堂紀錄（老師填寫）: 李靖彤補 31/1 Video sent （EXPO） 吳晉銘調7/2 陳偉傑video（log）
97f16885-242d-47f8-bc22-f80468c8fb70,1c46b037-f332-4eb0-9540-5f04a052570b,2026-02-05,出席,[2526出席CSV] 教學紀錄: assign log up to solving equation. | 請堂或補堂紀錄（老師填寫）: 李靖彤補 31/1 Video sent （EXPO） 吳晉銘調7/2 陳偉傑video（log）
20361dec-731e-4c2f-bf0b-0b8f474361ff,0fc0070f-98b1-49af-869d-4a5ce0776428,2026-02-06,出席,[2526出席CSV] 教學紀錄: finished dispersion | 請堂或補堂紀錄（老師填寫）: finished dispersion 趙佳鑫、蕭馥鎣video 葉熙桐、羅兆斐、朱振軒、曾穎順延
813935d3-09f3-4f8c-b633-6a3be4692649,0fc0070f-98b1-49af-869d-4a5ce0776428,2026-02-06,出席,[2526出席CSV] 教學紀錄: finished dispersion | 請堂或補堂紀錄（老師填寫）: finished dispersion 趙佳鑫、蕭馥鎣video 葉熙桐、羅兆斐、朱振軒、曾穎順延
c5ca6855-9331-4e61-af32-2d5dd9cd75cc,0fc0070f-98b1-49af-869d-4a5ce0776428,2026-02-06,出席,[2526出席CSV] 教學紀錄: finished dispersion | 請堂或補堂紀錄（老師填寫）: finished dispersion 趙佳鑫、蕭馥鎣video 葉熙桐、羅兆斐、朱振軒、曾穎順延
b0107d72-413c-4e5b-94e0-0a4de1d14f6f,0fc0070f-98b1-49af-869d-4a5ce0776428,2026-02-06,出席,[2526出席CSV] 教學紀錄: finished dispersion | 請堂或補堂紀錄（老師填寫）: finished dispersion 趙佳鑫、蕭馥鎣video 葉熙桐、羅兆斐、朱振軒、曾穎順延
058ed296-1bba-4bd0-8e6e-482d585fabdd,7ad272a3-df88-42c9-bbac-0cbfdb4e9b60,2026-02-06,出席,[2526出席CSV] 教學紀錄: 2025 DSE P1 cont up to Q16
301a4b5e-c55d-4b4d-91d7-0bc05aada67d,5563dfc9-cbb2-4dfb-8cc5-f3709ce0cb76,2026-02-06,出席,[2526出席CSV] 教學紀錄: 2025 P1 DSE Q7-14 | 請堂或補堂紀錄（老師填寫）: 李映進停，譚廣傑video
a44e6718-427b-43d1-93de-1e34ba3c4535,5563dfc9-cbb2-4dfb-8cc5-f3709ce0cb76,2026-02-06,出席,[2526出席CSV] 教學紀錄: 2025 P1 DSE Q7-14 | 請堂或補堂紀錄（老師填寫）: 李映進停，譚廣傑video
174c983e-7ecf-432d-acc7-c60d0fa48623,5563dfc9-cbb2-4dfb-8cc5-f3709ce0cb76,2026-02-06,出席,[2526出席CSV] 教學紀錄: 2025 P1 DSE Q7-14 | 請堂或補堂紀錄（老師填寫）: 李映進停，譚廣傑video
395e0b9d-acc1-4ef8-97ea-5c3ab4eb1ac8,5563dfc9-cbb2-4dfb-8cc5-f3709ce0cb76,2026-02-06,出席,[2526出席CSV] 教學紀錄: 2025 P1 DSE Q7-14 | 請堂或補堂紀錄（老師填寫）: 李映進停，譚廣傑video
ce174b57-1108-453b-bc60-f397ea0aacab,5563dfc9-cbb2-4dfb-8cc5-f3709ce0cb76,2026-02-06,出席,[2526出席CSV] 教學紀錄: 2025 P1 DSE Q7-14 | 請堂或補堂紀錄（老師填寫）: 李映進停，譚廣傑video
065d4b56-88e3-4063-91f1-4a4792add0c0,93560085-b304-4169-b604-0cc96af25cc8,2026-02-06,出席,
d0490601-ab06-4b2f-b3e3-6e06007665c9,efba129c-bbfc-4ddf-ae87-7aea17ef4ac1,2026-02-03,出席,
025a1e5d-1af3-4ca9-bb2e-42e636b03ffb,0ad6a2f9-a31f-4e3b-a04a-d23c3cd1e405,2026-02-07,出席,
550ef8fa-8579-42a7-904c-e634a697ae5c,e4aa21ce-1d5e-4e6a-b13a-6e274a27a1d2,2026-02-07,出席,
7ffd3cb4-45b3-4a6b-bde3-2e9a7b5c37a0,e4aa21ce-1d5e-4e6a-b13a-6e274a27a1d2,2026-02-07,出席,
28396f5a-c066-43bf-bcc6-cfd4fee72e92,e4aa21ce-1d5e-4e6a-b13a-6e274a27a1d2,2026-02-07,出席,
5214a841-39c8-4805-8720-c20a7f202d98,e4aa21ce-1d5e-4e6a-b13a-6e274a27a1d2,2026-02-07,出席,
28396f5a-c066-43bf-bcc6-cfd4fee72e92,e45bc7fb-1ce4-4f71-b50b-601791a48a9a,2026-02-07,出席,
5214a841-39c8-4805-8720-c20a7f202d98,e45bc7fb-1ce4-4f71-b50b-601791a48a9a,2026-02-07,出席,
879205e4-a499-445f-86ab-ff56f3569438,e45bc7fb-1ce4-4f71-b50b-601791a48a9a,2026-02-07,出席,
ce8c4982-bf08-4213-86f7-99292a8f70ff,e45bc7fb-1ce4-4f71-b50b-601791a48a9a,2026-02-07,出席,
fa7e5572-9889-486d-9ea6-29d17ce33e4f,cf2ed201-b3bf-45cc-ac38-011bd14d1c57,2026-02-05,出席,
b09a62d4-58b0-4ba8-a413-6263a03eec8c,cf2ed201-b3bf-45cc-ac38-011bd14d1c57,2026-02-05,出席,
8b67097c-4edf-4e5a-b370-a2972e4322ef,cf2ed201-b3bf-45cc-ac38-011bd14d1c57,2026-02-05,出席,
fc090614-5e34-4daf-b367-62b79b3ecb57,cf2ed201-b3bf-45cc-ac38-011bd14d1c57,2026-02-05,出席,
0d708d45-f2c3-4edc-bf6e-f11f4f37abc0,4b932585-aee6-4d85-8d4f-53045a4ffdb5,2026-02-06,出席,
db303f37-2f92-4c35-8a7d-dd8773d1507a,4b932585-aee6-4d85-8d4f-53045a4ffdb5,2026-02-06,出席,
915602a6-c807-465f-9d8f-f66f5f070ce9,aaa3f0f8-bb13-4442-8e4f-27a4327f9f75,2026-02-06,出席,
174c983e-7ecf-432d-acc7-c60d0fa48623,aaa3f0f8-bb13-4442-8e4f-27a4327f9f75,2026-02-06,出席,
6febe4d0-557d-48a2-b283-07963139d5c3,aaa3f0f8-bb13-4442-8e4f-27a4327f9f75,2026-02-06,出席,
0b656f33-268d-4d21-a49f-a37818134fa2,4669cf9a-0d02-450a-a0be-3b8907764d56,2026-02-07,出席,
bb8803c5-0b02-47ee-afc6-af3d0240705c,4669cf9a-0d02-450a-a0be-3b8907764d56,2026-02-07,出席,
521bdfcb-74ff-4166-9e6f-5721ac1650f4,4669cf9a-0d02-450a-a0be-3b8907764d56,2026-02-07,出席,
5174ab4c-3cf9-4640-97c8-78dd6f83c44e,43aab94a-c3d2-4647-abbb-244d9ae970aa,2026-02-07,出席,
2d75a8f3-7d21-49e3-985c-6b7defb351fc,43aab94a-c3d2-4647-abbb-244d9ae970aa,2026-02-07,出席,
c5ca6855-9331-4e61-af32-2d5dd9cd75cc,43aab94a-c3d2-4647-abbb-244d9ae970aa,2026-02-07,出席,
d9b18c83-41c2-4e39-94f9-95513e096c39,43aab94a-c3d2-4647-abbb-244d9ae970aa,2026-02-07,出席,
f93c9942-8f06-4354-9f95-30c01fd6b58d,43aab94a-c3d2-4647-abbb-244d9ae970aa,2026-02-07,出席,
e850f4ce-0e20-4280-9d14-b5f85b39dcdc,43aab94a-c3d2-4647-abbb-244d9ae970aa,2026-02-07,出席,
813935d3-09f3-4f8c-b633-6a3be4692649,43aab94a-c3d2-4647-abbb-244d9ae970aa,2026-02-07,出席,
8fd4f614-b322-4785-967c-daa035605150,529c3dc8-81dd-44e2-a849-061c93f73d0b,2026-02-08,出席,
754fdd71-0513-4200-a1f4-b5051fb183c6,529c3dc8-81dd-44e2-a849-061c93f73d0b,2026-02-08,出席,
2bf676ec-00e5-42b2-bd4f-26c93580c406,529c3dc8-81dd-44e2-a849-061c93f73d0b,2026-02-08,出席,
058ed296-1bba-4bd0-8e6e-482d585fabdd,156e4f4b-99d6-41ea-b6c6-b17eb7d97bd5,2026-02-07,出席,[2526出席CSV] 教學紀錄: 複數、進制、多項式 Prog
154bec19-0f58-47ee-9a40-1d33ff0e0f2a,370475e2-9a1e-4778-84b1-d097b4133f93,2026-02-07,出席,[2526出席CSV] 教學紀錄: 複數、進制、多項式 Prog
411f1dad-c0d2-4205-b84e-3f342ee5c54c,370475e2-9a1e-4778-84b1-d097b4133f93,2026-02-07,出席,[2526出席CSV] 教學紀錄: 複數、進制、多項式 Prog
a09f0716-e546-4db0-aa69-30ff70ae6fb1,370475e2-9a1e-4778-84b1-d097b4133f93,2026-02-07,出席,[2526出席CSV] 教學紀錄: 複數、進制、多項式 Prog
a50f0a8f-6112-4444-9d65-f1eb29b6968f,370475e2-9a1e-4778-84b1-d097b4133f93,2026-02-07,出席,[2526出席CSV] 教學紀錄: 複數、進制、多項式 Prog
cc09b6ef-d2b0-437b-9d42-c2f65d9b0959,370475e2-9a1e-4778-84b1-d097b4133f93,2026-02-07,出席,[2526出席CSV] 教學紀錄: 複數、進制、多項式 Prog
b173bc1e-153d-4ef7-9ed6-a36be060319c,94194de7-9fd3-4c44-9b29-0030c7616f08,2026-02-07,出席,[2526出席CSV] 教學紀錄: 吳晉銘補5/2 開log
96cd39e1-d5c1-4994-b5a9-58e9cddfe5bf,94194de7-9fd3-4c44-9b29-0030c7616f08,2026-02-07,出席,[2526出席CSV] 教學紀錄: 吳晉銘補5/2 開log
3e92f8a4-49ab-42e9-9687-e6735b26411e,94194de7-9fd3-4c44-9b29-0030c7616f08,2026-02-07,出席,[2526出席CSV] 教學紀錄: 吳晉銘補5/2 開log
40740569-ed26-4b9c-9bca-1afb6eb920ab,94194de7-9fd3-4c44-9b29-0030c7616f08,2026-02-07,出席,[2526出席CSV] 教學紀錄: 吳晉銘補5/2 開log
65443d7d-dd95-4dcf-8ab3-287e19edbf76,94194de7-9fd3-4c44-9b29-0030c7616f08,2026-02-07,出席,[2526出席CSV] 教學紀錄: 吳晉銘補5/2 開log
058ed296-1bba-4bd0-8e6e-482d585fabdd,2e46f56e-0265-4fae-84ff-5679015d5dba,2026-02-08,出席,[2526出席CSV] 教學紀錄: 四線四心prog assigned 未講 assign cirlce + locus notes_N已講圓形未做練習
058ed296-1bba-4bd0-8e6e-482d585fabdd,7ad272a3-df88-42c9-bbac-0cbfdb4e9b60,2026-02-09,出席,[2526出席CSV] 教學紀錄: D notes 三角、幾何、座標Unfinished
bdf4ef17-29f2-4d92-8ea9-ab06b9e47f1d,6945a843-c440-44e5-a5c7-9fa0435ab410,2026-02-08,出席,
f11cc305-e7d8-4296-a524-421d7d53212f,6945a843-c440-44e5-a5c7-9fa0435ab410,2026-02-08,出席,
bdf4ef17-29f2-4d92-8ea9-ab06b9e47f1d,5142c9f1-a369-4ed4-a1bf-042d0f49b65b,2026-02-08,出席,
f11cc305-e7d8-4296-a524-421d7d53212f,5142c9f1-a369-4ed4-a1bf-042d0f49b65b,2026-02-08,出席,
058ed296-1bba-4bd0-8e6e-482d585fabdd,1a00cbaf-079f-56f5-a8ec-c706ea085bd5,2026-02-05,出席,
058ed296-1bba-4bd0-8e6e-482d585fabdd,5563dfc9-cbb2-4dfb-8cc5-f3709ce0cb76,2026-02-06,出席,
879205e4-a499-445f-86ab-ff56f3569438,1db99818-f7fe-4e73-b8d5-c306ae33b0d2,2026-02-10,出席,[2526出席CSV] 教學紀錄: 開AVIII notes | 請堂或補堂紀錄（老師填寫）: 嚴宇婷 補Natalie課堂7/2
3e419707-1d86-4a23-b369-46e34f95957f,1db99818-f7fe-4e73-b8d5-c306ae33b0d2,2026-02-10,出席,[2526出席CSV] 教學紀錄: 開AVIII notes | 請堂或補堂紀錄（老師填寫）: 嚴宇婷 補Natalie課堂7/2
4ddd2ba1-1d17-46e8-b9c3-11c38a584254,1db99818-f7fe-4e73-b8d5-c306ae33b0d2,2026-02-10,出席,[2526出席CSV] 教學紀錄: 開AVIII notes | 請堂或補堂紀錄（老師填寫）: 嚴宇婷 補Natalie課堂7/2
058ed296-1bba-4bd0-8e6e-482d585fabdd,156e4f4b-99d6-41ea-b6c6-b17eb7d97bd5,2026-02-10,出席,[2526出席CSV] 教學紀錄: cont D notes 三角、幾何、座標 FINISHED
50d43ef7-b5a2-46a4-9925-2073ddb055f9,649fcde3-4df4-424d-a957-9f26f4ded592,2026-02-10,出席,[2526出席CSV] 教學紀錄: Cont D_notes 率及比
521bdfcb-74ff-4166-9e6f-5721ac1650f4,d3bbaf3f-9465-443a-8507-19456e2e86c0,2026-02-02,出席,
754fdd71-0513-4200-a1f4-b5051fb183c6,d3bbaf3f-9465-443a-8507-19456e2e86c0,2026-02-02,出席,
521bdfcb-74ff-4166-9e6f-5721ac1650f4,d3bbaf3f-9465-443a-8507-19456e2e86c0,2026-02-09,出席,
754fdd71-0513-4200-a1f4-b5051fb183c6,d3bbaf3f-9465-443a-8507-19456e2e86c0,2026-02-09,出席,
c6cdae79-baa1-425e-8345-976e45c84315,717fc491-c5c3-4e59-a48a-ecaf23d168b5,2026-02-12,出席,[2526出席CSV] 教學紀錄: assign AVII
86d25c49-66d0-406b-a725-5b4973f21df3,717fc491-c5c3-4e59-a48a-ecaf23d168b5,2026-02-12,出席,[2526出席CSV] 教學紀錄: assign AVII
17575f59-9a5a-4d56-8e46-b75c6c2ae37c,717fc491-c5c3-4e59-a48a-ecaf23d168b5,2026-02-12,出席,[2526出席CSV] 教學紀錄: assign AVII
0390c81e-b8b3-4d1e-a0f0-b2cdaae2c6a9,717fc491-c5c3-4e59-a48a-ecaf23d168b5,2026-02-12,出席,[2526出席CSV] 教學紀錄: assign AVII
65443d7d-dd95-4dcf-8ab3-287e19edbf76,1c46b037-f332-4eb0-9540-5f04a052570b,2026-02-12,出席,[2526出席CSV] 教學紀錄: Finished Log Assign log and expo ws 未做
a09da146-6195-4d68-a1f8-22a8202a1f3d,1c46b037-f332-4eb0-9540-5f04a052570b,2026-02-12,出席,[2526出席CSV] 教學紀錄: Finished Log Assign log and expo ws 未做
db2d4d1b-7b41-461f-bd22-8b86e0e27014,1c46b037-f332-4eb0-9540-5f04a052570b,2026-02-12,出席,[2526出席CSV] 教學紀錄: Finished Log Assign log and expo ws 未做
058ed296-1bba-4bd0-8e6e-482d585fabdd,1c610853-1733-40ad-90ed-5085baaea561,2026-02-12,出席,[2526出席CSV] 教學紀錄: assign circle prog + cont circle eqt
301a4b5e-c55d-4b4d-91d7-0bc05aada67d,5563dfc9-cbb2-4dfb-8cc5-f3709ce0cb76,2026-02-13,出席,[2526出席CSV] 教學紀錄: 四線四心 ws AV 比例 | 請堂或補堂紀錄（老師填寫）: 陳卓賢補14/2
a44e6718-427b-43d1-93de-1e34ba3c4535,5563dfc9-cbb2-4dfb-8cc5-f3709ce0cb76,2026-02-13,出席,[2526出席CSV] 教學紀錄: 四線四心 ws AV 比例 | 請堂或補堂紀錄（老師填寫）: 陳卓賢補14/2
174c983e-7ecf-432d-acc7-c60d0fa48623,5563dfc9-cbb2-4dfb-8cc5-f3709ce0cb76,2026-02-13,出席,[2526出席CSV] 教學紀錄: 四線四心 ws AV 比例 | 請堂或補堂紀錄（老師填寫）: 陳卓賢補14/2
395e0b9d-acc1-4ef8-97ea-5c3ab4eb1ac8,5563dfc9-cbb2-4dfb-8cc5-f3709ce0cb76,2026-02-13,出席,[2526出席CSV] 教學紀錄: 四線四心 ws AV 比例 | 請堂或補堂紀錄（老師填寫）: 陳卓賢補14/2
ce174b57-1108-453b-bc60-f397ea0aacab,5563dfc9-cbb2-4dfb-8cc5-f3709ce0cb76,2026-02-13,出席,[2526出席CSV] 教學紀錄: 四線四心 ws AV 比例 | 請堂或補堂紀錄（老師填寫）: 陳卓賢補14/2
154bec19-0f58-47ee-9a40-1d33ff0e0f2a,5563dfc9-cbb2-4dfb-8cc5-f3709ce0cb76,2026-02-13,出席,[2526出席CSV] 教學紀錄: 四線四心 ws AV 比例 | 請堂或補堂紀錄（老師填寫）: 陳卓賢補14/2
6febe4d0-557d-48a2-b283-07963139d5c3,0fc0070f-98b1-49af-869d-4a5ce0776428,2026-02-13,出席,[2526出席CSV] 教學紀錄: Assign trigo in 2D finished teaching | 請堂或補堂紀錄（老師填寫）: 徐思思補14/2
20361dec-731e-4c2f-bf0b-0b8f474361ff,0fc0070f-98b1-49af-869d-4a5ce0776428,2026-02-13,出席,[2526出席CSV] 教學紀錄: Assign trigo in 2D finished teaching | 請堂或補堂紀錄（老師填寫）: 徐思思補14/2
b0107d72-413c-4e5b-94e0-0a4de1d14f6f,0fc0070f-98b1-49af-869d-4a5ce0776428,2026-02-13,出席,[2526出席CSV] 教學紀錄: Assign trigo in 2D finished teaching | 請堂或補堂紀錄（老師填寫）: 徐思思補14/2
058ed296-1bba-4bd0-8e6e-482d585fabdd,7ad272a3-df88-42c9-bbac-0cbfdb4e9b60,2026-02-13,出席,[2526出席CSV] 教學紀錄: 卷II Mock（奜魚） Q1-20
ce174b57-1108-453b-bc60-f397ea0aacab,51696dbe-1d38-4112-9859-29ecb25d5a6d,2026-02-11,出席,
0ae337c5-615d-476e-9cb9-1544bbb8c439,51696dbe-1d38-4112-9859-29ecb25d5a6d,2026-02-11,出席,
065d4b56-88e3-4063-91f1-4a4792add0c0,93560085-b304-4169-b604-0cc96af25cc8,2026-02-13,出席,
813935d3-09f3-4f8c-b633-6a3be4692649,4f7902da-2259-40bf-af6a-87f3aaa40d68,2026-02-08,出席,
3bf0758e-7f75-403c-82eb-a995ef71f447,72f4a923-5ac0-4183-bb70-bc64349ff3af,2026-02-08,出席,
0390c81e-b8b3-4d1e-a0f0-b2cdaae2c6a9,5142c9f1-a369-4ed4-a1bf-042d0f49b65b,2026-02-08,出席,
2bf676ec-00e5-42b2-bd4f-26c93580c406,5142c9f1-a369-4ed4-a1bf-042d0f49b65b,2026-02-08,出席,
411f1dad-c0d2-4205-b84e-3f342ee5c54c,370475e2-9a1e-4778-84b1-d097b4133f93,2026-02-14,出席,[2526出席CSV] 教學紀錄: 陳卓賢調13/2 四線四心 ws Assign Mock P2 奜魚 As Hw
a09f0716-e546-4db0-aa69-30ff70ae6fb1,370475e2-9a1e-4778-84b1-d097b4133f93,2026-02-14,出席,[2526出席CSV] 教學紀錄: 陳卓賢調13/2 四線四心 ws Assign Mock P2 奜魚 As Hw
a50f0a8f-6112-4444-9d65-f1eb29b6968f,370475e2-9a1e-4778-84b1-d097b4133f93,2026-02-14,出席,[2526出席CSV] 教學紀錄: 陳卓賢調13/2 四線四心 ws Assign Mock P2 奜魚 As Hw
cc09b6ef-d2b0-437b-9d42-c2f65d9b0959,370475e2-9a1e-4778-84b1-d097b4133f93,2026-02-14,出席,[2526出席CSV] 教學紀錄: 陳卓賢調13/2 四線四心 ws Assign Mock P2 奜魚 As Hw
813935d3-09f3-4f8c-b633-6a3be4692649,167607d0-b816-4485-9030-ff617f8b4382,2026-02-14,出席,"[2526出席CSV] 教學紀錄: 開2D hw: P.18-20,22-23 | 請堂或補堂紀錄（老師填寫）: 徐思思調13/2 趙佳鑫video"
c5ca6855-9331-4e61-af32-2d5dd9cd75cc,167607d0-b816-4485-9030-ff617f8b4382,2026-02-14,出席,"[2526出席CSV] 教學紀錄: 開2D hw: P.18-20,22-23 | 請堂或補堂紀錄（老師填寫）: 徐思思調13/2 趙佳鑫video"
aeaa29b9-9ca0-43c5-954c-ee4757266a3c,167607d0-b816-4485-9030-ff617f8b4382,2026-02-14,出席,"[2526出席CSV] 教學紀錄: 開2D hw: P.18-20,22-23 | 請堂或補堂紀錄（老師填寫）: 徐思思調13/2 趙佳鑫video"
f93c9942-8f06-4354-9f95-30c01fd6b58d,167607d0-b816-4485-9030-ff617f8b4382,2026-02-14,出席,"[2526出席CSV] 教學紀錄: 開2D hw: P.18-20,22-23 | 請堂或補堂紀錄（老師填寫）: 徐思思調13/2 趙佳鑫video"
3f44050b-d295-4ed4-ae90-6f58eafdcccd,167607d0-b816-4485-9030-ff617f8b4382,2026-02-14,出席,"[2526出席CSV] 教學紀錄: 開2D hw: P.18-20,22-23 | 請堂或補堂紀錄（老師填寫）: 徐思思調13/2 趙佳鑫video"
b173bc1e-153d-4ef7-9ed6-a36be060319c,94194de7-9fd3-4c44-9b29-0030c7616f08,2026-02-14,出席,[2526出席CSV] 教學紀錄: Finished Log | 請堂或補堂紀錄（老師填寫）: 李靖彤 范以喬 李承峰 Video
96cd39e1-d5c1-4994-b5a9-58e9cddfe5bf,94194de7-9fd3-4c44-9b29-0030c7616f08,2026-02-14,出席,[2526出席CSV] 教學紀錄: Finished Log | 請堂或補堂紀錄（老師填寫）: 李靖彤 范以喬 李承峰 Video
3e92f8a4-49ab-42e9-9687-e6735b26411e,94194de7-9fd3-4c44-9b29-0030c7616f08,2026-02-14,出席,[2526出席CSV] 教學紀錄: Finished Log | 請堂或補堂紀錄（老師填寫）: 李靖彤 范以喬 李承峰 Video
40740569-ed26-4b9c-9bca-1afb6eb920ab,94194de7-9fd3-4c44-9b29-0030c7616f08,2026-02-14,出席,[2526出席CSV] 教學紀錄: Finished Log | 請堂或補堂紀錄（老師填寫）: 李靖彤 范以喬 李承峰 Video
97f16885-242d-47f8-bc22-f80468c8fb70,94194de7-9fd3-4c44-9b29-0030c7616f08,2026-02-14,出席,[2526出席CSV] 教學紀錄: Finished Log | 請堂或補堂紀錄（老師填寫）: 李靖彤 范以喬 李承峰 Video
813935d3-09f3-4f8c-b633-6a3be4692649,8e8dfabf-f571-4230-987a-53e717e9614a,2026-02-08,出席,
dde027ee-458a-48b6-88d9-f1ec6d819698,8e8dfabf-f571-4230-987a-53e717e9614a,2026-02-08,出席,
05fbd9a6-0a16-48b0-81d1-df45293e23ec,1c610853-1733-40ad-90ed-5085baaea561,2026-02-08,出席,
411f1dad-c0d2-4205-b84e-3f342ee5c54c,1c610853-1733-40ad-90ed-5085baaea561,2026-02-08,出席,
2f2cbe75-b1a6-4235-b2f5-05fc3a752aa6,1aad19f0-38ce-4787-9fbf-fa92d4774e0f,2026-02-08,出席,
a644ff5a-3115-47f4-ade3-7a2fca30897e,1aad19f0-38ce-4787-9fbf-fa92d4774e0f,2026-02-08,出席,
0ae337c5-615d-476e-9cb9-1544bbb8c439,1aad19f0-38ce-4787-9fbf-fa92d4774e0f,2026-02-08,出席,
d86901d2-1e2e-46b6-9f09-6f770bc683cb,1aad19f0-38ce-4787-9fbf-fa92d4774e0f,2026-02-08,出席,
5174ab4c-3cf9-4640-97c8-78dd6f83c44e,730ca500-137f-4c89-86d1-c835bd0c0273,2026-02-08,出席,
fa7e5572-9889-486d-9ea6-29d17ce33e4f,cf2ed201-b3bf-45cc-ac38-011bd14d1c57,2026-02-13,出席,
b09a62d4-58b0-4ba8-a413-6263a03eec8c,cf2ed201-b3bf-45cc-ac38-011bd14d1c57,2026-02-13,出席,
8b67097c-4edf-4e5a-b370-a2972e4322ef,cf2ed201-b3bf-45cc-ac38-011bd14d1c57,2026-02-13,出席,
fc090614-5e34-4daf-b367-62b79b3ecb57,cf2ed201-b3bf-45cc-ac38-011bd14d1c57,2026-02-13,出席,
ba7d09f2-5167-4418-b5ad-a83d20c67c63,529c3dc8-81dd-44e2-a849-061c93f73d0b,2026-02-22,出席,
02bb5dac-c1fd-43a6-aa6b-0544929c0672,529c3dc8-81dd-44e2-a849-061c93f73d0b,2026-02-22,出席,
8fd4f614-b322-4785-967c-daa035605150,529c3dc8-81dd-44e2-a849-061c93f73d0b,2026-02-22,出席,
754fdd71-0513-4200-a1f4-b5051fb183c6,529c3dc8-81dd-44e2-a849-061c93f73d0b,2026-02-22,出席,
2bf676ec-00e5-42b2-bd4f-26c93580c406,529c3dc8-81dd-44e2-a849-061c93f73d0b,2026-02-22,出席,
813935d3-09f3-4f8c-b633-6a3be4692649,4f7902da-2259-40bf-af6a-87f3aaa40d68,2026-02-22,出席,
3bf0758e-7f75-403c-82eb-a995ef71f447,72f4a923-5ac0-4183-bb70-bc64349ff3af,2026-02-22,出席,
0390c81e-b8b3-4d1e-a0f0-b2cdaae2c6a9,5142c9f1-a369-4ed4-a1bf-042d0f49b65b,2026-02-22,出席,
2bf676ec-00e5-42b2-bd4f-26c93580c406,5142c9f1-a369-4ed4-a1bf-042d0f49b65b,2026-02-22,出席,
e937c6a5-9116-44f3-a203-318c48fa6aec,f3f6f42a-90e4-4bf2-b92b-3f12416db9f3,2026-02-22,出席,
754fdd71-0513-4200-a1f4-b5051fb183c6,d3bbaf3f-9465-443a-8507-19456e2e86c0,2026-02-23,出席,
879205e4-a499-445f-86ab-ff56f3569438,1db99818-f7fe-4e73-b8d5-c306ae33b0d2,2026-02-24,出席,[2526出席CSV] 教學紀錄: finished AViii
3e419707-1d86-4a23-b369-46e34f95957f,1db99818-f7fe-4e73-b8d5-c306ae33b0d2,2026-02-24,出席,[2526出席CSV] 教學紀錄: finished AViii
058ed296-1bba-4bd0-8e6e-482d585fabdd,156e4f4b-99d6-41ea-b6c6-b17eb7d97bd5,2026-02-24,出席,[2526出席CSV] 教學紀錄: HKME 2020 P1 Q1-10
3a22fc95-e268-4a8c-abbb-4bd43ac9194d,efba129c-bbfc-4ddf-ae87-7aea17ef4ac1,2026-02-24,出席,
667ead37-34fc-4be7-bf70-fd4eda66ca8d,efba129c-bbfc-4ddf-ae87-7aea17ef4ac1,2026-02-24,出席,
058ed296-1bba-4bd0-8e6e-482d585fabdd,1a00cbaf-079f-56f5-a8ec-c706ea085bd5,2026-02-12,出席,
058ed296-1bba-4bd0-8e6e-482d585fabdd,5563dfc9-cbb2-4dfb-8cc5-f3709ce0cb76,2026-02-13,出席,
058ed296-1bba-4bd0-8e6e-482d585fabdd,b636d4f0-c3f7-4d12-b2cc-f432ee520251,2026-02-24,出席,
ce174b57-1108-453b-bc60-f397ea0aacab,51696dbe-1d38-4112-9859-29ecb25d5a6d,2026-02-25,出席,
f13c6165-aeeb-4791-ba10-a2de49b58f49,51696dbe-1d38-4112-9859-29ecb25d5a6d,2026-02-25,出席,
0ae337c5-615d-476e-9cb9-1544bbb8c439,51696dbe-1d38-4112-9859-29ecb25d5a6d,2026-02-25,出席,
b0107d72-413c-4e5b-94e0-0a4de1d14f6f,51696dbe-1d38-4112-9859-29ecb25d5a6d,2026-02-25,出席,
058ed296-1bba-4bd0-8e6e-482d585fabdd,51696dbe-1d38-4112-9859-29ecb25d5a6d,2026-02-25,出席,
025a1e5d-1af3-4ca9-bb2e-42e636b03ffb,0ad6a2f9-a31f-4e3b-a04a-d23c3cd1e405,2026-02-14,出席,
550ef8fa-8579-42a7-904c-e634a697ae5c,e4aa21ce-1d5e-4e6a-b13a-6e274a27a1d2,2026-02-14,出席,
7ffd3cb4-45b3-4a6b-bde3-2e9a7b5c37a0,e4aa21ce-1d5e-4e6a-b13a-6e274a27a1d2,2026-02-14,出席,
223038a1-164b-482a-9408-1007dc373467,e4aa21ce-1d5e-4e6a-b13a-6e274a27a1d2,2026-02-25,出席,[2526出席CSV] 教學紀錄: 學友社22-23 P1 Q1-9
058ed296-1bba-4bd0-8e6e-482d585fabdd,1c610853-1733-40ad-90ed-5085baaea561,2026-02-26,出席,[2526出席CSV] 教學紀錄: finished 學友社 22-23 P1 Assign 22-23 P2
c6cdae79-baa1-425e-8345-976e45c84315,717fc491-c5c3-4e59-a48a-ecaf23d168b5,2026-02-26,出席,[2526出席CSV] 教學紀錄: cont AVii up to p.26 hw: 26-28 | 請堂或補堂紀錄（老師填寫）: 馮國璇補31/1 Natalie課堂
17575f59-9a5a-4d56-8e46-b75c6c2ae37c,717fc491-c5c3-4e59-a48a-ecaf23d168b5,2026-02-26,出席,[2526出席CSV] 教學紀錄: cont AVii up to p.26 hw: 26-28 | 請堂或補堂紀錄（老師填寫）: 馮國璇補31/1 Natalie課堂
0390c81e-b8b3-4d1e-a0f0-b2cdaae2c6a9,717fc491-c5c3-4e59-a48a-ecaf23d168b5,2026-02-26,出席,[2526出席CSV] 教學紀錄: cont AVii up to p.26 hw: 26-28 | 請堂或補堂紀錄（老師填寫）: 馮國璇補31/1 Natalie課堂
7ffd3cb4-45b3-4a6b-bde3-2e9a7b5c37a0,717fc491-c5c3-4e59-a48a-ecaf23d168b5,2026-02-26,出席,[2526出席CSV] 教學紀錄: cont AVii up to p.26 hw: 26-28 | 請堂或補堂紀錄（老師填寫）: 馮國璇補31/1 Natalie課堂
02bb5dac-c1fd-43a6-aa6b-0544929c0672,717fc491-c5c3-4e59-a48a-ecaf23d168b5,2026-02-26,出席,[2526出席CSV] 教學紀錄: cont AVii up to p.26 hw: 26-28 | 請堂或補堂紀錄（老師填寫）: 馮國璇補31/1 Natalie課堂
65443d7d-dd95-4dcf-8ab3-287e19edbf76,1c46b037-f332-4eb0-9540-5f04a052570b,2026-02-26,出席,[2526出席CSV] 教學紀錄: log + expo ws
a09da146-6195-4d68-a1f8-22a8202a1f3d,1c46b037-f332-4eb0-9540-5f04a052570b,2026-02-26,出席,[2526出席CSV] 教學紀錄: log + expo ws
db2d4d1b-7b41-461f-bd22-8b86e0e27014,1c46b037-f332-4eb0-9540-5f04a052570b,2026-02-26,出席,[2526出席CSV] 教學紀錄: log + expo ws
025a1e5d-1af3-4ca9-bb2e-42e636b03ffb,0ad6a2f9-a31f-4e3b-a04a-d23c3cd1e405,2026-02-28,出席,
550ef8fa-8579-42a7-904c-e634a697ae5c,e4aa21ce-1d5e-4e6a-b13a-6e274a27a1d2,2026-02-28,出席,
7ffd3cb4-45b3-4a6b-bde3-2e9a7b5c37a0,e4aa21ce-1d5e-4e6a-b13a-6e274a27a1d2,2026-02-28,出席,
28396f5a-c066-43bf-bcc6-cfd4fee72e92,e45bc7fb-1ce4-4f71-b50b-601791a48a9a,2026-02-28,出席,
5214a841-39c8-4805-8720-c20a7f202d98,e45bc7fb-1ce4-4f71-b50b-601791a48a9a,2026-02-28,出席,
4ddd2ba1-1d17-46e8-b9c3-11c38a584254,e45bc7fb-1ce4-4f71-b50b-601791a48a9a,2026-02-28,出席,
301a4b5e-c55d-4b4d-91d7-0bc05aada67d,5563dfc9-cbb2-4dfb-8cc5-f3709ce0cb76,2026-02-28,出席,[2526出席CSV] 教學紀錄: 學友社22-23 P2 | 請堂或補堂紀錄（老師填寫）: 補27/2
174c983e-7ecf-432d-acc7-c60d0fa48623,5563dfc9-cbb2-4dfb-8cc5-f3709ce0cb76,2026-02-28,出席,[2526出席CSV] 教學紀錄: 學友社22-23 P2 | 請堂或補堂紀錄（老師填寫）: 補27/2
395e0b9d-acc1-4ef8-97ea-5c3ab4eb1ac8,5563dfc9-cbb2-4dfb-8cc5-f3709ce0cb76,2026-02-28,出席,[2526出席CSV] 教學紀錄: 學友社22-23 P2 | 請堂或補堂紀錄（老師填寫）: 補27/2
ce174b57-1108-453b-bc60-f397ea0aacab,5563dfc9-cbb2-4dfb-8cc5-f3709ce0cb76,2026-02-28,出席,[2526出席CSV] 教學紀錄: 學友社22-23 P2 | 請堂或補堂紀錄（老師填寫）: 補27/2
a44e6718-427b-43d1-93de-1e34ba3c4535,5563dfc9-cbb2-4dfb-8cc5-f3709ce0cb76,2026-02-28,出席,[2526出席CSV] 教學紀錄: 學友社22-23 P2 | 請堂或補堂紀錄（老師填寫）: 補27/2
6febe4d0-557d-48a2-b283-07963139d5c3,0fc0070f-98b1-49af-869d-4a5ce0776428,2026-02-28,出席,[2526出席CSV] 教學紀錄: finished 2D notes | 請堂或補堂紀錄（老師填寫）: 補27/2
20361dec-731e-4c2f-bf0b-0b8f474361ff,0fc0070f-98b1-49af-869d-4a5ce0776428,2026-02-28,出席,[2526出席CSV] 教學紀錄: finished 2D notes | 請堂或補堂紀錄（老師填寫）: 補27/2
058ed296-1bba-4bd0-8e6e-482d585fabdd,7ad272a3-df88-42c9-bbac-0cbfdb4e9b60,2026-02-27,出席,[2526出席CSV] 教學紀錄: cont 學友社22-23 P2 unfinsihed
223038a1-164b-482a-9408-1007dc373467,e4aa21ce-1d5e-4e6a-b13a-6e274a27a1d2,2026-02-28,出席,[2526出席CSV] 教學紀錄: 學友社22-23 P2
c5ca6855-9331-4e61-af32-2d5dd9cd75cc,167607d0-b816-4485-9030-ff617f8b4382,2026-02-28,出席,[2526出席CSV] 教學紀錄: finished 2D notes
aeaa29b9-9ca0-43c5-954c-ee4757266a3c,167607d0-b816-4485-9030-ff617f8b4382,2026-02-28,出席,[2526出席CSV] 教學紀錄: finished 2D notes
f93c9942-8f06-4354-9f95-30c01fd6b58d,167607d0-b816-4485-9030-ff617f8b4382,2026-02-28,出席,[2526出席CSV] 教學紀錄: finished 2D notes
3f44050b-d295-4ed4-ae90-6f58eafdcccd,167607d0-b816-4485-9030-ff617f8b4382,2026-02-28,出席,[2526出席CSV] 教學紀錄: finished 2D notes
b0107d72-413c-4e5b-94e0-0a4de1d14f6f,167607d0-b816-4485-9030-ff617f8b4382,2026-02-28,出席,[2526出席CSV] 教學紀錄: finished 2D notes
d0490601-ab06-4b2f-b3e3-6e06007665c9,acc8f2a0-e390-4569-bd1c-494cc176fb84,2026-02-28,出席,
96cd39e1-d5c1-4994-b5a9-58e9cddfe5bf,94194de7-9fd3-4c44-9b29-0030c7616f08,2026-02-28,出席,[2526出席CSV] 教學紀錄: 范以喬 log + expo ws
97f16885-242d-47f8-bc22-f80468c8fb70,94194de7-9fd3-4c44-9b29-0030c7616f08,2026-02-28,出席,[2526出席CSV] 教學紀錄: 范以喬 log + expo ws
40740569-ed26-4b9c-9bca-1afb6eb920ab,94194de7-9fd3-4c44-9b29-0030c7616f08,2026-02-28,出席,[2526出席CSV] 教學紀錄: 范以喬 log + expo ws
3e92f8a4-49ab-42e9-9687-e6735b26411e,94194de7-9fd3-4c44-9b29-0030c7616f08,2026-02-28,出席,[2526出席CSV] 教學紀錄: 范以喬 log + expo ws
154bec19-0f58-47ee-9a40-1d33ff0e0f2a,370475e2-9a1e-4778-84b1-d097b4133f93,2026-02-28,出席,[2526出席CSV] 教學紀錄: Video Send 陳宣穎 袁卓楠 李澄欣 譚廣傑 學友社22-23 P2
411f1dad-c0d2-4205-b84e-3f342ee5c54c,370475e2-9a1e-4778-84b1-d097b4133f93,2026-02-28,出席,[2526出席CSV] 教學紀錄: Video Send 陳宣穎 袁卓楠 李澄欣 譚廣傑 學友社22-23 P2
a09f0716-e546-4db0-aa69-30ff70ae6fb1,370475e2-9a1e-4778-84b1-d097b4133f93,2026-02-28,出席,[2526出席CSV] 教學紀錄: Video Send 陳宣穎 袁卓楠 李澄欣 譚廣傑 學友社22-23 P2
a50f0a8f-6112-4444-9d65-f1eb29b6968f,370475e2-9a1e-4778-84b1-d097b4133f93,2026-02-28,出席,[2526出席CSV] 教學紀錄: Video Send 陳宣穎 袁卓楠 李澄欣 譚廣傑 學友社22-23 P2
cc09b6ef-d2b0-437b-9d42-c2f65d9b0959,370475e2-9a1e-4778-84b1-d097b4133f93,2026-02-28,出席,[2526出席CSV] 教學紀錄: Video Send 陳宣穎 袁卓楠 李澄欣 譚廣傑 學友社22-23 P2
0d708d45-f2c3-4edc-bf6e-f11f4f37abc0,4b932585-aee6-4d85-8d4f-53045a4ffdb5,2026-02-27,出席,
db303f37-2f92-4c35-8a7d-dd8773d1507a,4b932585-aee6-4d85-8d4f-53045a4ffdb5,2026-02-27,出席,
fa7e5572-9889-486d-9ea6-29d17ce33e4f,cf2ed201-b3bf-45cc-ac38-011bd14d1c57,2026-02-27,出席,
b09a62d4-58b0-4ba8-a413-6263a03eec8c,cf2ed201-b3bf-45cc-ac38-011bd14d1c57,2026-02-27,出席,
8b67097c-4edf-4e5a-b370-a2972e4322ef,cf2ed201-b3bf-45cc-ac38-011bd14d1c57,2026-02-27,出席,
fc090614-5e34-4daf-b367-62b79b3ecb57,cf2ed201-b3bf-45cc-ac38-011bd14d1c57,2026-02-27,出席,
0d708d45-f2c3-4edc-bf6e-f11f4f37abc0,4b932585-aee6-4d85-8d4f-53045a4ffdb5,2026-02-13,出席,
db303f37-2f92-4c35-8a7d-dd8773d1507a,4b932585-aee6-4d85-8d4f-53045a4ffdb5,2026-02-13,出席,
813935d3-09f3-4f8c-b633-6a3be4692649,8e8dfabf-f571-4230-987a-53e717e9614a,2026-02-22,出席,
dde027ee-458a-48b6-88d9-f1ec6d819698,8e8dfabf-f571-4230-987a-53e717e9614a,2026-02-22,出席,
154bec19-0f58-47ee-9a40-1d33ff0e0f2a,1c610853-1733-40ad-90ed-5085baaea561,2026-02-22,出席,
05fbd9a6-0a16-48b0-81d1-df45293e23ec,1c610853-1733-40ad-90ed-5085baaea561,2026-02-22,出席,
411f1dad-c0d2-4205-b84e-3f342ee5c54c,1c610853-1733-40ad-90ed-5085baaea561,2026-02-22,出席,
813935d3-09f3-4f8c-b633-6a3be4692649,8e8dfabf-f571-4230-987a-53e717e9614a,2026-03-01,出席,
dde027ee-458a-48b6-88d9-f1ec6d819698,8e8dfabf-f571-4230-987a-53e717e9614a,2026-03-01,出席,
154bec19-0f58-47ee-9a40-1d33ff0e0f2a,1c610853-1733-40ad-90ed-5085baaea561,2026-03-01,出席,
05fbd9a6-0a16-48b0-81d1-df45293e23ec,1c610853-1733-40ad-90ed-5085baaea561,2026-03-01,出席,
411f1dad-c0d2-4205-b84e-3f342ee5c54c,1c610853-1733-40ad-90ed-5085baaea561,2026-03-01,出席,
1a034fbe-7be1-4a3a-954a-0e6e371cd52f,f3f6f42a-90e4-4bf2-b92b-3f12416db9f3,2026-03-01,出席,
c73ff545-d4b8-4b06-9972-a076406b406a,ccb0e36e-a62e-405b-ad5d-5d227e49e63e,2026-02-08,出席,
915602a6-c807-465f-9d8f-f66f5f070ce9,aaa3f0f8-bb13-4442-8e4f-27a4327f9f75,2026-02-27,出席,
174c983e-7ecf-432d-acc7-c60d0fa48623,aaa3f0f8-bb13-4442-8e4f-27a4327f9f75,2026-02-27,出席,
db2d4d1b-7b41-461f-bd22-8b86e0e27014,aaa3f0f8-bb13-4442-8e4f-27a4327f9f75,2026-02-27,出席,
0b656f33-268d-4d21-a49f-a37818134fa2,4669cf9a-0d02-450a-a0be-3b8907764d56,2026-02-28,出席,
bb8803c5-0b02-47ee-afc6-af3d0240705c,4669cf9a-0d02-450a-a0be-3b8907764d56,2026-02-28,出席,
7a68bb12-3c7e-4a6e-918d-99caa4f3427a,4669cf9a-0d02-450a-a0be-3b8907764d56,2026-02-28,出席,
5174ab4c-3cf9-4640-97c8-78dd6f83c44e,43aab94a-c3d2-4647-abbb-244d9ae970aa,2026-02-28,出席,[2526出席CSV] 請堂或補堂紀錄（老師填寫）: 蕭馥鎣影片補堂
2d75a8f3-7d21-49e3-985c-6b7defb351fc,43aab94a-c3d2-4647-abbb-244d9ae970aa,2026-02-28,出席,[2526出席CSV] 請堂或補堂紀錄（老師填寫）: 蕭馥鎣影片補堂
c5ca6855-9331-4e61-af32-2d5dd9cd75cc,43aab94a-c3d2-4647-abbb-244d9ae970aa,2026-02-28,出席,[2526出席CSV] 請堂或補堂紀錄（老師填寫）: 蕭馥鎣影片補堂
d9b18c83-41c2-4e39-94f9-95513e096c39,43aab94a-c3d2-4647-abbb-244d9ae970aa,2026-02-28,出席,[2526出席CSV] 請堂或補堂紀錄（老師填寫）: 蕭馥鎣影片補堂
f93c9942-8f06-4354-9f95-30c01fd6b58d,43aab94a-c3d2-4647-abbb-244d9ae970aa,2026-02-28,出席,[2526出席CSV] 請堂或補堂紀錄（老師填寫）: 蕭馥鎣影片補堂
813935d3-09f3-4f8c-b633-6a3be4692649,43aab94a-c3d2-4647-abbb-244d9ae970aa,2026-02-28,出席,[2526出席CSV] 請堂或補堂紀錄（老師填寫）: 蕭馥鎣影片補堂
754fdd71-0513-4200-a1f4-b5051fb183c6,d3bbaf3f-9465-443a-8507-19456e2e86c0,2026-03-02,出席,
058ed296-1bba-4bd0-8e6e-482d585fabdd,1a00cbaf-079f-56f5-a8ec-c706ea085bd5,2026-02-26,出席,
50d43ef7-b5a2-46a4-9925-2073ddb055f9,51696dbe-1d38-4112-9859-29ecb25d5a6d,2026-03-04,出席,[2526出席CSV] 教學紀錄: 2022-23 學友社P1 Q1-9
813935d3-09f3-4f8c-b633-6a3be4692649,e78ac7ea-67f8-4b15-86c4-445a29635b1f,2025-11-05,出席,
aeaa29b9-9ca0-43c5-954c-ee4757266a3c,e78ac7ea-67f8-4b15-86c4-445a29635b1f,2025-11-05,出席,
065d4b56-88e3-4063-91f1-4a4792add0c0,e78ac7ea-67f8-4b15-86c4-445a29635b1f,2025-11-05,出席,
15b93f72-82ce-4fbe-920c-ca0c96931b6a,2e46f56e-0265-4fae-84ff-5679015d5dba,2026-01-04,出席,
b81410b2-eb80-4af4-8d00-528ce073d5bd,2e46f56e-0265-4fae-84ff-5679015d5dba,2026-01-04,出席,
ce174b57-1108-453b-bc60-f397ea0aacab,2e46f56e-0265-4fae-84ff-5679015d5dba,2026-01-04,出席,
0ae337c5-615d-476e-9cb9-1544bbb8c439,2e46f56e-0265-4fae-84ff-5679015d5dba,2026-01-04,出席,
d86901d2-1e2e-46b6-9f09-6f770bc683cb,2e46f56e-0265-4fae-84ff-5679015d5dba,2026-01-04,出席,
395e0b9d-acc1-4ef8-97ea-5c3ab4eb1ac8,2e46f56e-0265-4fae-84ff-5679015d5dba,2026-01-04,出席,
99d984ce-1e92-4741-9d2a-f6b588082de4,2e46f56e-0265-4fae-84ff-5679015d5dba,2026-01-04,出席,
915602a6-c807-465f-9d8f-f66f5f070ce9,9d18b4f6-a4f5-4029-abb0-5c8926e16d19,2026-01-14,出席,
f98aacc3-3dcb-477c-be80-50e4286a8c4a,9d18b4f6-a4f5-4029-abb0-5c8926e16d19,2026-01-14,出席,
a44e6718-427b-43d1-93de-1e34ba3c4535,9d18b4f6-a4f5-4029-abb0-5c8926e16d19,2026-01-14,出席,
4f9e4c16-0f95-4adf-b383-593811de4c13,9d18b4f6-a4f5-4029-abb0-5c8926e16d19,2026-01-14,出席,
96cd39e1-d5c1-4994-b5a9-58e9cddfe5bf,20f8b798-8513-4df7-85f4-bcc36d3e3169,2026-01-18,出席,
373884c8-2e56-4019-a8e7-a9d292fa870b,20f8b798-8513-4df7-85f4-bcc36d3e3169,2026-01-18,出席,
3e92f8a4-49ab-42e9-9687-e6735b26411e,20f8b798-8513-4df7-85f4-bcc36d3e3169,2026-01-18,出席,
029ff376-ea0b-466e-8d78-6b71a4ca6e0e,20f8b798-8513-4df7-85f4-bcc36d3e3169,2026-01-18,出席,
65443d7d-dd95-4dcf-8ab3-287e19edbf76,20f8b798-8513-4df7-85f4-bcc36d3e3169,2026-01-18,出席,
108c284f-4f70-4689-a6c3-4af894eb74b4,ca098a4d-5d95-4846-9598-d76f112dd6ea,2026-01-18,出席,
c5ca6855-9331-4e61-af32-2d5dd9cd75cc,ca098a4d-5d95-4846-9598-d76f112dd6ea,2026-01-18,出席,
f93c9942-8f06-4354-9f95-30c01fd6b58d,ca098a4d-5d95-4846-9598-d76f112dd6ea,2026-01-18,出席,
b0107d72-413c-4e5b-94e0-0a4de1d14f6f,ca098a4d-5d95-4846-9598-d76f112dd6ea,2026-01-18,出席,
15b93f72-82ce-4fbe-920c-ca0c96931b6a,2e46f56e-0265-4fae-84ff-5679015d5dba,2026-01-18,出席,
b81410b2-eb80-4af4-8d00-528ce073d5bd,2e46f56e-0265-4fae-84ff-5679015d5dba,2026-01-18,出席,
ce174b57-1108-453b-bc60-f397ea0aacab,2e46f56e-0265-4fae-84ff-5679015d5dba,2026-01-18,出席,
0ae337c5-615d-476e-9cb9-1544bbb8c439,2e46f56e-0265-4fae-84ff-5679015d5dba,2026-01-18,出席,
d86901d2-1e2e-46b6-9f09-6f770bc683cb,2e46f56e-0265-4fae-84ff-5679015d5dba,2026-01-18,出席,
395e0b9d-acc1-4ef8-97ea-5c3ab4eb1ac8,2e46f56e-0265-4fae-84ff-5679015d5dba,2026-01-18,出席,
99d984ce-1e92-4741-9d2a-f6b588082de4,2e46f56e-0265-4fae-84ff-5679015d5dba,2026-01-18,出席,
915602a6-c807-465f-9d8f-f66f5f070ce9,9d18b4f6-a4f5-4029-abb0-5c8926e16d19,2026-01-21,出席,
f98aacc3-3dcb-477c-be80-50e4286a8c4a,9d18b4f6-a4f5-4029-abb0-5c8926e16d19,2026-01-21,出席,
a44e6718-427b-43d1-93de-1e34ba3c4535,9d18b4f6-a4f5-4029-abb0-5c8926e16d19,2026-01-21,出席,
4f9e4c16-0f95-4adf-b383-593811de4c13,9d18b4f6-a4f5-4029-abb0-5c8926e16d19,2026-01-21,出席,
96cd39e1-d5c1-4994-b5a9-58e9cddfe5bf,20f8b798-8513-4df7-85f4-bcc36d3e3169,2026-01-25,出席,
373884c8-2e56-4019-a8e7-a9d292fa870b,20f8b798-8513-4df7-85f4-bcc36d3e3169,2026-01-25,出席,
3e92f8a4-49ab-42e9-9687-e6735b26411e,20f8b798-8513-4df7-85f4-bcc36d3e3169,2026-01-25,出席,
65443d7d-dd95-4dcf-8ab3-287e19edbf76,20f8b798-8513-4df7-85f4-bcc36d3e3169,2026-01-25,出席,
15b93f72-82ce-4fbe-920c-ca0c96931b6a,2e46f56e-0265-4fae-84ff-5679015d5dba,2026-01-25,出席,
b81410b2-eb80-4af4-8d00-528ce073d5bd,2e46f56e-0265-4fae-84ff-5679015d5dba,2026-01-25,出席,
ce174b57-1108-453b-bc60-f397ea0aacab,2e46f56e-0265-4fae-84ff-5679015d5dba,2026-01-25,出席,
0ae337c5-615d-476e-9cb9-1544bbb8c439,2e46f56e-0265-4fae-84ff-5679015d5dba,2026-01-25,出席,
d86901d2-1e2e-46b6-9f09-6f770bc683cb,2e46f56e-0265-4fae-84ff-5679015d5dba,2026-01-25,出席,
395e0b9d-acc1-4ef8-97ea-5c3ab4eb1ac8,2e46f56e-0265-4fae-84ff-5679015d5dba,2026-01-25,出席,
99d984ce-1e92-4741-9d2a-f6b588082de4,2e46f56e-0265-4fae-84ff-5679015d5dba,2026-01-25,出席,
915602a6-c807-465f-9d8f-f66f5f070ce9,9d18b4f6-a4f5-4029-abb0-5c8926e16d19,2026-01-28,出席,
f98aacc3-3dcb-477c-be80-50e4286a8c4a,9d18b4f6-a4f5-4029-abb0-5c8926e16d19,2026-01-28,出席,
a44e6718-427b-43d1-93de-1e34ba3c4535,9d18b4f6-a4f5-4029-abb0-5c8926e16d19,2026-01-28,出席,
4f9e4c16-0f95-4adf-b383-593811de4c13,9d18b4f6-a4f5-4029-abb0-5c8926e16d19,2026-01-28,出席,
108c284f-4f70-4689-a6c3-4af894eb74b4,ca098a4d-5d95-4846-9598-d76f112dd6ea,2026-02-01,出席,
c5ca6855-9331-4e61-af32-2d5dd9cd75cc,ca098a4d-5d95-4846-9598-d76f112dd6ea,2026-02-01,出席,
f93c9942-8f06-4354-9f95-30c01fd6b58d,ca098a4d-5d95-4846-9598-d76f112dd6ea,2026-02-01,出席,
b0107d72-413c-4e5b-94e0-0a4de1d14f6f,ca098a4d-5d95-4846-9598-d76f112dd6ea,2026-02-01,出席,
15b93f72-82ce-4fbe-920c-ca0c96931b6a,2e46f56e-0265-4fae-84ff-5679015d5dba,2026-02-01,出席,
b81410b2-eb80-4af4-8d00-528ce073d5bd,2e46f56e-0265-4fae-84ff-5679015d5dba,2026-02-01,出席,
ce174b57-1108-453b-bc60-f397ea0aacab,2e46f56e-0265-4fae-84ff-5679015d5dba,2026-02-01,出席,
0ae337c5-615d-476e-9cb9-1544bbb8c439,2e46f56e-0265-4fae-84ff-5679015d5dba,2026-02-01,出席,
d86901d2-1e2e-46b6-9f09-6f770bc683cb,2e46f56e-0265-4fae-84ff-5679015d5dba,2026-02-01,出席,
395e0b9d-acc1-4ef8-97ea-5c3ab4eb1ac8,2e46f56e-0265-4fae-84ff-5679015d5dba,2026-02-01,出席,
99d984ce-1e92-4741-9d2a-f6b588082de4,2e46f56e-0265-4fae-84ff-5679015d5dba,2026-02-01,出席,
879205e4-a499-445f-86ab-ff56f3569438,934f3f3a-5ba0-47a0-879a-3158e92416b8,2026-02-02,出席,
ce8c4982-bf08-4213-86f7-99292a8f70ff,934f3f3a-5ba0-47a0-879a-3158e92416b8,2026-02-02,出席,
d8423166-450c-4632-a18f-1da678532886,934f3f3a-5ba0-47a0-879a-3158e92416b8,2026-02-02,出席,
813935d3-09f3-4f8c-b633-6a3be4692649,e78ac7ea-67f8-4b15-86c4-445a29635b1f,2026-02-04,出席,
aeaa29b9-9ca0-43c5-954c-ee4757266a3c,e78ac7ea-67f8-4b15-86c4-445a29635b1f,2026-02-04,出席,
065d4b56-88e3-4063-91f1-4a4792add0c0,e78ac7ea-67f8-4b15-86c4-445a29635b1f,2026-02-04,出席,
915602a6-c807-465f-9d8f-f66f5f070ce9,9d18b4f6-a4f5-4029-abb0-5c8926e16d19,2026-02-04,出席,
f98aacc3-3dcb-477c-be80-50e4286a8c4a,9d18b4f6-a4f5-4029-abb0-5c8926e16d19,2026-02-04,出席,
a44e6718-427b-43d1-93de-1e34ba3c4535,9d18b4f6-a4f5-4029-abb0-5c8926e16d19,2026-02-04,出席,
4f9e4c16-0f95-4adf-b383-593811de4c13,9d18b4f6-a4f5-4029-abb0-5c8926e16d19,2026-02-04,出席,
813935d3-09f3-4f8c-b633-6a3be4692649,e78ac7ea-67f8-4b15-86c4-445a29635b1f,2026-02-11,出席,
aeaa29b9-9ca0-43c5-954c-ee4757266a3c,e78ac7ea-67f8-4b15-86c4-445a29635b1f,2026-02-11,出席,
065d4b56-88e3-4063-91f1-4a4792add0c0,e78ac7ea-67f8-4b15-86c4-445a29635b1f,2026-02-11,出席,
b0107d72-413c-4e5b-94e0-0a4de1d14f6f,e78ac7ea-67f8-4b15-86c4-445a29635b1f,2026-02-11,出席,
915602a6-c807-465f-9d8f-f66f5f070ce9,9d18b4f6-a4f5-4029-abb0-5c8926e16d19,2026-02-11,出席,
f98aacc3-3dcb-477c-be80-50e4286a8c4a,9d18b4f6-a4f5-4029-abb0-5c8926e16d19,2026-02-11,出席,
a44e6718-427b-43d1-93de-1e34ba3c4535,9d18b4f6-a4f5-4029-abb0-5c8926e16d19,2026-02-11,出席,
4f9e4c16-0f95-4adf-b383-593811de4c13,9d18b4f6-a4f5-4029-abb0-5c8926e16d19,2026-02-11,出席,
96cd39e1-d5c1-4994-b5a9-58e9cddfe5bf,20f8b798-8513-4df7-85f4-bcc36d3e3169,2026-02-22,出席,
373884c8-2e56-4019-a8e7-a9d292fa870b,20f8b798-8513-4df7-85f4-bcc36d3e3169,2026-02-22,出席,
3e92f8a4-49ab-42e9-9687-e6735b26411e,20f8b798-8513-4df7-85f4-bcc36d3e3169,2026-02-22,出席,
029ff376-ea0b-466e-8d78-6b71a4ca6e0e,20f8b798-8513-4df7-85f4-bcc36d3e3169,2026-02-22,出席,
65443d7d-dd95-4dcf-8ab3-287e19edbf76,20f8b798-8513-4df7-85f4-bcc36d3e3169,2026-02-22,出席,
d8423166-450c-4632-a18f-1da678532886,43c054d8-e240-48f5-b386-c597ae30ca7d,2026-02-22,出席,
c5ca6855-9331-4e61-af32-2d5dd9cd75cc,ca098a4d-5d95-4846-9598-d76f112dd6ea,2026-02-22,出席,
f93c9942-8f06-4354-9f95-30c01fd6b58d,ca098a4d-5d95-4846-9598-d76f112dd6ea,2026-02-22,出席,
15b93f72-82ce-4fbe-920c-ca0c96931b6a,2e46f56e-0265-4fae-84ff-5679015d5dba,2026-02-22,出席,
b81410b2-eb80-4af4-8d00-528ce073d5bd,2e46f56e-0265-4fae-84ff-5679015d5dba,2026-02-22,出席,
ce174b57-1108-453b-bc60-f397ea0aacab,2e46f56e-0265-4fae-84ff-5679015d5dba,2026-02-22,出席,
d86901d2-1e2e-46b6-9f09-6f770bc683cb,2e46f56e-0265-4fae-84ff-5679015d5dba,2026-02-22,出席,
395e0b9d-acc1-4ef8-97ea-5c3ab4eb1ac8,2e46f56e-0265-4fae-84ff-5679015d5dba,2026-02-22,出席,
813935d3-09f3-4f8c-b633-6a3be4692649,e78ac7ea-67f8-4b15-86c4-445a29635b1f,2026-02-25,出席,
aeaa29b9-9ca0-43c5-954c-ee4757266a3c,e78ac7ea-67f8-4b15-86c4-445a29635b1f,2026-02-25,出席,
065d4b56-88e3-4063-91f1-4a4792add0c0,e78ac7ea-67f8-4b15-86c4-445a29635b1f,2026-02-25,出席,
915602a6-c807-465f-9d8f-f66f5f070ce9,9d18b4f6-a4f5-4029-abb0-5c8926e16d19,2026-02-25,出席,
f98aacc3-3dcb-477c-be80-50e4286a8c4a,9d18b4f6-a4f5-4029-abb0-5c8926e16d19,2026-02-25,出席,
a44e6718-427b-43d1-93de-1e34ba3c4535,9d18b4f6-a4f5-4029-abb0-5c8926e16d19,2026-02-25,出席,
4f9e4c16-0f95-4adf-b383-593811de4c13,9d18b4f6-a4f5-4029-abb0-5c8926e16d19,2026-02-25,出席,
99d984ce-1e92-4741-9d2a-f6b588082de4,9d18b4f6-a4f5-4029-abb0-5c8926e16d19,2026-02-25,出席,
96cd39e1-d5c1-4994-b5a9-58e9cddfe5bf,20f8b798-8513-4df7-85f4-bcc36d3e3169,2026-03-01,出席,
373884c8-2e56-4019-a8e7-a9d292fa870b,20f8b798-8513-4df7-85f4-bcc36d3e3169,2026-03-01,出席,
3e92f8a4-49ab-42e9-9687-e6735b26411e,20f8b798-8513-4df7-85f4-bcc36d3e3169,2026-03-01,出席,
029ff376-ea0b-466e-8d78-6b71a4ca6e0e,20f8b798-8513-4df7-85f4-bcc36d3e3169,2026-03-01,出席,
65443d7d-dd95-4dcf-8ab3-287e19edbf76,20f8b798-8513-4df7-85f4-bcc36d3e3169,2026-03-01,出席,
b1d2933b-0459-4f85-9e0c-dd9eb0bc403a,43c054d8-e240-48f5-b386-c597ae30ca7d,2026-03-01,出席,
d8423166-450c-4632-a18f-1da678532886,43c054d8-e240-48f5-b386-c597ae30ca7d,2026-03-01,出席,
108c284f-4f70-4689-a6c3-4af894eb74b4,ca098a4d-5d95-4846-9598-d76f112dd6ea,2026-03-01,出席,
c5ca6855-9331-4e61-af32-2d5dd9cd75cc,ca098a4d-5d95-4846-9598-d76f112dd6ea,2026-03-01,出席,
f93c9942-8f06-4354-9f95-30c01fd6b58d,ca098a4d-5d95-4846-9598-d76f112dd6ea,2026-03-01,出席,
b0107d72-413c-4e5b-94e0-0a4de1d14f6f,ca098a4d-5d95-4846-9598-d76f112dd6ea,2026-03-01,出席,
15b93f72-82ce-4fbe-920c-ca0c96931b6a,2e46f56e-0265-4fae-84ff-5679015d5dba,2026-03-01,出席,
b81410b2-eb80-4af4-8d00-528ce073d5bd,2e46f56e-0265-4fae-84ff-5679015d5dba,2026-03-01,出席,
ce174b57-1108-453b-bc60-f397ea0aacab,2e46f56e-0265-4fae-84ff-5679015d5dba,2026-03-01,出席,
0ae337c5-615d-476e-9cb9-1544bbb8c439,2e46f56e-0265-4fae-84ff-5679015d5dba,2026-03-01,出席,
d86901d2-1e2e-46b6-9f09-6f770bc683cb,2e46f56e-0265-4fae-84ff-5679015d5dba,2026-03-01,出席,
395e0b9d-acc1-4ef8-97ea-5c3ab4eb1ac8,2e46f56e-0265-4fae-84ff-5679015d5dba,2026-03-01,出席,
99d984ce-1e92-4741-9d2a-f6b588082de4,2e46f56e-0265-4fae-84ff-5679015d5dba,2026-03-01,出席,
f7c8f44b-990d-4d06-b80b-3e050aec614c,d3bbaf3f-9465-443a-8507-19456e2e86c0,2026-03-02,出席,
879205e4-a499-445f-86ab-ff56f3569438,934f3f3a-5ba0-47a0-879a-3158e92416b8,2026-03-02,出席,
ce8c4982-bf08-4213-86f7-99292a8f70ff,934f3f3a-5ba0-47a0-879a-3158e92416b8,2026-03-02,出席,
d8423166-450c-4632-a18f-1da678532886,934f3f3a-5ba0-47a0-879a-3158e92416b8,2026-03-02,出席,
813935d3-09f3-4f8c-b633-6a3be4692649,e78ac7ea-67f8-4b15-86c4-445a29635b1f,2026-03-04,出席,
aeaa29b9-9ca0-43c5-954c-ee4757266a3c,e78ac7ea-67f8-4b15-86c4-445a29635b1f,2026-03-04,出席,
065d4b56-88e3-4063-91f1-4a4792add0c0,e78ac7ea-67f8-4b15-86c4-445a29635b1f,2026-03-04,出席,
915602a6-c807-465f-9d8f-f66f5f070ce9,9d18b4f6-a4f5-4029-abb0-5c8926e16d19,2026-03-04,出席,
f98aacc3-3dcb-477c-be80-50e4286a8c4a,9d18b4f6-a4f5-4029-abb0-5c8926e16d19,2026-03-04,出席,
a44e6718-427b-43d1-93de-1e34ba3c4535,9d18b4f6-a4f5-4029-abb0-5c8926e16d19,2026-03-04,出席,
4f9e4c16-0f95-4adf-b383-593811de4c13,9d18b4f6-a4f5-4029-abb0-5c8926e16d19,2026-03-04,出席,
ce174b57-1108-453b-bc60-f397ea0aacab,51696dbe-1d38-4112-9859-29ecb25d5a6d,2026-03-04,出席,
f13c6165-aeeb-4791-ba10-a2de49b58f49,51696dbe-1d38-4112-9859-29ecb25d5a6d,2026-03-04,出席,
0ae337c5-615d-476e-9cb9-1544bbb8c439,51696dbe-1d38-4112-9859-29ecb25d5a6d,2026-03-04,出席,
b0107d72-413c-4e5b-94e0-0a4de1d14f6f,51696dbe-1d38-4112-9859-29ecb25d5a6d,2026-03-04,出席,
c6cdae79-baa1-425e-8345-976e45c84315,717fc491-c5c3-4e59-a48a-ecaf23d168b5,2026-03-05,出席,[2526出席CSV] 教學紀錄: 阮心兒試課不用點名 surd ws + mindmap
86d25c49-66d0-406b-a725-5b4973f21df3,717fc491-c5c3-4e59-a48a-ecaf23d168b5,2026-03-05,出席,[2526出席CSV] 教學紀錄: 阮心兒試課不用點名 surd ws + mindmap
17575f59-9a5a-4d56-8e46-b75c6c2ae37c,717fc491-c5c3-4e59-a48a-ecaf23d168b5,2026-03-05,出席,[2526出席CSV] 教學紀錄: 阮心兒試課不用點名 surd ws + mindmap
0390c81e-b8b3-4d1e-a0f0-b2cdaae2c6a9,717fc491-c5c3-4e59-a48a-ecaf23d168b5,2026-03-05,出席,[2526出席CSV] 教學紀錄: 阮心兒試課不用點名 surd ws + mindmap
65443d7d-dd95-4dcf-8ab3-287e19edbf76,1c46b037-f332-4eb0-9540-5f04a052570b,2026-03-05,出席,[2526出席CSV] 教學紀錄: Max Video Log Test 陳偉傑 Factorization ws
a09da146-6195-4d68-a1f8-22a8202a1f3d,1c46b037-f332-4eb0-9540-5f04a052570b,2026-03-05,出席,[2526出席CSV] 教學紀錄: Max Video Log Test 陳偉傑 Factorization ws
db2d4d1b-7b41-461f-bd22-8b86e0e27014,1c46b037-f332-4eb0-9540-5f04a052570b,2026-03-05,出席,[2526出席CSV] 教學紀錄: Max Video Log Test 陳偉傑 Factorization ws
301a4b5e-c55d-4b4d-91d7-0bc05aada67d,5563dfc9-cbb2-4dfb-8cc5-f3709ce0cb76,2026-03-06,出席,[2526出席CSV] 教學紀錄: 學友社2022-23 P1 Q1-13 袁卓楠、譚廣傑video
395e0b9d-acc1-4ef8-97ea-5c3ab4eb1ac8,5563dfc9-cbb2-4dfb-8cc5-f3709ce0cb76,2026-03-06,出席,[2526出席CSV] 教學紀錄: 學友社2022-23 P1 Q1-13 袁卓楠、譚廣傑video
a44e6718-427b-43d1-93de-1e34ba3c4535,5563dfc9-cbb2-4dfb-8cc5-f3709ce0cb76,2026-03-06,出席,[2526出席CSV] 教學紀錄: 學友社2022-23 P1 Q1-13 袁卓楠、譚廣傑video
e2ff6f4b-ce16-4dca-8a01-82d69a552a68,5563dfc9-cbb2-4dfb-8cc5-f3709ce0cb76,2026-03-06,出席,[2526出席CSV] 教學紀錄: 學友社2022-23 P1 Q1-13 袁卓楠、譚廣傑video
223038a1-164b-482a-9408-1007dc373467,e4aa21ce-1d5e-4e6a-b13a-6e274a27a1d2,2026-03-07,出席,[2526出席CSV] 教學紀錄: 2025 P1 Q-10
174c983e-7ecf-432d-acc7-c60d0fa48623,e4aa21ce-1d5e-4e6a-b13a-6e274a27a1d2,2026-03-07,出席,[2526出席CSV] 教學紀錄: 2025 P1 Q-10
058ed296-1bba-4bd0-8e6e-482d585fabdd,370475e2-9a1e-4778-84b1-d097b4133f93,2026-03-07,出席,[2526出席CSV] 教學紀錄: CCH 1213 P2 finished
058ed296-1bba-4bd0-8e6e-482d585fabdd,0ad6a2f9-a31f-4e3b-a04a-d23c3cd1e405,2026-03-07,出席,[2526出席CSV] 教學紀錄: 1617 P1 Mock Q1-9
2f2cbe75-b1a6-4235-b2f5-05fc3a752aa6,36de22e8-74e0-41e0-af01-a6cfaf72651f,2026-03-07,出席,
5707f4fb-4f63-4098-86d8-8682033e5859,36de22e8-74e0-41e0-af01-a6cfaf72651f,2026-03-07,出席,
025a1e5d-1af3-4ca9-bb2e-42e636b03ffb,0ad6a2f9-a31f-4e3b-a04a-d23c3cd1e405,2026-03-07,出席,
550ef8fa-8579-42a7-904c-e634a697ae5c,e4aa21ce-1d5e-4e6a-b13a-6e274a27a1d2,2026-03-07,出席,
7ffd3cb4-45b3-4a6b-bde3-2e9a7b5c37a0,e4aa21ce-1d5e-4e6a-b13a-6e274a27a1d2,2026-03-07,出席,
28396f5a-c066-43bf-bcc6-cfd4fee72e92,e45bc7fb-1ce4-4f71-b50b-601791a48a9a,2026-03-07,出席,
5214a841-39c8-4805-8720-c20a7f202d98,e45bc7fb-1ce4-4f71-b50b-601791a48a9a,2026-03-07,出席,
4ddd2ba1-1d17-46e8-b9c3-11c38a584254,e45bc7fb-1ce4-4f71-b50b-601791a48a9a,2026-03-07,出席,
879205e4-a499-445f-86ab-ff56f3569438,e45bc7fb-1ce4-4f71-b50b-601791a48a9a,2026-03-07,出席,
ce8c4982-bf08-4213-86f7-99292a8f70ff,e45bc7fb-1ce4-4f71-b50b-601791a48a9a,2026-03-07,出席,
3e419707-1d86-4a23-b369-46e34f95957f,e45bc7fb-1ce4-4f71-b50b-601791a48a9a,2026-03-07,出席,
813935d3-09f3-4f8c-b633-6a3be4692649,167607d0-b816-4485-9030-ff617f8b4382,2026-03-07,出席,[2526出席CSV] 教學紀錄: 3D notes | 請堂或補堂紀錄（老師填寫）: 徐思思video
c5ca6855-9331-4e61-af32-2d5dd9cd75cc,167607d0-b816-4485-9030-ff617f8b4382,2026-03-07,出席,[2526出席CSV] 教學紀錄: 3D notes | 請堂或補堂紀錄（老師填寫）: 徐思思video
aeaa29b9-9ca0-43c5-954c-ee4757266a3c,167607d0-b816-4485-9030-ff617f8b4382,2026-03-07,出席,[2526出席CSV] 教學紀錄: 3D notes | 請堂或補堂紀錄（老師填寫）: 徐思思video
f93c9942-8f06-4354-9f95-30c01fd6b58d,167607d0-b816-4485-9030-ff617f8b4382,2026-03-07,出席,[2526出席CSV] 教學紀錄: 3D notes | 請堂或補堂紀錄（老師填寫）: 徐思思video
3f44050b-d295-4ed4-ae90-6f58eafdcccd,167607d0-b816-4485-9030-ff617f8b4382,2026-03-07,出席,[2526出席CSV] 教學紀錄: 3D notes | 請堂或補堂紀錄（老師填寫）: 徐思思video
b0107d72-413c-4e5b-94e0-0a4de1d14f6f,167607d0-b816-4485-9030-ff617f8b4382,2026-03-07,出席,[2526出席CSV] 教學紀錄: 3D notes | 請堂或補堂紀錄（老師填寫）: 徐思思video
6febe4d0-557d-48a2-b283-07963139d5c3,0fc0070f-98b1-49af-869d-4a5ce0776428,2026-03-06,出席,[2526出席CSV] 教學紀錄: 3D notes
20361dec-731e-4c2f-bf0b-0b8f474361ff,0fc0070f-98b1-49af-869d-4a5ce0776428,2026-03-06,出席,[2526出席CSV] 教學紀錄: 3D notes
d0490601-ab06-4b2f-b3e3-6e06007665c9,acc8f2a0-e390-4569-bd1c-494cc176fb84,2026-03-07,出席,
c6cdae79-baa1-425e-8345-976e45c84315,21627141-68b0-4be0-a072-8cc7c4878654,2026-02-28,出席,
17575f59-9a5a-4d56-8e46-b75c6c2ae37c,21627141-68b0-4be0-a072-8cc7c4878654,2026-02-28,出席,
2f2cbe75-b1a6-4235-b2f5-05fc3a752aa6,36de22e8-74e0-41e0-af01-a6cfaf72651f,2026-02-28,出席,
5707f4fb-4f63-4098-86d8-8682033e5859,36de22e8-74e0-41e0-af01-a6cfaf72651f,2026-02-28,出席,
1a034fbe-7be1-4a3a-954a-0e6e371cd52f,6e0c9d6f-029a-4966-9612-6a580ba54aeb,2026-02-28,出席,
879205e4-a499-445f-86ab-ff56f3569438,6e0c9d6f-029a-4966-9612-6a580ba54aeb,2026-02-28,出席,
20361dec-731e-4c2f-bf0b-0b8f474361ff,eb9d88d8-cb5c-4ea5-aae2-ada9dd4a99ba,2026-02-28,出席,
aeaa29b9-9ca0-43c5-954c-ee4757266a3c,eb9d88d8-cb5c-4ea5-aae2-ada9dd4a99ba,2026-02-28,出席,
b1d2933b-0459-4f85-9e0c-dd9eb0bc403a,21627141-68b0-4be0-a072-8cc7c4878654,2026-03-07,出席,
17575f59-9a5a-4d56-8e46-b75c6c2ae37c,21627141-68b0-4be0-a072-8cc7c4878654,2026-03-07,出席,
058ed296-1bba-4bd0-8e6e-482d585fabdd,dbdc70bd-3489-45f5-bb5c-618c378bfec4,2026-03-07,出席,
1a034fbe-7be1-4a3a-954a-0e6e371cd52f,6e0c9d6f-029a-4966-9612-6a580ba54aeb,2026-03-07,出席,
879205e4-a499-445f-86ab-ff56f3569438,6e0c9d6f-029a-4966-9612-6a580ba54aeb,2026-03-07,出席,
20361dec-731e-4c2f-bf0b-0b8f474361ff,eb9d88d8-cb5c-4ea5-aae2-ada9dd4a99ba,2026-03-07,出席,
813935d3-09f3-4f8c-b633-6a3be4692649,eb9d88d8-cb5c-4ea5-aae2-ada9dd4a99ba,2026-03-07,出席,
aeaa29b9-9ca0-43c5-954c-ee4757266a3c,eb9d88d8-cb5c-4ea5-aae2-ada9dd4a99ba,2026-03-07,出席,
28396f5a-c066-43bf-bcc6-cfd4fee72e92,e45bc7fb-1ce4-4f71-b50b-601791a48a9a,2026-02-14,出席,
5214a841-39c8-4805-8720-c20a7f202d98,e45bc7fb-1ce4-4f71-b50b-601791a48a9a,2026-02-14,出席,
4ddd2ba1-1d17-46e8-b9c3-11c38a584254,e45bc7fb-1ce4-4f71-b50b-601791a48a9a,2026-02-14,出席,
02bb5dac-c1fd-43a6-aa6b-0544929c0672,529c3dc8-81dd-44e2-a849-061c93f73d0b,2026-03-08,出席,
8fd4f614-b322-4785-967c-daa035605150,529c3dc8-81dd-44e2-a849-061c93f73d0b,2026-03-08,出席,
754fdd71-0513-4200-a1f4-b5051fb183c6,529c3dc8-81dd-44e2-a849-061c93f73d0b,2026-03-08,出席,
065d4b56-88e3-4063-91f1-4a4792add0c0,93560085-b304-4169-b604-0cc96af25cc8,2026-03-08,出席,
7a68bb12-3c7e-4a6e-918d-99caa4f3427a,529c3dc8-81dd-44e2-a849-061c93f73d0b,2026-03-08,出席,
0b656f33-268d-4d21-a49f-a37818134fa2,529c3dc8-81dd-44e2-a849-061c93f73d0b,2026-03-08,出席,
bb8803c5-0b02-47ee-afc6-af3d0240705c,529c3dc8-81dd-44e2-a849-061c93f73d0b,2026-03-08,出席,
f93c9942-8f06-4354-9f95-30c01fd6b58d,aaa3f0f8-bb13-4442-8e4f-27a4327f9f75,2026-03-08,出席,[2526出席CSV] 請堂或補堂紀錄（老師填寫）: 佳鑫 影片補堂
2d75a8f3-7d21-49e3-985c-6b7defb351fc,aaa3f0f8-bb13-4442-8e4f-27a4327f9f75,2026-03-08,出席,[2526出席CSV] 請堂或補堂紀錄（老師填寫）: 佳鑫 影片補堂
5174ab4c-3cf9-4640-97c8-78dd6f83c44e,aaa3f0f8-bb13-4442-8e4f-27a4327f9f75,2026-03-08,出席,[2526出席CSV] 請堂或補堂紀錄（老師填寫）: 佳鑫 影片補堂
c5ca6855-9331-4e61-af32-2d5dd9cd75cc,aaa3f0f8-bb13-4442-8e4f-27a4327f9f75,2026-03-08,出席,[2526出席CSV] 請堂或補堂紀錄（老師填寫）: 佳鑫 影片補堂
915602a6-c807-465f-9d8f-f66f5f070ce9,aaa3f0f8-bb13-4442-8e4f-27a4327f9f75,2026-03-08,出席,[2526出席CSV] 請堂或補堂紀錄（老師填寫）: 佳鑫 影片補堂
174c983e-7ecf-432d-acc7-c60d0fa48623,aaa3f0f8-bb13-4442-8e4f-27a4327f9f75,2026-03-08,出席,[2526出席CSV] 請堂或補堂紀錄（老師填寫）: 佳鑫 影片補堂
c73ff545-d4b8-4b06-9972-a076406b406a,ccb0e36e-a62e-405b-ad5d-5d227e49e63e,2026-03-08,出席,
813935d3-09f3-4f8c-b633-6a3be4692649,4f7902da-2259-40bf-af6a-87f3aaa40d68,2026-03-08,出席,
3bf0758e-7f75-403c-82eb-a995ef71f447,72f4a923-5ac0-4183-bb70-bc64349ff3af,2026-03-08,出席,
0390c81e-b8b3-4d1e-a0f0-b2cdaae2c6a9,5142c9f1-a369-4ed4-a1bf-042d0f49b65b,2026-03-08,出席,
e937c6a5-9116-44f3-a203-318c48fa6aec,f3f6f42a-90e4-4bf2-b92b-3f12416db9f3,2026-03-08,出席,
ce8c4982-bf08-4213-86f7-99292a8f70ff,f3f6f42a-90e4-4bf2-b92b-3f12416db9f3,2026-03-08,出席,
d9b18c83-41c2-4e39-94f9-95513e096c39,5142c9f1-a369-4ed4-a1bf-042d0f49b65b,2026-03-08,出席,
e850f4ce-0e20-4280-9d14-b5f85b39dcdc,5142c9f1-a369-4ed4-a1bf-042d0f49b65b,2026-03-08,出席,
813935d3-09f3-4f8c-b633-6a3be4692649,5142c9f1-a369-4ed4-a1bf-042d0f49b65b,2026-03-08,出席,
154bec19-0f58-47ee-9a40-1d33ff0e0f2a,370475e2-9a1e-4778-84b1-d097b4133f93,2026-03-07,出席,[2526出席CSV] 教學紀錄: True Light 23-24 P2 Mock 差Q30-45未對
411f1dad-c0d2-4205-b84e-3f342ee5c54c,370475e2-9a1e-4778-84b1-d097b4133f93,2026-03-07,出席,[2526出席CSV] 教學紀錄: True Light 23-24 P2 Mock 差Q30-45未對
a09f0716-e546-4db0-aa69-30ff70ae6fb1,370475e2-9a1e-4778-84b1-d097b4133f93,2026-03-07,出席,[2526出席CSV] 教學紀錄: True Light 23-24 P2 Mock 差Q30-45未對
a50f0a8f-6112-4444-9d65-f1eb29b6968f,370475e2-9a1e-4778-84b1-d097b4133f93,2026-03-07,出席,[2526出席CSV] 教學紀錄: True Light 23-24 P2 Mock 差Q30-45未對
cc09b6ef-d2b0-437b-9d42-c2f65d9b0959,370475e2-9a1e-4778-84b1-d097b4133f93,2026-03-07,出席,[2526出席CSV] 教學紀錄: True Light 23-24 P2 Mock 差Q30-45未對
e2ff6f4b-ce16-4dca-8a01-82d69a552a68,370475e2-9a1e-4778-84b1-d097b4133f93,2026-03-07,出席,[2526出席CSV] 教學紀錄: True Light 23-24 P2 Mock 差Q30-45未對
b173bc1e-153d-4ef7-9ed6-a36be060319c,94194de7-9fd3-4c44-9b29-0030c7616f08,2026-03-07,出席,[2526出席CSV] 教學紀錄: Log test ws 李靖彤、李承峰video
96cd39e1-d5c1-4994-b5a9-58e9cddfe5bf,94194de7-9fd3-4c44-9b29-0030c7616f08,2026-03-07,出席,[2526出席CSV] 教學紀錄: Log test ws 李靖彤、李承峰video
97f16885-242d-47f8-bc22-f80468c8fb70,94194de7-9fd3-4c44-9b29-0030c7616f08,2026-03-07,出席,[2526出席CSV] 教學紀錄: Log test ws 李靖彤、李承峰video
3e92f8a4-49ab-42e9-9687-e6735b26411e,94194de7-9fd3-4c44-9b29-0030c7616f08,2026-03-07,出席,[2526出席CSV] 教學紀錄: Log test ws 李靖彤、李承峰video
40740569-ed26-4b9c-9bca-1afb6eb920ab,94194de7-9fd3-4c44-9b29-0030c7616f08,2026-03-07,出席,[2526出席CSV] 教學紀錄: Log test ws 李靖彤、李承峰video
ce8c4982-bf08-4213-86f7-99292a8f70ff,1db99818-f7fe-4e73-b8d5-c306ae33b0d2,2026-03-10,出席,[2526出席CSV] 教學紀錄: Area and Volume Test finished
879205e4-a499-445f-86ab-ff56f3569438,1db99818-f7fe-4e73-b8d5-c306ae33b0d2,2026-03-10,出席,[2526出席CSV] 教學紀錄: Area and Volume Test finished
3e419707-1d86-4a23-b369-46e34f95957f,1db99818-f7fe-4e73-b8d5-c306ae33b0d2,2026-03-10,出席,[2526出席CSV] 教學紀錄: Area and Volume Test finished
50d43ef7-b5a2-46a4-9925-2073ddb055f9,649fcde3-4df4-424d-a957-9f26f4ded592,2026-03-10,出席,[2526出席CSV] 教學紀錄: cont 2025 P1; Assign 2025 P2
2f2cbe75-b1a6-4235-b2f5-05fc3a752aa6,1aad19f0-38ce-4787-9fbf-fa92d4774e0f,2026-03-01,出席,
a644ff5a-3115-47f4-ade3-7a2fca30897e,1aad19f0-38ce-4787-9fbf-fa92d4774e0f,2026-03-01,出席,
0ae337c5-615d-476e-9cb9-1544bbb8c439,1aad19f0-38ce-4787-9fbf-fa92d4774e0f,2026-03-01,出席,
d86901d2-1e2e-46b6-9f09-6f770bc683cb,1aad19f0-38ce-4787-9fbf-fa92d4774e0f,2026-03-01,出席,
5174ab4c-3cf9-4640-97c8-78dd6f83c44e,730ca500-137f-4c89-86d1-c835bd0c0273,2026-03-01,出席,
0d708d45-f2c3-4edc-bf6e-f11f4f37abc0,4b932585-aee6-4d85-8d4f-53045a4ffdb5,2026-03-06,出席,
db303f37-2f92-4c35-8a7d-dd8773d1507a,4b932585-aee6-4d85-8d4f-53045a4ffdb5,2026-03-06,出席,
fa7e5572-9889-486d-9ea6-29d17ce33e4f,cf2ed201-b3bf-45cc-ac38-011bd14d1c57,2026-03-06,出席,
b09a62d4-58b0-4ba8-a413-6263a03eec8c,cf2ed201-b3bf-45cc-ac38-011bd14d1c57,2026-03-06,出席,
8b67097c-4edf-4e5a-b370-a2972e4322ef,cf2ed201-b3bf-45cc-ac38-011bd14d1c57,2026-03-06,出席,
fc090614-5e34-4daf-b367-62b79b3ecb57,cf2ed201-b3bf-45cc-ac38-011bd14d1c57,2026-03-06,出席,
2f2cbe75-b1a6-4235-b2f5-05fc3a752aa6,1aad19f0-38ce-4787-9fbf-fa92d4774e0f,2026-03-08,出席,
a644ff5a-3115-47f4-ade3-7a2fca30897e,1aad19f0-38ce-4787-9fbf-fa92d4774e0f,2026-03-08,出席,
0ae337c5-615d-476e-9cb9-1544bbb8c439,1aad19f0-38ce-4787-9fbf-fa92d4774e0f,2026-03-08,出席,
d86901d2-1e2e-46b6-9f09-6f770bc683cb,1aad19f0-38ce-4787-9fbf-fa92d4774e0f,2026-03-08,出席,
5174ab4c-3cf9-4640-97c8-78dd6f83c44e,730ca500-137f-4c89-86d1-c835bd0c0273,2026-03-08,出席,
223038a1-164b-482a-9408-1007dc373467,156e4f4b-99d6-41ea-b6c6-b17eb7d97bd5,2026-03-11,出席,[2526出席CSV] 教學紀錄: cont 2025 DSE P1 Q6-15 finished
174c983e-7ecf-432d-acc7-c60d0fa48623,156e4f4b-99d6-41ea-b6c6-b17eb7d97bd5,2026-03-11,出席,[2526出席CSV] 教學紀錄: cont 2025 DSE P1 Q6-15 finished
ce174b57-1108-453b-bc60-f397ea0aacab,51696dbe-1d38-4112-9859-29ecb25d5a6d,2026-03-11,出席,
f13c6165-aeeb-4791-ba10-a2de49b58f49,51696dbe-1d38-4112-9859-29ecb25d5a6d,2026-03-11,出席,
0ae337c5-615d-476e-9cb9-1544bbb8c439,51696dbe-1d38-4112-9859-29ecb25d5a6d,2026-03-11,出席,
b0107d72-413c-4e5b-94e0-0a4de1d14f6f,51696dbe-1d38-4112-9859-29ecb25d5a6d,2026-03-11,出席,
c6cdae79-baa1-425e-8345-976e45c84315,717fc491-c5c3-4e59-a48a-ecaf23d168b5,2026-03-12,出席,[2526出席CSV] 教學紀錄: Video Pyth P稿+Trigo ratio N
86d25c49-66d0-406b-a725-5b4973f21df3,717fc491-c5c3-4e59-a48a-ecaf23d168b5,2026-03-12,出席,[2526出席CSV] 教學紀錄: Video Pyth P稿+Trigo ratio N
17575f59-9a5a-4d56-8e46-b75c6c2ae37c,717fc491-c5c3-4e59-a48a-ecaf23d168b5,2026-03-12,出席,[2526出席CSV] 教學紀錄: Video Pyth P稿+Trigo ratio N
0390c81e-b8b3-4d1e-a0f0-b2cdaae2c6a9,717fc491-c5c3-4e59-a48a-ecaf23d168b5,2026-03-12,出席,[2526出席CSV] 教學紀錄: Video Pyth P稿+Trigo ratio N
301a4b5e-c55d-4b4d-91d7-0bc05aada67d,5563dfc9-cbb2-4dfb-8cc5-f3709ce0cb76,2026-03-13,出席,[2526出席CSV] 教學紀錄: 2022/23 學友社P1 Q14-18
395e0b9d-acc1-4ef8-97ea-5c3ab4eb1ac8,5563dfc9-cbb2-4dfb-8cc5-f3709ce0cb76,2026-03-13,出席,[2526出席CSV] 教學紀錄: 2022/23 學友社P1 Q14-18
a44e6718-427b-43d1-93de-1e34ba3c4535,5563dfc9-cbb2-4dfb-8cc5-f3709ce0cb76,2026-03-13,出席,[2526出席CSV] 教學紀錄: 2022/23 學友社P1 Q14-18
e2ff6f4b-ce16-4dca-8a01-82d69a552a68,5563dfc9-cbb2-4dfb-8cc5-f3709ce0cb76,2026-03-13,出席,[2526出席CSV] 教學紀錄: 2022/23 學友社P1 Q14-18
b1d2933b-0459-4f85-9e0c-dd9eb0bc403a,21627141-68b0-4be0-a072-8cc7c4878654,2026-03-14,出席,
c6cdae79-baa1-425e-8345-976e45c84315,21627141-68b0-4be0-a072-8cc7c4878654,2026-03-14,出席,
17575f59-9a5a-4d56-8e46-b75c6c2ae37c,21627141-68b0-4be0-a072-8cc7c4878654,2026-03-14,出席,
bdf4ef17-29f2-4d92-8ea9-ab06b9e47f1d,910c4b0e-0bfd-420f-a51c-523efa2d6c6a,2026-03-12,出席,
f11cc305-e7d8-4296-a524-421d7d53212f,910c4b0e-0bfd-420f-a51c-523efa2d6c6a,2026-03-12,出席,
058ed296-1bba-4bd0-8e6e-482d585fabdd,370475e2-9a1e-4778-84b1-d097b4133f93,2026-03-14,出席,[2526出席CSV] 教學紀錄: finished 1617 CCH P1
058ed296-1bba-4bd0-8e6e-482d585fabdd,0ad6a2f9-a31f-4e3b-a04a-d23c3cd1e405,2026-03-14,出席,[2526出席CSV] 教學紀錄: finished 1617 CCH P1
813935d3-09f3-4f8c-b633-6a3be4692649,167607d0-b816-4485-9030-ff617f8b4382,2026-03-14,出席,[2526出席CSV] 教學紀錄: Finished 3D 2D yy2 test MCQ only 下堂繼續yy2 test LQ
c5ca6855-9331-4e61-af32-2d5dd9cd75cc,167607d0-b816-4485-9030-ff617f8b4382,2026-03-14,出席,[2526出席CSV] 教學紀錄: Finished 3D 2D yy2 test MCQ only 下堂繼續yy2 test LQ
aeaa29b9-9ca0-43c5-954c-ee4757266a3c,167607d0-b816-4485-9030-ff617f8b4382,2026-03-14,出席,[2526出席CSV] 教學紀錄: Finished 3D 2D yy2 test MCQ only 下堂繼續yy2 test LQ
f93c9942-8f06-4354-9f95-30c01fd6b58d,167607d0-b816-4485-9030-ff617f8b4382,2026-03-14,出席,[2526出席CSV] 教學紀錄: Finished 3D 2D yy2 test MCQ only 下堂繼續yy2 test LQ
3f44050b-d295-4ed4-ae90-6f58eafdcccd,167607d0-b816-4485-9030-ff617f8b4382,2026-03-14,出席,[2526出席CSV] 教學紀錄: Finished 3D 2D yy2 test MCQ only 下堂繼續yy2 test LQ
b0107d72-413c-4e5b-94e0-0a4de1d14f6f,167607d0-b816-4485-9030-ff617f8b4382,2026-03-14,出席,[2526出席CSV] 教學紀錄: Finished 3D 2D yy2 test MCQ only 下堂繼續yy2 test LQ
6febe4d0-557d-48a2-b283-07963139d5c3,0fc0070f-98b1-49af-869d-4a5ce0776428,2026-03-14,出席,[2526出席CSV] 教學紀錄: Finished 3D 2D yy2 test MCQ only 下堂繼續yy2 test LQ
20361dec-731e-4c2f-bf0b-0b8f474361ff,0fc0070f-98b1-49af-869d-4a5ce0776428,2026-03-14,出席,[2526出席CSV] 教學紀錄: Finished 3D 2D yy2 test MCQ only 下堂繼續yy2 test LQ
65443d7d-dd95-4dcf-8ab3-287e19edbf76,1c46b037-f332-4eb0-9540-5f04a052570b,2026-03-14,出席,[2526出席CSV] 教學紀錄: HCF/LCM test ws | 請堂或補堂紀錄（老師填寫）: Max Video
a09da146-6195-4d68-a1f8-22a8202a1f3d,1c46b037-f332-4eb0-9540-5f04a052570b,2026-03-14,出席,[2526出席CSV] 教學紀錄: HCF/LCM test ws | 請堂或補堂紀錄（老師填寫）: Max Video
db2d4d1b-7b41-461f-bd22-8b86e0e27014,1c46b037-f332-4eb0-9540-5f04a052570b,2026-03-14,出席,[2526出席CSV] 教學紀錄: HCF/LCM test ws | 請堂或補堂紀錄（老師填寫）: Max Video
b173bc1e-153d-4ef7-9ed6-a36be060319c,94194de7-9fd3-4c44-9b29-0030c7616f08,2026-03-14,出席,[2526出席CSV] 教學紀錄: HCF/LCM test ws | 請堂或補堂紀錄（老師填寫）: 李靖彤病假video
96cd39e1-d5c1-4994-b5a9-58e9cddfe5bf,94194de7-9fd3-4c44-9b29-0030c7616f08,2026-03-14,出席,[2526出席CSV] 教學紀錄: HCF/LCM test ws | 請堂或補堂紀錄（老師填寫）: 李靖彤病假video
97f16885-242d-47f8-bc22-f80468c8fb70,94194de7-9fd3-4c44-9b29-0030c7616f08,2026-03-14,出席,[2526出席CSV] 教學紀錄: HCF/LCM test ws | 請堂或補堂紀錄（老師填寫）: 李靖彤病假video
40740569-ed26-4b9c-9bca-1afb6eb920ab,94194de7-9fd3-4c44-9b29-0030c7616f08,2026-03-14,出席,[2526出席CSV] 教學紀錄: HCF/LCM test ws | 請堂或補堂紀錄（老師填寫）: 李靖彤病假video
3e92f8a4-49ab-42e9-9687-e6735b26411e,94194de7-9fd3-4c44-9b29-0030c7616f08,2026-03-14,出席,[2526出席CSV] 教學紀錄: HCF/LCM test ws | 請堂或補堂紀錄（老師填寫）: 李靖彤病假video
bdf4ef17-29f2-4d92-8ea9-ab06b9e47f1d,68e5db0d-0d0d-4b30-8b5c-24f9b3f56f73,2026-03-14,出席,
f11cc305-e7d8-4296-a524-421d7d53212f,68e5db0d-0d0d-4b30-8b5c-24f9b3f56f73,2026-03-14,出席,
f93c9942-8f06-4354-9f95-30c01fd6b58d,aaa3f0f8-bb13-4442-8e4f-27a4327f9f75,2026-03-14,出席,
2d75a8f3-7d21-49e3-985c-6b7defb351fc,aaa3f0f8-bb13-4442-8e4f-27a4327f9f75,2026-03-14,出席,
5174ab4c-3cf9-4640-97c8-78dd6f83c44e,aaa3f0f8-bb13-4442-8e4f-27a4327f9f75,2026-03-14,出席,
c5ca6855-9331-4e61-af32-2d5dd9cd75cc,aaa3f0f8-bb13-4442-8e4f-27a4327f9f75,2026-03-14,出席,
915602a6-c807-465f-9d8f-f66f5f070ce9,aaa3f0f8-bb13-4442-8e4f-27a4327f9f75,2026-03-14,出席,
174c983e-7ecf-432d-acc7-c60d0fa48623,aaa3f0f8-bb13-4442-8e4f-27a4327f9f75,2026-03-14,出席,
813935d3-09f3-4f8c-b633-6a3be4692649,aaa3f0f8-bb13-4442-8e4f-27a4327f9f75,2026-03-14,出席,
e850f4ce-0e20-4280-9d14-b5f85b39dcdc,aaa3f0f8-bb13-4442-8e4f-27a4327f9f75,2026-03-14,出席,
d9b18c83-41c2-4e39-94f9-95513e096c39,aaa3f0f8-bb13-4442-8e4f-27a4327f9f75,2026-03-14,出席,
154bec19-0f58-47ee-9a40-1d33ff0e0f2a,370475e2-9a1e-4778-84b1-d097b4133f93,2026-03-14,出席,[2526出席CSV] 教學紀錄: 九真2324 Mock P1 | 請堂或補堂紀錄（老師填寫）: 蘿希文video
411f1dad-c0d2-4205-b84e-3f342ee5c54c,370475e2-9a1e-4778-84b1-d097b4133f93,2026-03-14,出席,[2526出席CSV] 教學紀錄: 九真2324 Mock P1 | 請堂或補堂紀錄（老師填寫）: 蘿希文video
a09f0716-e546-4db0-aa69-30ff70ae6fb1,370475e2-9a1e-4778-84b1-d097b4133f93,2026-03-14,出席,[2526出席CSV] 教學紀錄: 九真2324 Mock P1 | 請堂或補堂紀錄（老師填寫）: 蘿希文video
a50f0a8f-6112-4444-9d65-f1eb29b6968f,370475e2-9a1e-4778-84b1-d097b4133f93,2026-03-14,出席,[2526出席CSV] 教學紀錄: 九真2324 Mock P1 | 請堂或補堂紀錄（老師填寫）: 蘿希文video
cc09b6ef-d2b0-437b-9d42-c2f65d9b0959,370475e2-9a1e-4778-84b1-d097b4133f93,2026-03-14,出席,[2526出席CSV] 教學紀錄: 九真2324 Mock P1 | 請堂或補堂紀錄（老師填寫）: 蘿希文video
e2ff6f4b-ce16-4dca-8a01-82d69a552a68,370475e2-9a1e-4778-84b1-d097b4133f93,2026-03-14,出席,[2526出席CSV] 教學紀錄: 九真2324 Mock P1 | 請堂或補堂紀錄（老師填寫）: 蘿希文video
915602a6-c807-465f-9d8f-f66f5f070ce9,68e5db0d-0d0d-4b30-8b5c-24f9b3f56f73,2026-03-14,出席,
154bec19-0f58-47ee-9a40-1d33ff0e0f2a,68e5db0d-0d0d-4b30-8b5c-24f9b3f56f73,2026-03-14,出席,
d86901d2-1e2e-46b6-9f09-6f770bc683cb,68e5db0d-0d0d-4b30-8b5c-24f9b3f56f73,2026-03-14,出席,
f98aacc3-3dcb-477c-be80-50e4286a8c4a,68e5db0d-0d0d-4b30-8b5c-24f9b3f56f73,2026-03-14,出席,
a44e6718-427b-43d1-93de-1e34ba3c4535,68e5db0d-0d0d-4b30-8b5c-24f9b3f56f73,2026-03-14,出席,
5707f4fb-4f63-4098-86d8-8682033e5859,68e5db0d-0d0d-4b30-8b5c-24f9b3f56f73,2026-03-14,出席,
7ae2fc5c-ab2b-4dc5-80ad-328c43d53619,68e5db0d-0d0d-4b30-8b5c-24f9b3f56f73,2026-03-14,出席,
411f1dad-c0d2-4205-b84e-3f342ee5c54c,68e5db0d-0d0d-4b30-8b5c-24f9b3f56f73,2026-03-14,出席,
46751600-8619-4cbd-a752-13b9b81f1984,68e5db0d-0d0d-4b30-8b5c-24f9b3f56f73,2026-03-14,出席,
63bbd1bc-5be3-4535-b317-b27c183d649f,68e5db0d-0d0d-4b30-8b5c-24f9b3f56f73,2026-03-14,出席,
96136915-084f-427b-9937-7beb74bf35f4,68e5db0d-0d0d-4b30-8b5c-24f9b3f56f73,2026-03-14,出席,
314253d9-0110-4705-8b07-71caf08c7a53,68e5db0d-0d0d-4b30-8b5c-24f9b3f56f73,2026-03-14,出席,
058ed296-1bba-4bd0-8e6e-482d585fabdd,dbdc70bd-3489-45f5-bb5c-618c378bfec4,2026-03-14,出席,
065d4b56-88e3-4063-91f1-4a4792add0c0,93560085-b304-4169-b604-0cc96af25cc8,2026-03-15,出席,
ba7d09f2-5167-4418-b5ad-a83d20c67c63,529c3dc8-81dd-44e2-a849-061c93f73d0b,2026-03-15,出席,
8fd4f614-b322-4785-967c-daa035605150,529c3dc8-81dd-44e2-a849-061c93f73d0b,2026-03-15,出席,
754fdd71-0513-4200-a1f4-b5051fb183c6,529c3dc8-81dd-44e2-a849-061c93f73d0b,2026-03-15,出席,
2bf676ec-00e5-42b2-bd4f-26c93580c406,529c3dc8-81dd-44e2-a849-061c93f73d0b,2026-03-15,出席,
025a1e5d-1af3-4ca9-bb2e-42e636b03ffb,529c3dc8-81dd-44e2-a849-061c93f73d0b,2026-03-15,出席,
02bb5dac-c1fd-43a6-aa6b-0544929c0672,529c3dc8-81dd-44e2-a849-061c93f73d0b,2026-03-15,出席,
754fdd71-0513-4200-a1f4-b5051fb183c6,d3bbaf3f-9465-443a-8507-19456e2e86c0,2026-03-14,出席,
521bdfcb-74ff-4166-9e6f-5721ac1650f4,d3bbaf3f-9465-443a-8507-19456e2e86c0,2026-03-14,出席,
e937c6a5-9116-44f3-a203-318c48fa6aec,f3f6f42a-90e4-4bf2-b92b-3f12416db9f3,2026-03-15,出席,
ce8c4982-bf08-4213-86f7-99292a8f70ff,f3f6f42a-90e4-4bf2-b92b-3f12416db9f3,2026-03-15,出席,
0390c81e-b8b3-4d1e-a0f0-b2cdaae2c6a9,5142c9f1-a369-4ed4-a1bf-042d0f49b65b,2026-03-01,出席,
2bf676ec-00e5-42b2-bd4f-26c93580c406,5142c9f1-a369-4ed4-a1bf-042d0f49b65b,2026-03-01,出席,
9587f3e7-7016-49a3-841c-cf384c884c30,5142c9f1-a369-4ed4-a1bf-042d0f49b65b,2026-03-01,出席,
3bf0758e-7f75-403c-82eb-a995ef71f447,72f4a923-5ac0-4183-bb70-bc64349ff3af,2026-03-01,出席,
813935d3-09f3-4f8c-b633-6a3be4692649,4f7902da-2259-40bf-af6a-87f3aaa40d68,2026-03-01,出席,
e937c6a5-9116-44f3-a203-318c48fa6aec,f3f6f42a-90e4-4bf2-b92b-3f12416db9f3,2026-03-01,出席,
813935d3-09f3-4f8c-b633-6a3be4692649,4f7902da-2259-40bf-af6a-87f3aaa40d68,2026-03-15,出席,
3bf0758e-7f75-403c-82eb-a995ef71f447,72f4a923-5ac0-4183-bb70-bc64349ff3af,2026-03-15,出席,
0390c81e-b8b3-4d1e-a0f0-b2cdaae2c6a9,5142c9f1-a369-4ed4-a1bf-042d0f49b65b,2026-03-15,出席,
2bf676ec-00e5-42b2-bd4f-26c93580c406,5142c9f1-a369-4ed4-a1bf-042d0f49b65b,2026-03-15,出席,
3a22fc95-e268-4a8c-abbb-4bd43ac9194d,717fc491-c5c3-4e59-a48a-ecaf23d168b5,2026-02-17,出席,
667ead37-34fc-4be7-bf70-fd4eda66ca8d,717fc491-c5c3-4e59-a48a-ecaf23d168b5,2026-02-17,出席,
3a22fc95-e268-4a8c-abbb-4bd43ac9194d,717fc491-c5c3-4e59-a48a-ecaf23d168b5,2026-03-17,出席,
667ead37-34fc-4be7-bf70-fd4eda66ca8d,717fc491-c5c3-4e59-a48a-ecaf23d168b5,2026-03-17,出席,
879205e4-a499-445f-86ab-ff56f3569438,1db99818-f7fe-4e73-b8d5-c306ae33b0d2,2026-03-17,出席,[2526出席CSV] 教學紀錄: Tang Hin Test MCQ almost finished | 請堂或補堂紀錄（老師填寫）: 莫凱晴調21/3 Natalie 11:30-12:45
3e419707-1d86-4a23-b369-46e34f95957f,1db99818-f7fe-4e73-b8d5-c306ae33b0d2,2026-03-17,出席,[2526出席CSV] 教學紀錄: Tang Hin Test MCQ almost finished | 請堂或補堂紀錄（老師填寫）: 莫凱晴調21/3 Natalie 11:30-12:45
0d708d45-f2c3-4edc-bf6e-f11f4f37abc0,4b932585-aee6-4d85-8d4f-53045a4ffdb5,2026-03-13,出席,
db303f37-2f92-4c35-8a7d-dd8773d1507a,4b932585-aee6-4d85-8d4f-53045a4ffdb5,2026-03-13,出席,
fa7e5572-9889-486d-9ea6-29d17ce33e4f,cf2ed201-b3bf-45cc-ac38-011bd14d1c57,2026-03-13,出席,
b09a62d4-58b0-4ba8-a413-6263a03eec8c,cf2ed201-b3bf-45cc-ac38-011bd14d1c57,2026-03-13,出席,
8b67097c-4edf-4e5a-b370-a2972e4322ef,cf2ed201-b3bf-45cc-ac38-011bd14d1c57,2026-03-13,出席,
fc090614-5e34-4daf-b367-62b79b3ecb57,cf2ed201-b3bf-45cc-ac38-011bd14d1c57,2026-03-13,出席,
2f2cbe75-b1a6-4235-b2f5-05fc3a752aa6,1aad19f0-38ce-4787-9fbf-fa92d4774e0f,2026-03-15,出席,
a644ff5a-3115-47f4-ade3-7a2fca30897e,1aad19f0-38ce-4787-9fbf-fa92d4774e0f,2026-03-15,出席,
0ae337c5-615d-476e-9cb9-1544bbb8c439,1aad19f0-38ce-4787-9fbf-fa92d4774e0f,2026-03-15,出席,
d86901d2-1e2e-46b6-9f09-6f770bc683cb,1aad19f0-38ce-4787-9fbf-fa92d4774e0f,2026-03-15,出席,
5174ab4c-3cf9-4640-97c8-78dd6f83c44e,730ca500-137f-4c89-86d1-c835bd0c0273,2026-03-15,出席,
3a22fc95-e268-4a8c-abbb-4bd43ac9194d,717fc491-c5c3-4e59-a48a-ecaf23d168b5,2026-03-18,出席,
667ead37-34fc-4be7-bf70-fd4eda66ca8d,717fc491-c5c3-4e59-a48a-ecaf23d168b5,2026-03-18,出席,
223038a1-164b-482a-9408-1007dc373467,1c610853-1733-40ad-90ed-5085baaea561,2026-03-19,出席,[2526出席CSV] 教學紀錄: 2324 真光Mock P1 Q11-14 + MCQ assigned
174c983e-7ecf-432d-acc7-c60d0fa48623,1c610853-1733-40ad-90ed-5085baaea561,2026-03-19,出席,[2526出席CSV] 教學紀錄: 2324 真光Mock P1 Q11-14 + MCQ assigned
c6cdae79-baa1-425e-8345-976e45c84315,717fc491-c5c3-4e59-a48a-ecaf23d168b5,2026-03-19,出席,[2526出席CSV] 教學紀錄: assigned stat diag. up to p.16
86d25c49-66d0-406b-a725-5b4973f21df3,717fc491-c5c3-4e59-a48a-ecaf23d168b5,2026-03-19,出席,[2526出席CSV] 教學紀錄: assigned stat diag. up to p.16
17575f59-9a5a-4d56-8e46-b75c6c2ae37c,717fc491-c5c3-4e59-a48a-ecaf23d168b5,2026-03-19,出席,[2526出席CSV] 教學紀錄: assigned stat diag. up to p.16
0390c81e-b8b3-4d1e-a0f0-b2cdaae2c6a9,717fc491-c5c3-4e59-a48a-ecaf23d168b5,2026-03-19,出席,[2526出席CSV] 教學紀錄: assigned stat diag. up to p.16
9587f3e7-7016-49a3-841c-cf384c884c30,717fc491-c5c3-4e59-a48a-ecaf23d168b5,2026-03-19,出席,[2526出席CSV] 教學紀錄: assigned stat diag. up to p.16
301a4b5e-c55d-4b4d-91d7-0bc05aada67d,5563dfc9-cbb2-4dfb-8cc5-f3709ce0cb76,2026-03-20,出席,[2526出席CSV] 教學紀錄: LKS 2526 Mock P1 Q5-13
395e0b9d-acc1-4ef8-97ea-5c3ab4eb1ac8,5563dfc9-cbb2-4dfb-8cc5-f3709ce0cb76,2026-03-20,出席,[2526出席CSV] 教學紀錄: LKS 2526 Mock P1 Q5-13
a44e6718-427b-43d1-93de-1e34ba3c4535,5563dfc9-cbb2-4dfb-8cc5-f3709ce0cb76,2026-03-20,出席,[2526出席CSV] 教學紀錄: LKS 2526 Mock P1 Q5-13
e2ff6f4b-ce16-4dca-8a01-82d69a552a68,5563dfc9-cbb2-4dfb-8cc5-f3709ce0cb76,2026-03-20,出席,[2526出席CSV] 教學紀錄: LKS 2526 Mock P1 Q5-13
50d43ef7-b5a2-46a4-9925-2073ddb055f9,5563dfc9-cbb2-4dfb-8cc5-f3709ce0cb76,2026-03-20,出席,[2526出席CSV] 教學紀錄: LKS 2526 Mock P1 Q5-13
c73ff545-d4b8-4b06-9972-a076406b406a,ccb0e36e-a62e-405b-ad5d-5d227e49e63e,2026-03-14,出席,
754fdd71-0513-4200-a1f4-b5051fb183c6,d3bbaf3f-9465-443a-8507-19456e2e86c0,2026-03-21,出席,
521bdfcb-74ff-4166-9e6f-5721ac1650f4,d3bbaf3f-9465-443a-8507-19456e2e86c0,2026-03-21,出席,
f9d50fe3-6546-46ff-9f67-630bfda1d63f,d3bbaf3f-9465-443a-8507-19456e2e86c0,2026-03-21,出席,
65443d7d-dd95-4dcf-8ab3-287e19edbf76,1c46b037-f332-4eb0-9540-5f04a052570b,2026-03-21,出席,[2526出席CSV] 教學紀錄: 孫書1st Term Exam (1) with video finished | 請堂或補堂紀錄（老師填寫）: 王晴怡Skip Max Video 陳偉傑 Video
db2d4d1b-7b41-461f-bd22-8b86e0e27014,1c46b037-f332-4eb0-9540-5f04a052570b,2026-03-21,出席,[2526出席CSV] 教學紀錄: 孫書1st Term Exam (1) with video finished | 請堂或補堂紀錄（老師填寫）: 王晴怡Skip Max Video 陳偉傑 Video
6febe4d0-557d-48a2-b283-07963139d5c3,0fc0070f-98b1-49af-869d-4a5ce0776428,2026-03-21,出席,[2526出席CSV] 教學紀錄: cont yy2 test 3D + locus test MCQ only
20361dec-731e-4c2f-bf0b-0b8f474361ff,0fc0070f-98b1-49af-869d-4a5ce0776428,2026-03-21,出席,[2526出席CSV] 教學紀錄: cont yy2 test 3D + locus test MCQ only
154bec19-0f58-47ee-9a40-1d33ff0e0f2a,370475e2-9a1e-4778-84b1-d097b4133f93,2026-03-21,出席,[2526出席CSV] 教學紀錄: 2324 MST Mock P1 almost finished Q1-15
411f1dad-c0d2-4205-b84e-3f342ee5c54c,370475e2-9a1e-4778-84b1-d097b4133f93,2026-03-21,出席,[2526出席CSV] 教學紀錄: 2324 MST Mock P1 almost finished Q1-15
a09f0716-e546-4db0-aa69-30ff70ae6fb1,370475e2-9a1e-4778-84b1-d097b4133f93,2026-03-21,出席,[2526出席CSV] 教學紀錄: 2324 MST Mock P1 almost finished Q1-15
a50f0a8f-6112-4444-9d65-f1eb29b6968f,370475e2-9a1e-4778-84b1-d097b4133f93,2026-03-21,出席,[2526出席CSV] 教學紀錄: 2324 MST Mock P1 almost finished Q1-15
cc09b6ef-d2b0-437b-9d42-c2f65d9b0959,370475e2-9a1e-4778-84b1-d097b4133f93,2026-03-21,出席,[2526出席CSV] 教學紀錄: 2324 MST Mock P1 almost finished Q1-15
e2ff6f4b-ce16-4dca-8a01-82d69a552a68,370475e2-9a1e-4778-84b1-d097b4133f93,2026-03-21,出席,[2526出席CSV] 教學紀錄: 2324 MST Mock P1 almost finished Q1-15
301a4b5e-c55d-4b4d-91d7-0bc05aada67d,370475e2-9a1e-4778-84b1-d097b4133f93,2026-03-21,出席,[2526出席CSV] 教學紀錄: 2324 MST Mock P1 almost finished Q1-15
813935d3-09f3-4f8c-b633-6a3be4692649,167607d0-b816-4485-9030-ff617f8b4382,2026-03-21,出席,[2526出席CSV] 教學紀錄: cont yy2 test 3D + locus test MCQ only
c5ca6855-9331-4e61-af32-2d5dd9cd75cc,167607d0-b816-4485-9030-ff617f8b4382,2026-03-21,出席,[2526出席CSV] 教學紀錄: cont yy2 test 3D + locus test MCQ only
aeaa29b9-9ca0-43c5-954c-ee4757266a3c,167607d0-b816-4485-9030-ff617f8b4382,2026-03-21,出席,[2526出席CSV] 教學紀錄: cont yy2 test 3D + locus test MCQ only
f93c9942-8f06-4354-9f95-30c01fd6b58d,167607d0-b816-4485-9030-ff617f8b4382,2026-03-21,出席,[2526出席CSV] 教學紀錄: cont yy2 test 3D + locus test MCQ only
3f44050b-d295-4ed4-ae90-6f58eafdcccd,167607d0-b816-4485-9030-ff617f8b4382,2026-03-21,出席,[2526出席CSV] 教學紀錄: cont yy2 test 3D + locus test MCQ only
b0107d72-413c-4e5b-94e0-0a4de1d14f6f,167607d0-b816-4485-9030-ff617f8b4382,2026-03-21,出席,[2526出席CSV] 教學紀錄: cont yy2 test 3D + locus test MCQ only
b173bc1e-153d-4ef7-9ed6-a36be060319c,94194de7-9fd3-4c44-9b29-0030c7616f08,2026-03-21,出席,[2526出席CSV] 教學紀錄: 孫書1st Term Exam (1) with video finished | 請堂或補堂紀錄（老師填寫）: 梁天因順延至24/3
97f16885-242d-47f8-bc22-f80468c8fb70,94194de7-9fd3-4c44-9b29-0030c7616f08,2026-03-21,出席,[2526出席CSV] 教學紀錄: 孫書1st Term Exam (1) with video finished | 請堂或補堂紀錄（老師填寫）: 梁天因順延至24/3
3e92f8a4-49ab-42e9-9687-e6735b26411e,94194de7-9fd3-4c44-9b29-0030c7616f08,2026-03-21,出席,[2526出席CSV] 教學紀錄: 孫書1st Term Exam (1) with video finished | 請堂或補堂紀錄（老師填寫）: 梁天因順延至24/3
40740569-ed26-4b9c-9bca-1afb6eb920ab,94194de7-9fd3-4c44-9b29-0030c7616f08,2026-03-21,出席,[2526出席CSV] 教學紀錄: 孫書1st Term Exam (1) with video finished | 請堂或補堂紀錄（老師填寫）: 梁天因順延至24/3
789a19a5-0423-4a3c-86a4-a080aae7b952,efba129c-bbfc-4ddf-ae87-7aea17ef4ac1,2026-03-21,出席,[2526出席CSV] 教學紀錄: 2324 MST Mock P1 almost finished Q1-15 | 行政紀錄: 1.5小時only
065d4b56-88e3-4063-91f1-4a4792add0c0,93560085-b304-4169-b604-0cc96af25cc8,2026-03-22,出席,
8fd4f614-b322-4785-967c-daa035605150,529c3dc8-81dd-44e2-a849-061c93f73d0b,2026-03-22,出席,
754fdd71-0513-4200-a1f4-b5051fb183c6,529c3dc8-81dd-44e2-a849-061c93f73d0b,2026-03-22,出席,
2bf676ec-00e5-42b2-bd4f-26c93580c406,529c3dc8-81dd-44e2-a849-061c93f73d0b,2026-03-22,出席,
95574867-771a-4264-a7b3-d58a31247b08,6ee1adfc-32ce-4d14-80e8-71421fbc1692,2026-03-22,出席,
2f2cbe75-b1a6-4235-b2f5-05fc3a752aa6,36de22e8-74e0-41e0-af01-a6cfaf72651f,2026-03-14,出席,
5707f4fb-4f63-4098-86d8-8682033e5859,36de22e8-74e0-41e0-af01-a6cfaf72651f,2026-03-14,出席,
1a034fbe-7be1-4a3a-954a-0e6e371cd52f,6e0c9d6f-029a-4966-9612-6a580ba54aeb,2026-03-14,出席,
879205e4-a499-445f-86ab-ff56f3569438,6e0c9d6f-029a-4966-9612-6a580ba54aeb,2026-03-14,出席,
20361dec-731e-4c2f-bf0b-0b8f474361ff,eb9d88d8-cb5c-4ea5-aae2-ada9dd4a99ba,2026-03-14,出席,
813935d3-09f3-4f8c-b633-6a3be4692649,eb9d88d8-cb5c-4ea5-aae2-ada9dd4a99ba,2026-03-14,出席,
aeaa29b9-9ca0-43c5-954c-ee4757266a3c,eb9d88d8-cb5c-4ea5-aae2-ada9dd4a99ba,2026-03-14,出席,
b1d2933b-0459-4f85-9e0c-dd9eb0bc403a,21627141-68b0-4be0-a072-8cc7c4878654,2026-03-21,出席,
c6cdae79-baa1-425e-8345-976e45c84315,21627141-68b0-4be0-a072-8cc7c4878654,2026-03-21,出席,
17575f59-9a5a-4d56-8e46-b75c6c2ae37c,21627141-68b0-4be0-a072-8cc7c4878654,2026-03-21,出席,
2f2cbe75-b1a6-4235-b2f5-05fc3a752aa6,36de22e8-74e0-41e0-af01-a6cfaf72651f,2026-03-21,出席,
5707f4fb-4f63-4098-86d8-8682033e5859,36de22e8-74e0-41e0-af01-a6cfaf72651f,2026-03-21,出席,
1a034fbe-7be1-4a3a-954a-0e6e371cd52f,6e0c9d6f-029a-4966-9612-6a580ba54aeb,2026-03-21,出席,
879205e4-a499-445f-86ab-ff56f3569438,6e0c9d6f-029a-4966-9612-6a580ba54aeb,2026-03-21,出席,
20361dec-731e-4c2f-bf0b-0b8f474361ff,eb9d88d8-cb5c-4ea5-aae2-ada9dd4a99ba,2026-03-21,出席,
813935d3-09f3-4f8c-b633-6a3be4692649,eb9d88d8-cb5c-4ea5-aae2-ada9dd4a99ba,2026-03-21,出席,
aeaa29b9-9ca0-43c5-954c-ee4757266a3c,eb9d88d8-cb5c-4ea5-aae2-ada9dd4a99ba,2026-03-21,出席,
c73ff545-d4b8-4b06-9972-a076406b406a,ccb0e36e-a62e-405b-ad5d-5d227e49e63e,2026-03-22,出席,
bdf4ef17-29f2-4d92-8ea9-ab06b9e47f1d,6945a843-c440-44e5-a5c7-9fa0435ab410,2026-03-22,出席,
f11cc305-e7d8-4296-a524-421d7d53212f,6945a843-c440-44e5-a5c7-9fa0435ab410,2026-03-22,出席,
d9b18c83-41c2-4e39-94f9-95513e096c39,5142c9f1-a369-4ed4-a1bf-042d0f49b65b,2026-03-22,出席,
e850f4ce-0e20-4280-9d14-b5f85b39dcdc,5142c9f1-a369-4ed4-a1bf-042d0f49b65b,2026-03-22,出席,
813935d3-09f3-4f8c-b633-6a3be4692649,5142c9f1-a369-4ed4-a1bf-042d0f49b65b,2026-03-22,出席,
6febe4d0-557d-48a2-b283-07963139d5c3,5142c9f1-a369-4ed4-a1bf-042d0f49b65b,2026-03-22,出席,
813935d3-09f3-4f8c-b633-6a3be4692649,8e8dfabf-f571-4230-987a-53e717e9614a,2026-03-08,出席,
dde027ee-458a-48b6-88d9-f1ec6d819698,8e8dfabf-f571-4230-987a-53e717e9614a,2026-03-08,出席,
154bec19-0f58-47ee-9a40-1d33ff0e0f2a,1c610853-1733-40ad-90ed-5085baaea561,2026-03-08,出席,
05fbd9a6-0a16-48b0-81d1-df45293e23ec,1c610853-1733-40ad-90ed-5085baaea561,2026-03-08,出席,
411f1dad-c0d2-4205-b84e-3f342ee5c54c,1c610853-1733-40ad-90ed-5085baaea561,2026-03-08,出席,
813935d3-09f3-4f8c-b633-6a3be4692649,8e8dfabf-f571-4230-987a-53e717e9614a,2026-03-15,出席,
dde027ee-458a-48b6-88d9-f1ec6d819698,8e8dfabf-f571-4230-987a-53e717e9614a,2026-03-15,出席,
1a034fbe-7be1-4a3a-954a-0e6e371cd52f,f3f6f42a-90e4-4bf2-b92b-3f12416db9f3,2026-03-15,出席,
1a034fbe-7be1-4a3a-954a-0e6e371cd52f,4afcd2a6-b089-4010-b02c-8d36924eaebb,2026-03-15,出席,
813935d3-09f3-4f8c-b633-6a3be4692649,8e8dfabf-f571-4230-987a-53e717e9614a,2026-03-22,出席,
dde027ee-458a-48b6-88d9-f1ec6d819698,8e8dfabf-f571-4230-987a-53e717e9614a,2026-03-22,出席,
154bec19-0f58-47ee-9a40-1d33ff0e0f2a,1c610853-1733-40ad-90ed-5085baaea561,2026-03-22,出席,
05fbd9a6-0a16-48b0-81d1-df45293e23ec,1c610853-1733-40ad-90ed-5085baaea561,2026-03-22,出席,
411f1dad-c0d2-4205-b84e-3f342ee5c54c,1c610853-1733-40ad-90ed-5085baaea561,2026-03-22,出席,
1a034fbe-7be1-4a3a-954a-0e6e371cd52f,f3f6f42a-90e4-4bf2-b92b-3f12416db9f3,2026-03-22,出席,
154bec19-0f58-47ee-9a40-1d33ff0e0f2a,1c610853-1733-40ad-90ed-5085baaea561,2026-03-15,出席,
05fbd9a6-0a16-48b0-81d1-df45293e23ec,1c610853-1733-40ad-90ed-5085baaea561,2026-03-15,出席,
411f1dad-c0d2-4205-b84e-3f342ee5c54c,1c610853-1733-40ad-90ed-5085baaea561,2026-03-15,出席,
d199899c-a7a1-4ee7-a4b8-7138f702a1b2,38bdec8b-3b0e-4318-939e-cbe0d477aa61,2026-03-23,出席,
550ef8fa-8579-42a7-904c-e634a697ae5c,e4aa21ce-1d5e-4e6a-b13a-6e274a27a1d2,2026-03-21,出席,
7ffd3cb4-45b3-4a6b-bde3-2e9a7b5c37a0,e4aa21ce-1d5e-4e6a-b13a-6e274a27a1d2,2026-03-21,出席,
28396f5a-c066-43bf-bcc6-cfd4fee72e92,e4aa21ce-1d5e-4e6a-b13a-6e274a27a1d2,2026-03-21,出席,
5214a841-39c8-4805-8720-c20a7f202d98,e4aa21ce-1d5e-4e6a-b13a-6e274a27a1d2,2026-03-21,出席,
4ddd2ba1-1d17-46e8-b9c3-11c38a584254,e4aa21ce-1d5e-4e6a-b13a-6e274a27a1d2,2026-03-21,出席,
ce8c4982-bf08-4213-86f7-99292a8f70ff,e4aa21ce-1d5e-4e6a-b13a-6e274a27a1d2,2026-03-21,出席,
3e419707-1d86-4a23-b369-46e34f95957f,e4aa21ce-1d5e-4e6a-b13a-6e274a27a1d2,2026-03-21,出席,
025a1e5d-1af3-4ca9-bb2e-42e636b03ffb,0ad6a2f9-a31f-4e3b-a04a-d23c3cd1e405,2026-03-21,出席,
ce8c4982-bf08-4213-86f7-99292a8f70ff,1db99818-f7fe-4e73-b8d5-c306ae33b0d2,2026-03-24,出席,[2526出席CSV] 教學紀錄: F3_math_finalexam_preparation_exercise_eng finished
879205e4-a499-445f-86ab-ff56f3569438,1db99818-f7fe-4e73-b8d5-c306ae33b0d2,2026-03-24,出席,[2526出席CSV] 教學紀錄: F3_math_finalexam_preparation_exercise_eng finished
3e419707-1d86-4a23-b369-46e34f95957f,1db99818-f7fe-4e73-b8d5-c306ae33b0d2,2026-03-24,出席,[2526出席CSV] 教學紀錄: F3_math_finalexam_preparation_exercise_eng finished
058ed296-1bba-4bd0-8e6e-482d585fabdd,6945a843-c440-44e5-a5c7-9fa0435ab410,2026-03-22,出席,
058ed296-1bba-4bd0-8e6e-482d585fabdd,5142c9f1-a369-4ed4-a1bf-042d0f49b65b,2026-03-22,出席,
ce174b57-1108-453b-bc60-f397ea0aacab,51696dbe-1d38-4112-9859-29ecb25d5a6d,2026-03-18,出席,
f13c6165-aeeb-4791-ba10-a2de49b58f49,51696dbe-1d38-4112-9859-29ecb25d5a6d,2026-03-18,出席,
0ae337c5-615d-476e-9cb9-1544bbb8c439,51696dbe-1d38-4112-9859-29ecb25d5a6d,2026-03-18,出席,
b0107d72-413c-4e5b-94e0-0a4de1d14f6f,51696dbe-1d38-4112-9859-29ecb25d5a6d,2026-03-18,出席,
f7c8f44b-990d-4d06-b80b-3e050aec614c,7ad272a3-df88-42c9-bbac-0cbfdb4e9b60,2026-03-06,出席,
96cd39e1-d5c1-4994-b5a9-58e9cddfe5bf,20f8b798-8513-4df7-85f4-bcc36d3e3169,2026-03-08,出席,
373884c8-2e56-4019-a8e7-a9d292fa870b,20f8b798-8513-4df7-85f4-bcc36d3e3169,2026-03-08,出席,
3e92f8a4-49ab-42e9-9687-e6735b26411e,20f8b798-8513-4df7-85f4-bcc36d3e3169,2026-03-08,出席,
029ff376-ea0b-466e-8d78-6b71a4ca6e0e,20f8b798-8513-4df7-85f4-bcc36d3e3169,2026-03-08,出席,
65443d7d-dd95-4dcf-8ab3-287e19edbf76,20f8b798-8513-4df7-85f4-bcc36d3e3169,2026-03-08,出席,
95574867-771a-4264-a7b3-d58a31247b08,6ee1adfc-32ce-4d14-80e8-71421fbc1692,2026-03-26,出席,
c6cdae79-baa1-425e-8345-976e45c84315,717fc491-c5c3-4e59-a48a-ecaf23d168b5,2026-03-26,出席,[2526出席CSV] 教學紀錄: finished stat & graph
86d25c49-66d0-406b-a725-5b4973f21df3,717fc491-c5c3-4e59-a48a-ecaf23d168b5,2026-03-26,出席,[2526出席CSV] 教學紀錄: finished stat & graph
17575f59-9a5a-4d56-8e46-b75c6c2ae37c,717fc491-c5c3-4e59-a48a-ecaf23d168b5,2026-03-26,出席,[2526出席CSV] 教學紀錄: finished stat & graph
0390c81e-b8b3-4d1e-a0f0-b2cdaae2c6a9,717fc491-c5c3-4e59-a48a-ecaf23d168b5,2026-03-26,出席,[2526出席CSV] 教學紀錄: finished stat & graph
9587f3e7-7016-49a3-841c-cf384c884c30,717fc491-c5c3-4e59-a48a-ecaf23d168b5,2026-03-26,出席,[2526出席CSV] 教學紀錄: finished stat & graph
223038a1-164b-482a-9408-1007dc373467,e4aa21ce-1d5e-4e6a-b13a-6e274a27a1d2,2026-03-27,出席,[2526出席CSV] 教學紀錄: #LKS 2025-2026 F6 Mock P2 Q1-20
174c983e-7ecf-432d-acc7-c60d0fa48623,e4aa21ce-1d5e-4e6a-b13a-6e274a27a1d2,2026-03-27,出席,[2526出席CSV] 教學紀錄: #LKS 2025-2026 F6 Mock P2 Q1-20
50d43ef7-b5a2-46a4-9925-2073ddb055f9,5563dfc9-cbb2-4dfb-8cc5-f3709ce0cb76,2026-03-27,出席,[2526出席CSV] 教學紀錄: #LKS 2025-2026 F6 Mock P2 Q1-20
301a4b5e-c55d-4b4d-91d7-0bc05aada67d,5563dfc9-cbb2-4dfb-8cc5-f3709ce0cb76,2026-03-27,出席,[2526出席CSV] 教學紀錄: #LKS 2025-2026 F6 Mock P2 Q1-20
395e0b9d-acc1-4ef8-97ea-5c3ab4eb1ac8,5563dfc9-cbb2-4dfb-8cc5-f3709ce0cb76,2026-03-27,出席,[2526出席CSV] 教學紀錄: #LKS 2025-2026 F6 Mock P2 Q1-20
a44e6718-427b-43d1-93de-1e34ba3c4535,5563dfc9-cbb2-4dfb-8cc5-f3709ce0cb76,2026-03-27,出席,[2526出席CSV] 教學紀錄: #LKS 2025-2026 F6 Mock P2 Q1-20
e2ff6f4b-ce16-4dca-8a01-82d69a552a68,5563dfc9-cbb2-4dfb-8cc5-f3709ce0cb76,2026-03-27,出席,[2526出席CSV] 教學紀錄: #LKS 2025-2026 F6 Mock P2 Q1-20
025a1e5d-1af3-4ca9-bb2e-42e636b03ffb,0ad6a2f9-a31f-4e3b-a04a-d23c3cd1e405,2026-03-28,出席,
86d25c49-66d0-406b-a725-5b4973f21df3,210ee57a-12af-415e-8543-73862201a136,2026-03-23,出席,
223038a1-164b-482a-9408-1007dc373467,e4aa21ce-1d5e-4e6a-b13a-6e274a27a1d2,2026-03-28,出席,[2526出席CSV] 教學紀錄: finished LKS 25-26 Mock P2
174c983e-7ecf-432d-acc7-c60d0fa48623,e4aa21ce-1d5e-4e6a-b13a-6e274a27a1d2,2026-03-28,出席,[2526出席CSV] 教學紀錄: finished LKS 25-26 Mock P2
813935d3-09f3-4f8c-b633-6a3be4692649,167607d0-b816-4485-9030-ff617f8b4382,2026-03-28,出席,
c5ca6855-9331-4e61-af32-2d5dd9cd75cc,167607d0-b816-4485-9030-ff617f8b4382,2026-03-28,出席,
aeaa29b9-9ca0-43c5-954c-ee4757266a3c,167607d0-b816-4485-9030-ff617f8b4382,2026-03-28,出席,
f93c9942-8f06-4354-9f95-30c01fd6b58d,167607d0-b816-4485-9030-ff617f8b4382,2026-03-28,出席,
3f44050b-d295-4ed4-ae90-6f58eafdcccd,167607d0-b816-4485-9030-ff617f8b4382,2026-03-28,出席,
b0107d72-413c-4e5b-94e0-0a4de1d14f6f,167607d0-b816-4485-9030-ff617f8b4382,2026-03-28,出席,
6febe4d0-557d-48a2-b283-07963139d5c3,167607d0-b816-4485-9030-ff617f8b4382,2026-03-28,出席,
20361dec-731e-4c2f-bf0b-0b8f474361ff,167607d0-b816-4485-9030-ff617f8b4382,2026-03-28,出席,
28396f5a-c066-43bf-bcc6-cfd4fee72e92,e4aa21ce-1d5e-4e6a-b13a-6e274a27a1d2,2026-03-28,出席,
5214a841-39c8-4805-8720-c20a7f202d98,e4aa21ce-1d5e-4e6a-b13a-6e274a27a1d2,2026-03-28,出席,
4ddd2ba1-1d17-46e8-b9c3-11c38a584254,e4aa21ce-1d5e-4e6a-b13a-6e274a27a1d2,2026-03-28,出席,
7ffd3cb4-45b3-4a6b-bde3-2e9a7b5c37a0,e4aa21ce-1d5e-4e6a-b13a-6e274a27a1d2,2026-03-28,出席,
d0490601-ab06-4b2f-b3e3-6e06007665c9,acc8f2a0-e390-4569-bd1c-494cc176fb84,2026-03-28,出席,
97f16885-242d-47f8-bc22-f80468c8fb70,94194de7-9fd3-4c44-9b29-0030c7616f08,2026-03-28,出席,[2526出席CSV] 教學紀錄: finished 孫書Exam | 請堂或補堂紀錄（老師填寫）: 王晴怡Skip 陳偉傑Video 譚仟渝、范以喬skip 梁天因提前24/3補 finished 孫書Exam
40740569-ed26-4b9c-9bca-1afb6eb920ab,94194de7-9fd3-4c44-9b29-0030c7616f08,2026-03-28,出席,[2526出席CSV] 教學紀錄: finished 孫書Exam | 請堂或補堂紀錄（老師填寫）: 王晴怡Skip 陳偉傑Video 譚仟渝、范以喬skip 梁天因提前24/3補 finished 孫書Exam
db2d4d1b-7b41-461f-bd22-8b86e0e27014,94194de7-9fd3-4c44-9b29-0030c7616f08,2026-03-28,出席,[2526出席CSV] 教學紀錄: finished 孫書Exam | 請堂或補堂紀錄（老師填寫）: 王晴怡Skip 陳偉傑Video 譚仟渝、范以喬skip 梁天因提前24/3補 finished 孫書Exam
154bec19-0f58-47ee-9a40-1d33ff0e0f2a,370475e2-9a1e-4778-84b1-d097b4133f93,2026-03-28,出席,[2526出席CSV] 教學紀錄: Join us Set7 P2 finished | 請堂或補堂紀錄（老師填寫）: 羅希文發燒請假4/4 15:30補堂
411f1dad-c0d2-4205-b84e-3f342ee5c54c,370475e2-9a1e-4778-84b1-d097b4133f93,2026-03-28,出席,[2526出席CSV] 教學紀錄: Join us Set7 P2 finished | 請堂或補堂紀錄（老師填寫）: 羅希文發燒請假4/4 15:30補堂
a09f0716-e546-4db0-aa69-30ff70ae6fb1,370475e2-9a1e-4778-84b1-d097b4133f93,2026-03-28,出席,[2526出席CSV] 教學紀錄: Join us Set7 P2 finished | 請堂或補堂紀錄（老師填寫）: 羅希文發燒請假4/4 15:30補堂
a50f0a8f-6112-4444-9d65-f1eb29b6968f,370475e2-9a1e-4778-84b1-d097b4133f93,2026-03-28,出席,[2526出席CSV] 教學紀錄: Join us Set7 P2 finished | 請堂或補堂紀錄（老師填寫）: 羅希文發燒請假4/4 15:30補堂
cc09b6ef-d2b0-437b-9d42-c2f65d9b0959,370475e2-9a1e-4778-84b1-d097b4133f93,2026-03-28,出席,[2526出席CSV] 教學紀錄: Join us Set7 P2 finished | 請堂或補堂紀錄（老師填寫）: 羅希文發燒請假4/4 15:30補堂
058ed296-1bba-4bd0-8e6e-482d585fabdd,156e4f4b-99d6-41ea-b6c6-b17eb7d97bd5,2026-03-28,出席,[2526出席CSV] 教學紀錄: Join us Set7 P2
28396f5a-c066-43bf-bcc6-cfd4fee72e92,e45bc7fb-1ce4-4f71-b50b-601791a48a9a,2026-03-28,出席,
5214a841-39c8-4805-8720-c20a7f202d98,e45bc7fb-1ce4-4f71-b50b-601791a48a9a,2026-03-28,出席,
4ddd2ba1-1d17-46e8-b9c3-11c38a584254,e45bc7fb-1ce4-4f71-b50b-601791a48a9a,2026-03-28,出席,
879205e4-a499-445f-86ab-ff56f3569438,e45bc7fb-1ce4-4f71-b50b-601791a48a9a,2026-03-28,出席,
ba7d09f2-5167-4418-b5ad-a83d20c67c63,529c3dc8-81dd-44e2-a849-061c93f73d0b,2026-03-29,出席,
02bb5dac-c1fd-43a6-aa6b-0544929c0672,529c3dc8-81dd-44e2-a849-061c93f73d0b,2026-03-29,出席,
8fd4f614-b322-4785-967c-daa035605150,529c3dc8-81dd-44e2-a849-061c93f73d0b,2026-03-29,出席,
754fdd71-0513-4200-a1f4-b5051fb183c6,529c3dc8-81dd-44e2-a849-061c93f73d0b,2026-03-29,出席,
95574867-771a-4264-a7b3-d58a31247b08,6ee1adfc-32ce-4d14-80e8-71421fbc1692,2026-03-27,出席,
065d4b56-88e3-4063-91f1-4a4792add0c0,93560085-b304-4169-b604-0cc96af25cc8,2026-03-29,出席,
bdf4ef17-29f2-4d92-8ea9-ab06b9e47f1d,910c4b0e-0bfd-420f-a51c-523efa2d6c6a,2026-03-26,出席,
f11cc305-e7d8-4296-a524-421d7d53212f,910c4b0e-0bfd-420f-a51c-523efa2d6c6a,2026-03-26,出席,
bb8803c5-0b02-47ee-afc6-af3d0240705c,529c3dc8-81dd-44e2-a849-061c93f73d0b,2026-03-29,出席,
f9d50fe3-6546-46ff-9f67-630bfda1d63f,529c3dc8-81dd-44e2-a849-061c93f73d0b,2026-03-29,出席,
2d75a8f3-7d21-49e3-985c-6b7defb351fc,aaa3f0f8-bb13-4442-8e4f-27a4327f9f75,2026-03-29,出席,
5174ab4c-3cf9-4640-97c8-78dd6f83c44e,aaa3f0f8-bb13-4442-8e4f-27a4327f9f75,2026-03-29,出席,
c5ca6855-9331-4e61-af32-2d5dd9cd75cc,aaa3f0f8-bb13-4442-8e4f-27a4327f9f75,2026-03-29,出席,
915602a6-c807-465f-9d8f-f66f5f070ce9,aaa3f0f8-bb13-4442-8e4f-27a4327f9f75,2026-03-29,出席,
813935d3-09f3-4f8c-b633-6a3be4692649,aaa3f0f8-bb13-4442-8e4f-27a4327f9f75,2026-03-29,出席,
174c983e-7ecf-432d-acc7-c60d0fa48623,aaa3f0f8-bb13-4442-8e4f-27a4327f9f75,2026-03-29,出席,
f93c9942-8f06-4354-9f95-30c01fd6b58d,aaa3f0f8-bb13-4442-8e4f-27a4327f9f75,2026-03-29,出席,
95574867-771a-4264-a7b3-d58a31247b08,6ee1adfc-32ce-4d14-80e8-71421fbc1692,2026-03-29,出席,
754fdd71-0513-4200-a1f4-b5051fb183c6,d3bbaf3f-9465-443a-8507-19456e2e86c0,2026-03-28,出席,
521bdfcb-74ff-4166-9e6f-5721ac1650f4,d3bbaf3f-9465-443a-8507-19456e2e86c0,2026-03-28,出席,
f9d50fe3-6546-46ff-9f67-630bfda1d63f,d3bbaf3f-9465-443a-8507-19456e2e86c0,2026-03-28,出席,
813935d3-09f3-4f8c-b633-6a3be4692649,8e8dfabf-f571-4230-987a-53e717e9614a,2026-03-29,出席,
154bec19-0f58-47ee-9a40-1d33ff0e0f2a,1c610853-1733-40ad-90ed-5085baaea561,2026-03-29,出席,[2526出席CSV] 請堂或補堂紀錄（老師填寫）: 駱詠錄影補堂
411f1dad-c0d2-4205-b84e-3f342ee5c54c,1c610853-1733-40ad-90ed-5085baaea561,2026-03-29,出席,[2526出席CSV] 請堂或補堂紀錄（老師填寫）: 駱詠錄影補堂
05fbd9a6-0a16-48b0-81d1-df45293e23ec,1c610853-1733-40ad-90ed-5085baaea561,2026-03-29,出席,[2526出席CSV] 請堂或補堂紀錄（老師填寫）: 駱詠錄影補堂
1a034fbe-7be1-4a3a-954a-0e6e371cd52f,f3f6f42a-90e4-4bf2-b92b-3f12416db9f3,2026-03-29,出席,
c73ff545-d4b8-4b06-9972-a076406b406a,ccb0e36e-a62e-405b-ad5d-5d227e49e63e,2026-03-29,出席,
bdf4ef17-29f2-4d92-8ea9-ab06b9e47f1d,6945a843-c440-44e5-a5c7-9fa0435ab410,2026-03-29,出席,
f11cc305-e7d8-4296-a524-421d7d53212f,6945a843-c440-44e5-a5c7-9fa0435ab410,2026-03-29,出席,
d9b18c83-41c2-4e39-94f9-95513e096c39,5142c9f1-a369-4ed4-a1bf-042d0f49b65b,2026-03-29,出席,
e850f4ce-0e20-4280-9d14-b5f85b39dcdc,5142c9f1-a369-4ed4-a1bf-042d0f49b65b,2026-03-29,出席,
6febe4d0-557d-48a2-b283-07963139d5c3,5142c9f1-a369-4ed4-a1bf-042d0f49b65b,2026-03-29,出席,
058ed296-1bba-4bd0-8e6e-482d585fabdd,dbdc70bd-3489-45f5-bb5c-618c378bfec4,2026-03-28,出席,
058ed296-1bba-4bd0-8e6e-482d585fabdd,370475e2-9a1e-4778-84b1-d097b4133f93,2026-03-28,出席,
ce174b57-1108-453b-bc60-f397ea0aacab,51696dbe-1d38-4112-9859-29ecb25d5a6d,2026-03-25,出席,
f13c6165-aeeb-4791-ba10-a2de49b58f49,51696dbe-1d38-4112-9859-29ecb25d5a6d,2026-03-25,出席,
0ae337c5-615d-476e-9cb9-1544bbb8c439,51696dbe-1d38-4112-9859-29ecb25d5a6d,2026-03-25,出席,
b0107d72-413c-4e5b-94e0-0a4de1d14f6f,51696dbe-1d38-4112-9859-29ecb25d5a6d,2026-03-25,出席,
6febe4d0-557d-48a2-b283-07963139d5c3,51696dbe-1d38-4112-9859-29ecb25d5a6d,2026-03-25,出席,
7ffd3cb4-45b3-4a6b-bde3-2e9a7b5c37a0,717fc491-c5c3-4e59-a48a-ecaf23d168b5,2026-03-31,出席,
bdf4ef17-29f2-4d92-8ea9-ab06b9e47f1d,51696dbe-1d38-4112-9859-29ecb25d5a6d,2026-04-01,出席,
f11cc305-e7d8-4296-a524-421d7d53212f,51696dbe-1d38-4112-9859-29ecb25d5a6d,2026-04-01,出席,
b09a62d4-58b0-4ba8-a413-6263a03eec8c,cf2ed201-b3bf-45cc-ac38-011bd14d1c57,2026-03-20,出席,
8b67097c-4edf-4e5a-b370-a2972e4322ef,cf2ed201-b3bf-45cc-ac38-011bd14d1c57,2026-03-20,出席,
fc090614-5e34-4daf-b367-62b79b3ecb57,cf2ed201-b3bf-45cc-ac38-011bd14d1c57,2026-03-20,出席,
fa7e5572-9889-486d-9ea6-29d17ce33e4f,cf2ed201-b3bf-45cc-ac38-011bd14d1c57,2026-03-20,出席,
2f2cbe75-b1a6-4235-b2f5-05fc3a752aa6,1aad19f0-38ce-4787-9fbf-fa92d4774e0f,2026-03-22,出席,
a644ff5a-3115-47f4-ade3-7a2fca30897e,1aad19f0-38ce-4787-9fbf-fa92d4774e0f,2026-03-22,出席,
d86901d2-1e2e-46b6-9f09-6f770bc683cb,1aad19f0-38ce-4787-9fbf-fa92d4774e0f,2026-03-22,出席,
0ae337c5-615d-476e-9cb9-1544bbb8c439,1aad19f0-38ce-4787-9fbf-fa92d4774e0f,2026-03-22,出席,
5174ab4c-3cf9-4640-97c8-78dd6f83c44e,730ca500-137f-4c89-86d1-c835bd0c0273,2026-03-22,出席,
0d708d45-f2c3-4edc-bf6e-f11f4f37abc0,4b932585-aee6-4d85-8d4f-53045a4ffdb5,2026-03-20,出席,
db303f37-2f92-4c35-8a7d-dd8773d1507a,4b932585-aee6-4d85-8d4f-53045a4ffdb5,2026-03-20,出席,
b09a62d4-58b0-4ba8-a413-6263a03eec8c,cf2ed201-b3bf-45cc-ac38-011bd14d1c57,2026-03-27,出席,
8b67097c-4edf-4e5a-b370-a2972e4322ef,cf2ed201-b3bf-45cc-ac38-011bd14d1c57,2026-03-27,出席,
fc090614-5e34-4daf-b367-62b79b3ecb57,cf2ed201-b3bf-45cc-ac38-011bd14d1c57,2026-03-27,出席,
2f2cbe75-b1a6-4235-b2f5-05fc3a752aa6,1aad19f0-38ce-4787-9fbf-fa92d4774e0f,2026-03-29,出席,
a644ff5a-3115-47f4-ade3-7a2fca30897e,1aad19f0-38ce-4787-9fbf-fa92d4774e0f,2026-03-29,出席,
0ae337c5-615d-476e-9cb9-1544bbb8c439,1aad19f0-38ce-4787-9fbf-fa92d4774e0f,2026-03-29,出席,
d86901d2-1e2e-46b6-9f09-6f770bc683cb,1aad19f0-38ce-4787-9fbf-fa92d4774e0f,2026-03-29,出席,
5174ab4c-3cf9-4640-97c8-78dd6f83c44e,730ca500-137f-4c89-86d1-c835bd0c0273,2026-03-29,出席,
813935d3-09f3-4f8c-b633-6a3be4692649,4f7902da-2259-40bf-af6a-87f3aaa40d68,2026-03-22,出席,
3bf0758e-7f75-403c-82eb-a995ef71f447,72f4a923-5ac0-4183-bb70-bc64349ff3af,2026-03-22,出席,
0390c81e-b8b3-4d1e-a0f0-b2cdaae2c6a9,5142c9f1-a369-4ed4-a1bf-042d0f49b65b,2026-03-22,出席,
2bf676ec-00e5-42b2-bd4f-26c93580c406,5142c9f1-a369-4ed4-a1bf-042d0f49b65b,2026-03-22,出席,
ce8c4982-bf08-4213-86f7-99292a8f70ff,f3f6f42a-90e4-4bf2-b92b-3f12416db9f3,2026-03-22,出席,
86d25c49-66d0-406b-a725-5b4973f21df3,210ee57a-12af-415e-8543-73862201a136,2026-03-30,出席,
058ed296-1bba-4bd0-8e6e-482d585fabdd,370475e2-9a1e-4778-84b1-d097b4133f93,2026-04-04,出席,[2526出席CSV] 教學紀錄: Joint us Set5 P1
058ed296-1bba-4bd0-8e6e-482d585fabdd,0ad6a2f9-a31f-4e3b-a04a-d23c3cd1e405,2026-04-04,出席,[2526出席CSV] 教學紀錄: Joint us Set5 P1
ce174b57-1108-453b-bc60-f397ea0aacab,51696dbe-1d38-4112-9859-29ecb25d5a6d,2026-04-01,出席,
f13c6165-aeeb-4791-ba10-a2de49b58f49,51696dbe-1d38-4112-9859-29ecb25d5a6d,2026-04-01,出席,
0ae337c5-615d-476e-9cb9-1544bbb8c439,51696dbe-1d38-4112-9859-29ecb25d5a6d,2026-04-01,出席,
b0107d72-413c-4e5b-94e0-0a4de1d14f6f,51696dbe-1d38-4112-9859-29ecb25d5a6d,2026-04-01,出席,
6febe4d0-557d-48a2-b283-07963139d5c3,51696dbe-1d38-4112-9859-29ecb25d5a6d,2026-04-01,出席,
174c983e-7ecf-432d-acc7-c60d0fa48623,e4aa21ce-1d5e-4e6a-b13a-6e274a27a1d2,2026-04-04,出席,[2526出席CSV] 教學紀錄: Joint us Set5 P1
223038a1-164b-482a-9408-1007dc373467,e4aa21ce-1d5e-4e6a-b13a-6e274a27a1d2,2026-04-04,出席,[2526出席CSV] 教學紀錄: Joint us Set5 P1
058ed296-1bba-4bd0-8e6e-482d585fabdd,529c3dc8-81dd-44e2-a849-061c93f73d0b,2026-04-05,出席,[2526出席CSV] 教學紀錄: cont Join us Set5 P1 finisihed
789a19a5-0423-4a3c-86a4-a080aae7b952,efba129c-bbfc-4ddf-ae87-7aea17ef4ac1,2026-04-05,出席,[2526出席CSV] 教學紀錄: cont join us set5 P1 A2+B+assign P2
b1d2933b-0459-4f85-9e0c-dd9eb0bc403a,43c054d8-e240-48f5-b386-c597ae30ca7d,2026-03-08,出席,
d8423166-450c-4632-a18f-1da678532886,43c054d8-e240-48f5-b386-c597ae30ca7d,2026-03-08,出席,
108c284f-4f70-4689-a6c3-4af894eb74b4,ca098a4d-5d95-4846-9598-d76f112dd6ea,2026-03-08,出席,
f93c9942-8f06-4354-9f95-30c01fd6b58d,ca098a4d-5d95-4846-9598-d76f112dd6ea,2026-03-08,出席,
b0107d72-413c-4e5b-94e0-0a4de1d14f6f,ca098a4d-5d95-4846-9598-d76f112dd6ea,2026-03-08,出席,
15b93f72-82ce-4fbe-920c-ca0c96931b6a,2e46f56e-0265-4fae-84ff-5679015d5dba,2026-03-08,出席,
b81410b2-eb80-4af4-8d00-528ce073d5bd,2e46f56e-0265-4fae-84ff-5679015d5dba,2026-03-08,出席,
0ae337c5-615d-476e-9cb9-1544bbb8c439,2e46f56e-0265-4fae-84ff-5679015d5dba,2026-03-08,出席,
d86901d2-1e2e-46b6-9f09-6f770bc683cb,2e46f56e-0265-4fae-84ff-5679015d5dba,2026-03-08,出席,
395e0b9d-acc1-4ef8-97ea-5c3ab4eb1ac8,2e46f56e-0265-4fae-84ff-5679015d5dba,2026-03-08,出席,
99d984ce-1e92-4741-9d2a-f6b588082de4,2e46f56e-0265-4fae-84ff-5679015d5dba,2026-03-08,出席,
879205e4-a499-445f-86ab-ff56f3569438,934f3f3a-5ba0-47a0-879a-3158e92416b8,2026-03-09,出席,
ce8c4982-bf08-4213-86f7-99292a8f70ff,934f3f3a-5ba0-47a0-879a-3158e92416b8,2026-03-09,出席,
d8423166-450c-4632-a18f-1da678532886,934f3f3a-5ba0-47a0-879a-3158e92416b8,2026-03-09,出席,
f7c8f44b-990d-4d06-b80b-3e050aec614c,7ad272a3-df88-42c9-bbac-0cbfdb4e9b60,2026-03-09,出席,
813935d3-09f3-4f8c-b633-6a3be4692649,e78ac7ea-67f8-4b15-86c4-445a29635b1f,2026-03-11,出席,
aeaa29b9-9ca0-43c5-954c-ee4757266a3c,e78ac7ea-67f8-4b15-86c4-445a29635b1f,2026-03-11,出席,
065d4b56-88e3-4063-91f1-4a4792add0c0,e78ac7ea-67f8-4b15-86c4-445a29635b1f,2026-03-11,出席,
915602a6-c807-465f-9d8f-f66f5f070ce9,9d18b4f6-a4f5-4029-abb0-5c8926e16d19,2026-03-11,出席,
f98aacc3-3dcb-477c-be80-50e4286a8c4a,9d18b4f6-a4f5-4029-abb0-5c8926e16d19,2026-03-11,出席,
a44e6718-427b-43d1-93de-1e34ba3c4535,9d18b4f6-a4f5-4029-abb0-5c8926e16d19,2026-03-11,出席,
4f9e4c16-0f95-4adf-b383-593811de4c13,9d18b4f6-a4f5-4029-abb0-5c8926e16d19,2026-03-11,出席,
f7c8f44b-990d-4d06-b80b-3e050aec614c,7ad272a3-df88-42c9-bbac-0cbfdb4e9b60,2026-03-13,出席,
96cd39e1-d5c1-4994-b5a9-58e9cddfe5bf,20f8b798-8513-4df7-85f4-bcc36d3e3169,2026-03-15,出席,
373884c8-2e56-4019-a8e7-a9d292fa870b,20f8b798-8513-4df7-85f4-bcc36d3e3169,2026-03-15,出席,
3e92f8a4-49ab-42e9-9687-e6735b26411e,20f8b798-8513-4df7-85f4-bcc36d3e3169,2026-03-15,出席,
029ff376-ea0b-466e-8d78-6b71a4ca6e0e,20f8b798-8513-4df7-85f4-bcc36d3e3169,2026-03-15,出席,
65443d7d-dd95-4dcf-8ab3-287e19edbf76,20f8b798-8513-4df7-85f4-bcc36d3e3169,2026-03-15,出席,
b1d2933b-0459-4f85-9e0c-dd9eb0bc403a,43c054d8-e240-48f5-b386-c597ae30ca7d,2026-03-15,出席,
d8423166-450c-4632-a18f-1da678532886,43c054d8-e240-48f5-b386-c597ae30ca7d,2026-03-15,出席,
108c284f-4f70-4689-a6c3-4af894eb74b4,ca098a4d-5d95-4846-9598-d76f112dd6ea,2026-03-15,出席,
c5ca6855-9331-4e61-af32-2d5dd9cd75cc,ca098a4d-5d95-4846-9598-d76f112dd6ea,2026-03-15,出席,
f93c9942-8f06-4354-9f95-30c01fd6b58d,ca098a4d-5d95-4846-9598-d76f112dd6ea,2026-03-15,出席,
b0107d72-413c-4e5b-94e0-0a4de1d14f6f,ca098a4d-5d95-4846-9598-d76f112dd6ea,2026-03-15,出席,
879205e4-a499-445f-86ab-ff56f3569438,934f3f3a-5ba0-47a0-879a-3158e92416b8,2026-03-30,出席,
d8423166-450c-4632-a18f-1da678532886,934f3f3a-5ba0-47a0-879a-3158e92416b8,2026-03-30,出席,
15b93f72-82ce-4fbe-920c-ca0c96931b6a,2e46f56e-0265-4fae-84ff-5679015d5dba,2026-03-15,出席,
b81410b2-eb80-4af4-8d00-528ce073d5bd,2e46f56e-0265-4fae-84ff-5679015d5dba,2026-03-15,出席,
0ae337c5-615d-476e-9cb9-1544bbb8c439,2e46f56e-0265-4fae-84ff-5679015d5dba,2026-03-15,出席,
d86901d2-1e2e-46b6-9f09-6f770bc683cb,2e46f56e-0265-4fae-84ff-5679015d5dba,2026-03-15,出席,
395e0b9d-acc1-4ef8-97ea-5c3ab4eb1ac8,2e46f56e-0265-4fae-84ff-5679015d5dba,2026-03-15,出席,
99d984ce-1e92-4741-9d2a-f6b588082de4,2e46f56e-0265-4fae-84ff-5679015d5dba,2026-03-15,出席,
879205e4-a499-445f-86ab-ff56f3569438,934f3f3a-5ba0-47a0-879a-3158e92416b8,2026-03-16,出席,
ce8c4982-bf08-4213-86f7-99292a8f70ff,934f3f3a-5ba0-47a0-879a-3158e92416b8,2026-03-16,出席,
d8423166-450c-4632-a18f-1da678532886,934f3f3a-5ba0-47a0-879a-3158e92416b8,2026-03-16,出席,
f7c8f44b-990d-4d06-b80b-3e050aec614c,7ad272a3-df88-42c9-bbac-0cbfdb4e9b60,2026-03-16,出席,
813935d3-09f3-4f8c-b633-6a3be4692649,e78ac7ea-67f8-4b15-86c4-445a29635b1f,2026-03-18,出席,
aeaa29b9-9ca0-43c5-954c-ee4757266a3c,e78ac7ea-67f8-4b15-86c4-445a29635b1f,2026-03-18,出席,
065d4b56-88e3-4063-91f1-4a4792add0c0,e78ac7ea-67f8-4b15-86c4-445a29635b1f,2026-03-18,出席,
915602a6-c807-465f-9d8f-f66f5f070ce9,9d18b4f6-a4f5-4029-abb0-5c8926e16d19,2026-03-18,出席,
f98aacc3-3dcb-477c-be80-50e4286a8c4a,9d18b4f6-a4f5-4029-abb0-5c8926e16d19,2026-03-18,出席,
a44e6718-427b-43d1-93de-1e34ba3c4535,9d18b4f6-a4f5-4029-abb0-5c8926e16d19,2026-03-18,出席,
4f9e4c16-0f95-4adf-b383-593811de4c13,9d18b4f6-a4f5-4029-abb0-5c8926e16d19,2026-03-18,出席,
f7c8f44b-990d-4d06-b80b-3e050aec614c,7ad272a3-df88-42c9-bbac-0cbfdb4e9b60,2026-03-20,出席,
96cd39e1-d5c1-4994-b5a9-58e9cddfe5bf,20f8b798-8513-4df7-85f4-bcc36d3e3169,2026-03-22,出席,
373884c8-2e56-4019-a8e7-a9d292fa870b,20f8b798-8513-4df7-85f4-bcc36d3e3169,2026-03-22,出席,
3e92f8a4-49ab-42e9-9687-e6735b26411e,20f8b798-8513-4df7-85f4-bcc36d3e3169,2026-03-22,出席,
029ff376-ea0b-466e-8d78-6b71a4ca6e0e,20f8b798-8513-4df7-85f4-bcc36d3e3169,2026-03-22,出席,
65443d7d-dd95-4dcf-8ab3-287e19edbf76,20f8b798-8513-4df7-85f4-bcc36d3e3169,2026-03-22,出席,
b1d2933b-0459-4f85-9e0c-dd9eb0bc403a,43c054d8-e240-48f5-b386-c597ae30ca7d,2026-03-22,出席,
d8423166-450c-4632-a18f-1da678532886,43c054d8-e240-48f5-b386-c597ae30ca7d,2026-03-22,出席,
108c284f-4f70-4689-a6c3-4af894eb74b4,ca098a4d-5d95-4846-9598-d76f112dd6ea,2026-03-22,出席,
c5ca6855-9331-4e61-af32-2d5dd9cd75cc,ca098a4d-5d95-4846-9598-d76f112dd6ea,2026-03-22,出席,
f93c9942-8f06-4354-9f95-30c01fd6b58d,ca098a4d-5d95-4846-9598-d76f112dd6ea,2026-03-22,出席,
b0107d72-413c-4e5b-94e0-0a4de1d14f6f,ca098a4d-5d95-4846-9598-d76f112dd6ea,2026-03-22,出席,
15b93f72-82ce-4fbe-920c-ca0c96931b6a,2e46f56e-0265-4fae-84ff-5679015d5dba,2026-03-22,出席,
b81410b2-eb80-4af4-8d00-528ce073d5bd,2e46f56e-0265-4fae-84ff-5679015d5dba,2026-03-22,出席,
0ae337c5-615d-476e-9cb9-1544bbb8c439,2e46f56e-0265-4fae-84ff-5679015d5dba,2026-03-22,出席,
d86901d2-1e2e-46b6-9f09-6f770bc683cb,2e46f56e-0265-4fae-84ff-5679015d5dba,2026-03-22,出席,
395e0b9d-acc1-4ef8-97ea-5c3ab4eb1ac8,2e46f56e-0265-4fae-84ff-5679015d5dba,2026-03-22,出席,
99d984ce-1e92-4741-9d2a-f6b588082de4,2e46f56e-0265-4fae-84ff-5679015d5dba,2026-03-22,出席,
ce8c4982-bf08-4213-86f7-99292a8f70ff,934f3f3a-5ba0-47a0-879a-3158e92416b8,2026-03-23,出席,
d8423166-450c-4632-a18f-1da678532886,934f3f3a-5ba0-47a0-879a-3158e92416b8,2026-03-23,出席,
f7c8f44b-990d-4d06-b80b-3e050aec614c,7ad272a3-df88-42c9-bbac-0cbfdb4e9b60,2026-03-23,出席,
813935d3-09f3-4f8c-b633-6a3be4692649,e78ac7ea-67f8-4b15-86c4-445a29635b1f,2026-03-25,出席,
aeaa29b9-9ca0-43c5-954c-ee4757266a3c,e78ac7ea-67f8-4b15-86c4-445a29635b1f,2026-03-25,出席,
065d4b56-88e3-4063-91f1-4a4792add0c0,e78ac7ea-67f8-4b15-86c4-445a29635b1f,2026-03-25,出席,
915602a6-c807-465f-9d8f-f66f5f070ce9,9d18b4f6-a4f5-4029-abb0-5c8926e16d19,2026-03-25,出席,
f98aacc3-3dcb-477c-be80-50e4286a8c4a,9d18b4f6-a4f5-4029-abb0-5c8926e16d19,2026-03-25,出席,
a44e6718-427b-43d1-93de-1e34ba3c4535,9d18b4f6-a4f5-4029-abb0-5c8926e16d19,2026-03-25,出席,
4f9e4c16-0f95-4adf-b383-593811de4c13,9d18b4f6-a4f5-4029-abb0-5c8926e16d19,2026-03-25,出席,
f7c8f44b-990d-4d06-b80b-3e050aec614c,7ad272a3-df88-42c9-bbac-0cbfdb4e9b60,2026-03-27,出席,
3e92f8a4-49ab-42e9-9687-e6735b26411e,20f8b798-8513-4df7-85f4-bcc36d3e3169,2026-03-29,出席,
029ff376-ea0b-466e-8d78-6b71a4ca6e0e,20f8b798-8513-4df7-85f4-bcc36d3e3169,2026-03-29,出席,
65443d7d-dd95-4dcf-8ab3-287e19edbf76,20f8b798-8513-4df7-85f4-bcc36d3e3169,2026-03-29,出席,
b1d2933b-0459-4f85-9e0c-dd9eb0bc403a,43c054d8-e240-48f5-b386-c597ae30ca7d,2026-03-29,出席,
d8423166-450c-4632-a18f-1da678532886,43c054d8-e240-48f5-b386-c597ae30ca7d,2026-03-29,出席,
108c284f-4f70-4689-a6c3-4af894eb74b4,ca098a4d-5d95-4846-9598-d76f112dd6ea,2026-03-29,出席,
c5ca6855-9331-4e61-af32-2d5dd9cd75cc,ca098a4d-5d95-4846-9598-d76f112dd6ea,2026-03-29,出席,
f93c9942-8f06-4354-9f95-30c01fd6b58d,ca098a4d-5d95-4846-9598-d76f112dd6ea,2026-03-29,出席,
b0107d72-413c-4e5b-94e0-0a4de1d14f6f,ca098a4d-5d95-4846-9598-d76f112dd6ea,2026-03-29,出席,
15b93f72-82ce-4fbe-920c-ca0c96931b6a,2e46f56e-0265-4fae-84ff-5679015d5dba,2026-03-29,出席,
b81410b2-eb80-4af4-8d00-528ce073d5bd,2e46f56e-0265-4fae-84ff-5679015d5dba,2026-03-29,出席,
d86901d2-1e2e-46b6-9f09-6f770bc683cb,2e46f56e-0265-4fae-84ff-5679015d5dba,2026-03-29,出席,
395e0b9d-acc1-4ef8-97ea-5c3ab4eb1ac8,2e46f56e-0265-4fae-84ff-5679015d5dba,2026-03-29,出席,
99d984ce-1e92-4741-9d2a-f6b588082de4,2e46f56e-0265-4fae-84ff-5679015d5dba,2026-03-29,出席,
223038a1-164b-482a-9408-1007dc373467,e4aa21ce-1d5e-4e6a-b13a-6e274a27a1d2,2026-04-06,出席,[2526出席CSV] 教學紀錄: Join Us Set 5 P2 Q1-30
174c983e-7ecf-432d-acc7-c60d0fa48623,e4aa21ce-1d5e-4e6a-b13a-6e274a27a1d2,2026-04-06,出席,[2526出席CSV] 教學紀錄: Join Us Set 5 P2 Q1-30
789a19a5-0423-4a3c-86a4-a080aae7b952,efba129c-bbfc-4ddf-ae87-7aea17ef4ac1,2026-04-06,出席,[2526出席CSV] 教學紀錄: Join Us Set 4 P2 1-45
b1d2933b-0459-4f85-9e0c-dd9eb0bc403a,21627141-68b0-4be0-a072-8cc7c4878654,2026-03-28,出席,
c6cdae79-baa1-425e-8345-976e45c84315,21627141-68b0-4be0-a072-8cc7c4878654,2026-03-28,出席,
17575f59-9a5a-4d56-8e46-b75c6c2ae37c,21627141-68b0-4be0-a072-8cc7c4878654,2026-03-28,出席,
2f2cbe75-b1a6-4235-b2f5-05fc3a752aa6,36de22e8-74e0-41e0-af01-a6cfaf72651f,2026-03-28,出席,
5707f4fb-4f63-4098-86d8-8682033e5859,36de22e8-74e0-41e0-af01-a6cfaf72651f,2026-03-28,出席,
1a034fbe-7be1-4a3a-954a-0e6e371cd52f,6e0c9d6f-029a-4966-9612-6a580ba54aeb,2026-03-28,出席,
879205e4-a499-445f-86ab-ff56f3569438,6e0c9d6f-029a-4966-9612-6a580ba54aeb,2026-03-28,出席,
20361dec-731e-4c2f-bf0b-0b8f474361ff,eb9d88d8-cb5c-4ea5-aae2-ada9dd4a99ba,2026-03-28,出席,
813935d3-09f3-4f8c-b633-6a3be4692649,eb9d88d8-cb5c-4ea5-aae2-ada9dd4a99ba,2026-03-28,出席,
aeaa29b9-9ca0-43c5-954c-ee4757266a3c,eb9d88d8-cb5c-4ea5-aae2-ada9dd4a99ba,2026-03-28,出席,
058ed296-1bba-4bd0-8e6e-482d585fabdd,156e4f4b-99d6-41ea-b6c6-b17eb7d97bd5,2026-04-07,出席,[2526出席CSV] 教學紀錄: 禮賢會24-25 Mock P2 finished
058ed296-1bba-4bd0-8e6e-482d585fabdd,dbdc70bd-3489-45f5-bb5c-618c378bfec4,2026-04-04,出席,
058ed296-1bba-4bd0-8e6e-482d585fabdd,6945a843-c440-44e5-a5c7-9fa0435ab410,2026-04-05,出席,
058ed296-1bba-4bd0-8e6e-482d585fabdd,f3f6f42a-90e4-4bf2-b92b-3f12416db9f3,2026-04-05,出席,
058ed296-1bba-4bd0-8e6e-482d585fabdd,7ad272a3-df88-42c9-bbac-0cbfdb4e9b60,2026-04-06,出席,
058ed296-1bba-4bd0-8e6e-482d585fabdd,4669cf9a-0d02-450a-a0be-3b8907764d56,2026-04-06,出席,
058ed296-1bba-4bd0-8e6e-482d585fabdd,b636d4f0-c3f7-4d12-b2cc-f432ee520251,2026-04-07,出席,
058ed296-1bba-4bd0-8e6e-482d585fabdd,51696dbe-1d38-4112-9859-29ecb25d5a6d,2026-04-08,出席,
d199899c-a7a1-4ee7-a4b8-7138f702a1b2,934f3f3a-5ba0-47a0-879a-3158e92416b8,2026-03-23,出席,
058ed296-1bba-4bd0-8e6e-482d585fabdd,e78ac7ea-67f8-4b15-86c4-445a29635b1f,2026-04-08,出席,
f13c6165-aeeb-4791-ba10-a2de49b58f49,51696dbe-1d38-4112-9859-29ecb25d5a6d,2026-04-08,出席,
b0107d72-413c-4e5b-94e0-0a4de1d14f6f,51696dbe-1d38-4112-9859-29ecb25d5a6d,2026-04-08,出席,
6febe4d0-557d-48a2-b283-07963139d5c3,51696dbe-1d38-4112-9859-29ecb25d5a6d,2026-04-08,出席,
915602a6-c807-465f-9d8f-f66f5f070ce9,68e5db0d-0d0d-4b30-8b5c-24f9b3f56f73,2026-04-04,出席,
154bec19-0f58-47ee-9a40-1d33ff0e0f2a,68e5db0d-0d0d-4b30-8b5c-24f9b3f56f73,2026-04-04,出席,
f98aacc3-3dcb-477c-be80-50e4286a8c4a,68e5db0d-0d0d-4b30-8b5c-24f9b3f56f73,2026-04-04,出席,
7ae2fc5c-ab2b-4dc5-80ad-328c43d53619,68e5db0d-0d0d-4b30-8b5c-24f9b3f56f73,2026-04-04,出席,
411f1dad-c0d2-4205-b84e-3f342ee5c54c,68e5db0d-0d0d-4b30-8b5c-24f9b3f56f73,2026-04-04,出席,
058ed296-1bba-4bd0-8e6e-482d585fabdd,1a00cbaf-079f-56f5-a8ec-c706ea085bd5,2026-04-09,出席,
c6cdae79-baa1-425e-8345-976e45c84315,717fc491-c5c3-4e59-a48a-ecaf23d168b5,2026-04-09,出席,[2526出席CSV] 教學紀錄: revised trigo ratio ws unfinished
86d25c49-66d0-406b-a725-5b4973f21df3,717fc491-c5c3-4e59-a48a-ecaf23d168b5,2026-04-09,出席,[2526出席CSV] 教學紀錄: revised trigo ratio ws unfinished
17575f59-9a5a-4d56-8e46-b75c6c2ae37c,717fc491-c5c3-4e59-a48a-ecaf23d168b5,2026-04-09,出席,[2526出席CSV] 教學紀錄: revised trigo ratio ws unfinished
0390c81e-b8b3-4d1e-a0f0-b2cdaae2c6a9,717fc491-c5c3-4e59-a48a-ecaf23d168b5,2026-04-09,出席,[2526出席CSV] 教學紀錄: revised trigo ratio ws unfinished
9587f3e7-7016-49a3-841c-cf384c884c30,717fc491-c5c3-4e59-a48a-ecaf23d168b5,2026-04-09,出席,[2526出席CSV] 教學紀錄: revised trigo ratio ws unfinished
a09da146-6195-4d68-a1f8-22a8202a1f3d,1c46b037-f332-4eb0-9540-5f04a052570b,2026-04-09,出席,[2526出席CSV] 教學紀錄: revised more about trigo ws
550ef8fa-8579-42a7-904c-e634a697ae5c,e4aa21ce-1d5e-4e6a-b13a-6e274a27a1d2,2026-04-11,出席,
025a1e5d-1af3-4ca9-bb2e-42e636b03ffb,0ad6a2f9-a31f-4e3b-a04a-d23c3cd1e405,2026-04-11,出席,
5214a841-39c8-4805-8720-c20a7f202d98,e45bc7fb-1ce4-4f71-b50b-601791a48a9a,2026-04-11,出席,
4ddd2ba1-1d17-46e8-b9c3-11c38a584254,e45bc7fb-1ce4-4f71-b50b-601791a48a9a,2026-04-11,出席,
223038a1-164b-482a-9408-1007dc373467,e4aa21ce-1d5e-4e6a-b13a-6e274a27a1d2,2026-04-11,出席,[2526出席CSV] 教學紀錄: Joint us Set4 p1 Q1-9
174c983e-7ecf-432d-acc7-c60d0fa48623,e4aa21ce-1d5e-4e6a-b13a-6e274a27a1d2,2026-04-11,出席,[2526出席CSV] 教學紀錄: Joint us Set4 p1 Q1-9
813935d3-09f3-4f8c-b633-6a3be4692649,167607d0-b816-4485-9030-ff617f8b4382,2026-04-11,出席,[2526出席CSV] 教學紀錄: revised dispersion mindmap with ws
c5ca6855-9331-4e61-af32-2d5dd9cd75cc,167607d0-b816-4485-9030-ff617f8b4382,2026-04-11,出席,[2526出席CSV] 教學紀錄: revised dispersion mindmap with ws
aeaa29b9-9ca0-43c5-954c-ee4757266a3c,167607d0-b816-4485-9030-ff617f8b4382,2026-04-11,出席,[2526出席CSV] 教學紀錄: revised dispersion mindmap with ws
f93c9942-8f06-4354-9f95-30c01fd6b58d,167607d0-b816-4485-9030-ff617f8b4382,2026-04-11,出席,[2526出席CSV] 教學紀錄: revised dispersion mindmap with ws
3f44050b-d295-4ed4-ae90-6f58eafdcccd,167607d0-b816-4485-9030-ff617f8b4382,2026-04-11,出席,[2526出席CSV] 教學紀錄: revised dispersion mindmap with ws
b0107d72-413c-4e5b-94e0-0a4de1d14f6f,167607d0-b816-4485-9030-ff617f8b4382,2026-04-11,出席,[2526出席CSV] 教學紀錄: revised dispersion mindmap with ws
6febe4d0-557d-48a2-b283-07963139d5c3,167607d0-b816-4485-9030-ff617f8b4382,2026-04-11,出席,[2526出席CSV] 教學紀錄: revised dispersion mindmap with ws
20361dec-731e-4c2f-bf0b-0b8f474361ff,167607d0-b816-4485-9030-ff617f8b4382,2026-04-11,出席,[2526出席CSV] 教學紀錄: revised dispersion mindmap with ws
b173bc1e-153d-4ef7-9ed6-a36be060319c,94194de7-9fd3-4c44-9b29-0030c7616f08,2026-04-11,出席,[2526出席CSV] 教學紀錄: revised more about trigo
96cd39e1-d5c1-4994-b5a9-58e9cddfe5bf,94194de7-9fd3-4c44-9b29-0030c7616f08,2026-04-11,出席,[2526出席CSV] 教學紀錄: revised more about trigo
3e92f8a4-49ab-42e9-9687-e6735b26411e,94194de7-9fd3-4c44-9b29-0030c7616f08,2026-04-11,出席,[2526出席CSV] 教學紀錄: revised more about trigo
40740569-ed26-4b9c-9bca-1afb6eb920ab,94194de7-9fd3-4c44-9b29-0030c7616f08,2026-04-11,出席,[2526出席CSV] 教學紀錄: revised more about trigo
5cad8567-6932-437f-8488-65af68420a02,94194de7-9fd3-4c44-9b29-0030c7616f08,2026-04-11,出席,[2526出席CSV] 教學紀錄: revised more about trigo
db2d4d1b-7b41-461f-bd22-8b86e0e27014,94194de7-9fd3-4c44-9b29-0030c7616f08,2026-04-11,出席,[2526出席CSV] 教學紀錄: revised more about trigo
8fd4f614-b322-4785-967c-daa035605150,370475e2-9a1e-4778-84b1-d097b4133f93,2026-04-11,出席,
ba7d09f2-5167-4418-b5ad-a83d20c67c63,529c3dc8-81dd-44e2-a849-061c93f73d0b,2026-04-12,出席,
02bb5dac-c1fd-43a6-aa6b-0544929c0672,529c3dc8-81dd-44e2-a849-061c93f73d0b,2026-04-12,出席,
754fdd71-0513-4200-a1f4-b5051fb183c6,529c3dc8-81dd-44e2-a849-061c93f73d0b,2026-04-12,出席,
bdf4ef17-29f2-4d92-8ea9-ab06b9e47f1d,910c4b0e-0bfd-420f-a51c-523efa2d6c6a,2026-04-09,出席,
f11cc305-e7d8-4296-a524-421d7d53212f,910c4b0e-0bfd-420f-a51c-523efa2d6c6a,2026-04-09,出席,
7a68bb12-3c7e-4a6e-918d-99caa4f3427a,529c3dc8-81dd-44e2-a849-061c93f73d0b,2026-04-12,出席,
0b656f33-268d-4d21-a49f-a37818134fa2,529c3dc8-81dd-44e2-a849-061c93f73d0b,2026-04-12,出席,
bb8803c5-0b02-47ee-afc6-af3d0240705c,529c3dc8-81dd-44e2-a849-061c93f73d0b,2026-04-12,出席,
f9d50fe3-6546-46ff-9f67-630bfda1d63f,529c3dc8-81dd-44e2-a849-061c93f73d0b,2026-04-12,出席,
0d708d45-f2c3-4edc-bf6e-f11f4f37abc0,4b932585-aee6-4d85-8d4f-53045a4ffdb5,2026-04-10,出席,
db303f37-2f92-4c35-8a7d-dd8773d1507a,4b932585-aee6-4d85-8d4f-53045a4ffdb5,2026-04-10,出席,
fa7e5572-9889-486d-9ea6-29d17ce33e4f,cf2ed201-b3bf-45cc-ac38-011bd14d1c57,2026-04-10,出席,
b09a62d4-58b0-4ba8-a413-6263a03eec8c,cf2ed201-b3bf-45cc-ac38-011bd14d1c57,2026-04-10,出席,
8b67097c-4edf-4e5a-b370-a2972e4322ef,cf2ed201-b3bf-45cc-ac38-011bd14d1c57,2026-04-10,出席,
fc090614-5e34-4daf-b367-62b79b3ecb57,cf2ed201-b3bf-45cc-ac38-011bd14d1c57,2026-04-10,出席,
2f2cbe75-b1a6-4235-b2f5-05fc3a752aa6,1aad19f0-38ce-4787-9fbf-fa92d4774e0f,2026-04-12,出席,
0ae337c5-615d-476e-9cb9-1544bbb8c439,1aad19f0-38ce-4787-9fbf-fa92d4774e0f,2026-04-12,出席,
d86901d2-1e2e-46b6-9f09-6f770bc683cb,1aad19f0-38ce-4787-9fbf-fa92d4774e0f,2026-04-12,出席,
5174ab4c-3cf9-4640-97c8-78dd6f83c44e,730ca500-137f-4c89-86d1-c835bd0c0273,2026-04-12,出席,
754fdd71-0513-4200-a1f4-b5051fb183c6,d3bbaf3f-9465-443a-8507-19456e2e86c0,2026-04-11,出席,
521bdfcb-74ff-4166-9e6f-5721ac1650f4,d3bbaf3f-9465-443a-8507-19456e2e86c0,2026-04-11,出席,
f9d50fe3-6546-46ff-9f67-630bfda1d63f,d3bbaf3f-9465-443a-8507-19456e2e86c0,2026-04-11,出席,
c73ff545-d4b8-4b06-9972-a076406b406a,ccb0e36e-a62e-405b-ad5d-5d227e49e63e,2026-04-12,出席,
6febe4d0-557d-48a2-b283-07963139d5c3,6945a843-c440-44e5-a5c7-9fa0435ab410,2026-04-12,出席,
e850f4ce-0e20-4280-9d14-b5f85b39dcdc,5142c9f1-a369-4ed4-a1bf-042d0f49b65b,2026-04-12,出席,
813935d3-09f3-4f8c-b633-6a3be4692649,5142c9f1-a369-4ed4-a1bf-042d0f49b65b,2026-04-12,出席,
6febe4d0-557d-48a2-b283-07963139d5c3,5142c9f1-a369-4ed4-a1bf-042d0f49b65b,2026-04-12,出席,
3a22fc95-e268-4a8c-abbb-4bd43ac9194d,717fc491-c5c3-4e59-a48a-ecaf23d168b5,2026-04-14,出席,
667ead37-34fc-4be7-bf70-fd4eda66ca8d,717fc491-c5c3-4e59-a48a-ecaf23d168b5,2026-04-14,出席,
3a22fc95-e268-4a8c-abbb-4bd43ac9194d,717fc491-c5c3-4e59-a48a-ecaf23d168b5,2026-04-07,出席,
667ead37-34fc-4be7-bf70-fd4eda66ca8d,717fc491-c5c3-4e59-a48a-ecaf23d168b5,2026-04-07,出席,
3a22fc95-e268-4a8c-abbb-4bd43ac9194d,807945d5-5ceb-4343-a937-48c34478341a,2026-04-15,出席,
667ead37-34fc-4be7-bf70-fd4eda66ca8d,807945d5-5ceb-4343-a937-48c34478341a,2026-04-15,出席,
154bec19-0f58-47ee-9a40-1d33ff0e0f2a,370475e2-9a1e-4778-84b1-d097b4133f93,2026-04-11,出席,[2526出席CSV] 教學紀錄: Set4 P2
a44e6718-427b-43d1-93de-1e34ba3c4535,370475e2-9a1e-4778-84b1-d097b4133f93,2026-04-11,出席,[2526出席CSV] 教學紀錄: Set4 P2
395e0b9d-acc1-4ef8-97ea-5c3ab4eb1ac8,370475e2-9a1e-4778-84b1-d097b4133f93,2026-04-11,出席,[2526出席CSV] 教學紀錄: Set4 P2
789a19a5-0423-4a3c-86a4-a080aae7b952,efba129c-bbfc-4ddf-ae87-7aea17ef4ac1,2026-04-11,出席,[2526出席CSV] 教學紀錄: LKS 25-26 Mock P2
223038a1-164b-482a-9408-1007dc373467,529c3dc8-81dd-44e2-a849-061c93f73d0b,2026-04-12,出席,[2526出席CSV] 教學紀錄: Tanghin 25-26 Mock P1 A1
174c983e-7ecf-432d-acc7-c60d0fa48623,529c3dc8-81dd-44e2-a849-061c93f73d0b,2026-04-12,出席,[2526出席CSV] 教學紀錄: Tanghin 25-26 Mock P1 A1
789a19a5-0423-4a3c-86a4-a080aae7b952,efba129c-bbfc-4ddf-ae87-7aea17ef4ac1,2026-04-12,出席,
c6cdae79-baa1-425e-8345-976e45c84315,717fc491-c5c3-4e59-a48a-ecaf23d168b5,2026-04-16,出席,[2526出席CSV] 教學紀錄: Exam11 10-11 almost finished
86d25c49-66d0-406b-a725-5b4973f21df3,717fc491-c5c3-4e59-a48a-ecaf23d168b5,2026-04-16,出席,[2526出席CSV] 教學紀錄: Exam11 10-11 almost finished
17575f59-9a5a-4d56-8e46-b75c6c2ae37c,717fc491-c5c3-4e59-a48a-ecaf23d168b5,2026-04-16,出席,[2526出席CSV] 教學紀錄: Exam11 10-11 almost finished
0390c81e-b8b3-4d1e-a0f0-b2cdaae2c6a9,717fc491-c5c3-4e59-a48a-ecaf23d168b5,2026-04-16,出席,[2526出席CSV] 教學紀錄: Exam11 10-11 almost finished
9587f3e7-7016-49a3-841c-cf384c884c30,717fc491-c5c3-4e59-a48a-ecaf23d168b5,2026-04-16,出席,[2526出席CSV] 教學紀錄: Exam11 10-11 almost finished
3e419707-1d86-4a23-b369-46e34f95957f,1c46b037-f332-4eb0-9540-5f04a052570b,2026-04-16,出席,"[2526出席CSV] 教學紀錄: assign application of trigo | 請堂或補堂紀錄（老師填寫）: 林曉柔調25/4 Natalie, 莫凱晴調18/4 Natalie"
46751600-8619-4cbd-a752-13b9b81f1984,68e5db0d-0d0d-4b30-8b5c-24f9b3f56f73,2026-04-11,出席,
63bbd1bc-5be3-4535-b317-b27c183d649f,68e5db0d-0d0d-4b30-8b5c-24f9b3f56f73,2026-04-11,出席,
96136915-084f-427b-9937-7beb74bf35f4,68e5db0d-0d0d-4b30-8b5c-24f9b3f56f73,2026-04-11,出席,
314253d9-0110-4705-8b07-71caf08c7a53,68e5db0d-0d0d-4b30-8b5c-24f9b3f56f73,2026-04-11,出席,
f13c6165-aeeb-4791-ba10-a2de49b58f49,51696dbe-1d38-4112-9859-29ecb25d5a6d,2026-04-15,出席,
b0107d72-413c-4e5b-94e0-0a4de1d14f6f,51696dbe-1d38-4112-9859-29ecb25d5a6d,2026-04-15,出席,
6febe4d0-557d-48a2-b283-07963139d5c3,51696dbe-1d38-4112-9859-29ecb25d5a6d,2026-04-15,出席,
550ef8fa-8579-42a7-904c-e634a697ae5c,e4aa21ce-1d5e-4e6a-b13a-6e274a27a1d2,2026-04-18,出席,
28396f5a-c066-43bf-bcc6-cfd4fee72e92,e4aa21ce-1d5e-4e6a-b13a-6e274a27a1d2,2026-04-18,出席,
28396f5a-c066-43bf-bcc6-cfd4fee72e92,e45bc7fb-1ce4-4f71-b50b-601791a48a9a,2026-04-18,出席,
5214a841-39c8-4805-8720-c20a7f202d98,e45bc7fb-1ce4-4f71-b50b-601791a48a9a,2026-04-18,出席,
4ddd2ba1-1d17-46e8-b9c3-11c38a584254,e45bc7fb-1ce4-4f71-b50b-601791a48a9a,2026-04-18,出席,
ce8c4982-bf08-4213-86f7-99292a8f70ff,e45bc7fb-1ce4-4f71-b50b-601791a48a9a,2026-04-18,出席,
86d25c49-66d0-406b-a725-5b4973f21df3,210ee57a-12af-415e-8543-73862201a136,2026-04-13,出席,
d0490601-ab06-4b2f-b3e3-6e06007665c9,acc8f2a0-e390-4569-bd1c-494cc176fb84,2026-04-11,出席,
d0490601-ab06-4b2f-b3e3-6e06007665c9,acc8f2a0-e390-4569-bd1c-494cc176fb84,2026-04-18,出席,
025a1e5d-1af3-4ca9-bb2e-42e636b03ffb,0ad6a2f9-a31f-4e3b-a04a-d23c3cd1e405,2026-04-18,出席,
1ceb6453-02b0-4104-a9f0-8b6cabe31206,0ad6a2f9-a31f-4e3b-a04a-d23c3cd1e405,2026-04-18,出席,
a09da146-6195-4d68-a1f8-22a8202a1f3d,1c46b037-f332-4eb0-9540-5f04a052570b,2026-04-18,出席,[2526出席CSV] 教學紀錄: 開新課Variation up to Q21
6febe4d0-557d-48a2-b283-07963139d5c3,0fc0070f-98b1-49af-869d-4a5ce0776428,2026-04-17,出席,[2526出席CSV] 教學紀錄: Revised 2D ws | 請堂或補堂紀錄（老師填寫）: 蘇子航video
20361dec-731e-4c2f-bf0b-0b8f474361ff,0fc0070f-98b1-49af-869d-4a5ce0776428,2026-04-17,出席,[2526出席CSV] 教學紀錄: Revised 2D ws | 請堂或補堂紀錄（老師填寫）: 蘇子航video
813935d3-09f3-4f8c-b633-6a3be4692649,167607d0-b816-4485-9030-ff617f8b4382,2026-04-18,出席,[2526出席CSV] 教學紀錄: Revised 2D ws finished + DSE 題目
c5ca6855-9331-4e61-af32-2d5dd9cd75cc,167607d0-b816-4485-9030-ff617f8b4382,2026-04-18,出席,[2526出席CSV] 教學紀錄: Revised 2D ws finished + DSE 題目
aeaa29b9-9ca0-43c5-954c-ee4757266a3c,167607d0-b816-4485-9030-ff617f8b4382,2026-04-18,出席,[2526出席CSV] 教學紀錄: Revised 2D ws finished + DSE 題目
f93c9942-8f06-4354-9f95-30c01fd6b58d,167607d0-b816-4485-9030-ff617f8b4382,2026-04-18,出席,[2526出席CSV] 教學紀錄: Revised 2D ws finished + DSE 題目
3f44050b-d295-4ed4-ae90-6f58eafdcccd,167607d0-b816-4485-9030-ff617f8b4382,2026-04-18,出席,[2526出席CSV] 教學紀錄: Revised 2D ws finished + DSE 題目
b0107d72-413c-4e5b-94e0-0a4de1d14f6f,167607d0-b816-4485-9030-ff617f8b4382,2026-04-18,出席,[2526出席CSV] 教學紀錄: Revised 2D ws finished + DSE 題目
b173bc1e-153d-4ef7-9ed6-a36be060319c,94194de7-9fd3-4c44-9b29-0030c7616f08,2026-04-18,出席,[2526出席CSV] 教學紀錄: 開新課Variation up to Q21
96cd39e1-d5c1-4994-b5a9-58e9cddfe5bf,94194de7-9fd3-4c44-9b29-0030c7616f08,2026-04-18,出席,[2526出席CSV] 教學紀錄: 開新課Variation up to Q21
3e92f8a4-49ab-42e9-9687-e6735b26411e,94194de7-9fd3-4c44-9b29-0030c7616f08,2026-04-18,出席,[2526出席CSV] 教學紀錄: 開新課Variation up to Q21
40740569-ed26-4b9c-9bca-1afb6eb920ab,94194de7-9fd3-4c44-9b29-0030c7616f08,2026-04-18,出席,[2526出席CSV] 教學紀錄: 開新課Variation up to Q21
5cad8567-6932-437f-8488-65af68420a02,94194de7-9fd3-4c44-9b29-0030c7616f08,2026-04-18,出席,[2526出席CSV] 教學紀錄: 開新課Variation up to Q21
ba7d09f2-5167-4418-b5ad-a83d20c67c63,529c3dc8-81dd-44e2-a849-061c93f73d0b,2026-04-19,出席,
02bb5dac-c1fd-43a6-aa6b-0544929c0672,529c3dc8-81dd-44e2-a849-061c93f73d0b,2026-04-19,出席,
8fd4f614-b322-4785-967c-daa035605150,529c3dc8-81dd-44e2-a849-061c93f73d0b,2026-04-19,出席,
754fdd71-0513-4200-a1f4-b5051fb183c6,529c3dc8-81dd-44e2-a849-061c93f73d0b,2026-04-19,出席,
7a68bb12-3c7e-4a6e-918d-99caa4f3427a,529c3dc8-81dd-44e2-a849-061c93f73d0b,2026-04-19,出席,
0b656f33-268d-4d21-a49f-a37818134fa2,529c3dc8-81dd-44e2-a849-061c93f73d0b,2026-04-19,出席,
bb8803c5-0b02-47ee-afc6-af3d0240705c,529c3dc8-81dd-44e2-a849-061c93f73d0b,2026-04-19,出席,
f9d50fe3-6546-46ff-9f67-630bfda1d63f,529c3dc8-81dd-44e2-a849-061c93f73d0b,2026-04-19,出席,
95574867-771a-4264-a7b3-d58a31247b08,6ee1adfc-32ce-4d14-80e8-71421fbc1692,2026-04-19,出席,
065d4b56-88e3-4063-91f1-4a4792add0c0,93560085-b304-4169-b604-0cc96af25cc8,2026-04-10,出席,
065d4b56-88e3-4063-91f1-4a4792add0c0,93560085-b304-4169-b604-0cc96af25cc8,2026-04-17,出席,
f93c9942-8f06-4354-9f95-30c01fd6b58d,aaa3f0f8-bb13-4442-8e4f-27a4327f9f75,2026-04-19,出席,
2d75a8f3-7d21-49e3-985c-6b7defb351fc,aaa3f0f8-bb13-4442-8e4f-27a4327f9f75,2026-04-19,出席,
5174ab4c-3cf9-4640-97c8-78dd6f83c44e,aaa3f0f8-bb13-4442-8e4f-27a4327f9f75,2026-04-19,出席,
c5ca6855-9331-4e61-af32-2d5dd9cd75cc,aaa3f0f8-bb13-4442-8e4f-27a4327f9f75,2026-04-19,出席,
c73ff545-d4b8-4b06-9972-a076406b406a,ccb0e36e-a62e-405b-ad5d-5d227e49e63e,2026-04-19,出席,
6febe4d0-557d-48a2-b283-07963139d5c3,6945a843-c440-44e5-a5c7-9fa0435ab410,2026-04-19,出席,
e850f4ce-0e20-4280-9d14-b5f85b39dcdc,5142c9f1-a369-4ed4-a1bf-042d0f49b65b,2026-04-19,出席,
813935d3-09f3-4f8c-b633-6a3be4692649,5142c9f1-a369-4ed4-a1bf-042d0f49b65b,2026-04-19,出席,
6febe4d0-557d-48a2-b283-07963139d5c3,5142c9f1-a369-4ed4-a1bf-042d0f49b65b,2026-04-19,出席,
813935d3-09f3-4f8c-b633-6a3be4692649,8e8dfabf-f571-4230-987a-53e717e9614a,2026-04-19,出席,
dde027ee-458a-48b6-88d9-f1ec6d819698,8e8dfabf-f571-4230-987a-53e717e9614a,2026-04-19,出席,
154bec19-0f58-47ee-9a40-1d33ff0e0f2a,1c610853-1733-40ad-90ed-5085baaea561,2026-04-19,出席,
05fbd9a6-0a16-48b0-81d1-df45293e23ec,1c610853-1733-40ad-90ed-5085baaea561,2026-04-19,出席,
1a034fbe-7be1-4a3a-954a-0e6e371cd52f,f3f6f42a-90e4-4bf2-b92b-3f12416db9f3,2026-04-19,出席,
c6cdae79-baa1-425e-8345-976e45c84315,717fc491-c5c3-4e59-a48a-ecaf23d168b5,2026-04-23,出席,[2526出席CSV] 教學紀錄: congurance test + exam practice
86d25c49-66d0-406b-a725-5b4973f21df3,717fc491-c5c3-4e59-a48a-ecaf23d168b5,2026-04-23,出席,[2526出席CSV] 教學紀錄: congurance test + exam practice
17575f59-9a5a-4d56-8e46-b75c6c2ae37c,717fc491-c5c3-4e59-a48a-ecaf23d168b5,2026-04-23,出席,[2526出席CSV] 教學紀錄: congurance test + exam practice
0390c81e-b8b3-4d1e-a0f0-b2cdaae2c6a9,717fc491-c5c3-4e59-a48a-ecaf23d168b5,2026-04-23,出席,[2526出席CSV] 教學紀錄: congurance test + exam practice
9587f3e7-7016-49a3-841c-cf384c884c30,717fc491-c5c3-4e59-a48a-ecaf23d168b5,2026-04-23,出席,[2526出席CSV] 教學紀錄: congurance test + exam practice
95574867-771a-4264-a7b3-d58a31247b08,6ee1adfc-32ce-4d14-80e8-71421fbc1692,2026-04-23,出席,
